
> test:bitcore-lib
> cd ./packages/bitcore-lib && npm run test


> @bitpay-labs/bitcore-lib@11.10.4 test
> gulp test

[14:22:02] Using gulpfile ~/dev/bitcore/packages/bitcore-lib/gulpfile.js
[14:22:02] Starting 'test'...


  Address
    ✔ can't build without data
    ✔ should throw an error because of bad network param
    ✔ should throw an error because of bad type param
    ✔ throws an error if it couldn't instantiate
    ✔ can roundtrip from/to a object
    ✔ will use the default network for an object
    bitcoind compliance
      ✔ should describe address 1AGNa15ZQXAZUgFiqJ2i7Z2DPU2J6hW62i as valid
      ✔ should describe address 3CMNFxN1oHBc4R1EpboAL5yzHGgE611Xou as valid
      ✔ should describe address mo9ncXisMeAoXwqcV5EWuyncbmCcQN4rVs as valid
      ✔ should describe address 2N2JD6wb56AfK4tfmM6PwdVmoYk2dCKf4Br as valid
      ✔ should describe address 1Ax4gZtb7gAit2TivwejZHYtNNLT18PUXJ as valid
      ✔ should describe address 3QjYXhTkvuj8qPaXHTTWb5wjXhdsLAAWVy as valid
      ✔ should describe address n3ZddxzLvAY9o7184TB4c6FJasAybsw4HZ as valid
      ✔ should describe address 2NBFNJTktNa7GZusGbDbGKRZTxdK9VVez3n as valid
      ✔ should describe address 1C5bSj1iEGUgSTbziymG7Cn18ENQuT36vv as valid
      ✔ should describe address 3AnNxabYGoTxYiTEZwFEnerUoeFXK2Zoks as valid
      ✔ should describe address n3LnJXCqbPjghuVs8ph9CYsAe4Sh4j97wk as valid
      ✔ should describe address 2NB72XtkjpnATMggui83aEtPawyyKvnbX2o as valid
      ✔ should describe address 1Gqk4Tv79P91Cc1STQtU3s1W6277M2CVWu as valid
      ✔ should describe address 33vt8ViH5jsr115AGkW6cEmEz9MpvJSwDk as valid
      ✔ should describe address mhaMcBxNh5cqXm4aTQ6EcVbKtfL6LGyK2H as valid
      ✔ should describe address 2MxgPqX1iThW3oZVk9KoFcE5M4JpiETssVN as valid
      ✔ should describe address 1JwMWBVLtiqtscbaRHai4pqHokhFCbtoB4 as valid
      ✔ should describe address 3QCzvfL4ZRvmJFiWWBVwxfdaNBT8EtxB5y as valid
      ✔ should describe address mizXiucXRCsEriQCHUkCqef9ph9qtPbZZ6 as valid
      ✔ should describe address 2NEWDzHWwY5ZZp8CQWbB7ouNMLqCia6YRda as valid
      ✔ should describe address 19dcawoKcZdQz365WpXWMhX6QCUpR9SY4r as valid
      ✔ should describe address 37Sp6Rv3y4kVd1nQ1JV5pfqXccHNyZm1x3 as valid
      ✔ should describe address myoqcgYiehufrsnnkqdqbp69dddVDMopJu as valid
      ✔ should describe address 2N7FuwuUuoTBrDFdrAZ9KxBmtqMLxce9i1C as valid
      ✔ should describe address 13p1ijLwsnrcuyqcTvJXkq2ASdXqcnEBLE as valid
      ✔ should describe address 3ALJH9Y951VCGcVZYAdpA3KchoP9McEj1G as valid
      ✔ should describe input ... as invalid
      ✔ should describe input x... as invalid
      ✔ should describe input 37qgekLpCC... as invalid
      ✔ should describe input dzb7VV1Ui5... as invalid
      ✔ should describe input MuNu7ZAEDF... as invalid
      ✔ should describe input rPpQpYknyN... as invalid
      ✔ should describe input 4Uc3FmN6NQ... as invalid
      ✔ should describe input 7aQgR5DFQ2... as invalid
      ✔ should describe input 17QpPprjeg... as invalid
      ✔ should describe input KxuACDviz8... as invalid
      ✔ should describe input 7nK3GSmqdX... as invalid
      ✔ should describe input cTivdBmq7b... as invalid
      ✔ should describe input gjMV4vjNjy... as invalid
      ✔ should describe input emXm1naBMo... as invalid
      ✔ should describe input 7VThQnNRj1... as invalid
      ✔ should describe input 1G9u6oCVCP... as invalid
      ✔ should describe input 31QQ7ZMLkS... as invalid
      ✔ should describe input DHqKSnpxa8... as invalid
      ✔ should describe input 2LUHcJPbwL... as invalid
      ✔ should describe input 7USRzBXAnm... as invalid
      ✔ should describe input 1DGezo7BfV... as invalid
      ✔ should describe input 2D12DqDZKw... as invalid
      ✔ should describe input 8AFJzuTujX... as invalid
      ✔ should describe input 163Q17qLbT... as invalid
      ✔ should describe input 2MnmgiRH4e... as invalid
      ✔ should describe input 461QQ2sYWx... as invalid
      ✔ should describe input 2UCtv53Vtt... as invalid
      ✔ should describe input cSNjAsnhgt... as invalid
      ✔ should describe input gmsow2Y6EW... as invalid
      ✔ should describe input nksUKSkzS7... as invalid
      ✔ should describe input L3favK1UzF... as invalid
      ✔ should describe input 7VxLxGGtYT... as invalid
      ✔ should describe input 2mbZwFXF6c... as invalid
      ✔ should describe input dB7cwYdcPS... as invalid
      ✔ should describe input HPhFUhUAh8... as invalid
      ✔ should describe input 4ctAH6AkHz... as invalid
      ✔ should describe input Hn1uFi4dNe... as invalid
      ✔ should describe input Sq3fDbvutA... as invalid
      ✔ should describe input 6TqWyrqdgU... as invalid
      ✔ should describe input giqJo7oWqF... as invalid
      ✔ should describe input cNzHY5e8vc... as invalid
      ✔ should describe input 37uTe568EY... as invalid
      ✔ should describe input EsYbG4tWWW... as invalid
      ✔ should describe input nbuzhfwMoN... as invalid
      ✔ should describe input cQN9PoxZeC... as invalid
      ✔ should describe input 1Gm3N3rkef... as invalid
      ✔ should describe input 2TAq2tuN6x... as invalid
      ✔ should describe input ntEtnnGhqP... as invalid
      ✔ should describe input Ky1YjoZNgQ... as invalid
      ✔ should describe input 2A1q1YsMZo... as invalid
    validation
      ✔ getValidationError detects network mismatchs
      ✔ isValid returns true on a valid address
      ✔ isValid returns false on network mismatch
      ✔ validates correctly the P2PKH test vector
      ✔ validates correctly the P2SH test vector
      ✔ validates correctly the P2SH testnet test vector
      ✔ rejects correctly the P2PKH livenet test vector with "testnet" parameter
      ✔ validates correctly the P2PKH livenet test vector with "livenet" parameter
      ✔ should not validate if checksum is invalid
      ✔ should not validate on a network mismatch
      ✔ should not validate on a type mismatch
      ✔ should not validate on non-base58 characters
      ✔ testnet addresses are validated correctly
      ✔ addresses with whitespace are validated correctly
      ✔ testnet addresses are also valid regtest addresses
    instantiation
      ✔ can be instantiated from another address
    encodings
      ✔ should make an address from a buffer
      ✔ should make an address from a string
      ✔ should make an address using a non-string network
      ✔ should throw with bad network param
      ✔ should error because of unrecognized data format
      ✔ should error because of incorrect format for pubkey hash
      ✔ should error because of incorrect format for script hash
      ✔ should error because of incorrect type for transform buffer
      ✔ should error because of incorrect length buffer for transform buffer
      ✔ should error because of incorrect type for pubkey transform
      ✔ should error because of incorrect type for script transform
      ✔ should error because of incorrect type for string transform
      ✔ should make an address from a pubkey hash buffer
      ✔ should make an address using the default network
      ✔ should throw an error for invalid length hashBuffer
      ✔ should make this address from a compressed pubkey
      ✔ should use the default network for pubkey
      ✔ should make this address from an uncompressed pubkey
      ✔ should classify from a custom network
      ✔ should derive from this known address string livenet
      ✔ should derive from this known address string testnet
      ✔ should derive from this known address string livenet scripthash
      ✔ should derive from this known address string testnet scripthash
      from a script
        ✔ should fail to build address from a non p2sh,p2pkh script
        ✔ should make this address from a p2pkh output script
        ✔ should make this address from a p2sh input script
        ✔ returns the same address if the script is a pay to public key hash out
        ✔ returns the same address if the script is a pay to script hash out
    #toBuffer
      ✔ 3c3fa3d4adcaf8f52d5b1843975e122548269937 corresponds to hash 16VZnHwRhwrExfeHFHGjwrgEMq8VcYPs9r
    #object
      ✔ roundtrip to-from-to
      ✔ will fail with invalid state
    #toString
      ✔ livenet pubkeyhash address
      ✔ scripthash address
      ✔ testnet scripthash address
      ✔ testnet pubkeyhash address
    #inspect
      ✔ should output formatted output correctly
    questions about the address
      ✔ should detect a P2SH address
      ✔ should detect a Pay To PubkeyHash address
    creating a P2SH address from public keys
      ✔ can create an address from a set of public keys
      ✔ works on testnet also
      ✔ can create an address from a set of public keys with a nested witness program
      ✔ can also be created by Address.createMultisig
      ✔ fails if invalid array is provided

  Witness Address
    ✔ should throw an error because of bad network param
    ✔ should throw an error because of bad type param
    ✔ can roundtrip from/to a object
    ✔ will use the default network for an object
    validation
      ✔ getValidationError detects network mismatchs
      ✔ isValid returns true on a valid address
      ✔ isValid returns false on network mismatch
      ✔ validates correctly the P2WPKH test vector
      ✔ validates correctly the P2WSH test vector
      ✔ validates correctly the P2WSH testnet test vector
      ✔ rejects correctly the P2WPKH livenet test vector with "testnet" parameter
      ✔ validates correctly the P2WPKH livenet test vector with "livenet" parameter
      ✔ validates correctly the P2TR testnet vector
      ✔ should not validate if checksum is invalid
      ✔ should not validate if wrong witness version
      ✔ should not validate if wrong witness encoding
      ✔ should not validate on a network mismatch
      ✔ should not validate on a type mismatch
      ✔ testnet addresses are validated correctly
      ✔ addresses with whitespace are validated correctly
    instantiation
      ✔ can be instantiated from another address
      ✔ can be instantiated from a taproot address
    encodings
      ✔ should make an address from a buffer
      ✔ should make an address from a string
      ✔ should make an address using a non-string network
      ✔ should throw with bad network param
      ✔ should error because of incorrect format for script hash
      ✔ should error because of incorrect type for pubkey transform
      ✔ should make this address from a compressed pubkey
      ✔ should make this wrapped address from a compressed pubkey
      ✔ should use the default network for pubkey
      ✔ should use the default network for pubkey
      ✔ should fail to make an address with an uncompressed pubkey
      ✔ should fail to make a wrapped address with an uncompressed pubkey
      ✔ should classify from a custom network
      ✔ should derive from this known address string livenet
      ✔ should derive from this known address string testnet
      ✔ should derive from this known address string livenet witness scripthash
      ✔ should derive from this known address string testnet witness scripthash
      from a script
        ✔ should make this address from a p2wpkh output script
        ✔ should make this address from a p2wsh input script
        ✔ returns the same address if the script is a pay to witness public key hash out
        ✔ returns the same address if the script is a pay to witness script hash out
    #toBuffer
      ✔ 2a9540f5cd929bf742d16b4e1bf1b0e874c907c9 corresponds to hash bc1q9225pawdj2dlwsk3dd8phudsap6vjp7fg3nwdl
    #object
      ✔ roundtrip to-from-to
    #toString
      ✔ livenet witnesspubkeyhash address
      ✔ witnessscripthash address
      ✔ testnet witnessscripthash address
      ✔ testnet witnesspubkeyhash address
    #inspect
      ✔ should output formatted output correctly
    questions about the address
      ✔ should detect a P2WSH address
      ✔ should detect a Pay To Witness PubkeyHash address
    creating a P2WSH address from public keys
      ✔ can create an address from a set of public keys
      ✔ works on testnet also
      ✔ can also be created by Address.createMultisig
      ✔ fails if invalid array is provided
    taproot
      ✔ should create taproot address from pub key - vector 0
      ✔ should create taproot address from pub key - step-by-step - vector 0
      ✔ should create taproot address from pub key - vector 1
      ✔ should create taproot address from pub key - step-by-step - vector 1
      ✔ should create taproot address from pub key - vector 2
      ✔ should create taproot address from pub key - step-by-step - vector 2

  Block
    ✔ should make a new block
    ✔ should not make an empty block
    #constructor
      ✔ should set these known values
      ✔ should properly deserialize blocks
    #fromRawBlock
      ✔ should instantiate from a raw block binary
      ✔ should instantiate from raw block buffer
    #fromJSON
      ✔ should set these known values
      ✔ should set these known values
    #toJSON
      ✔ should recover these known values
    #fromString/#toString
      ✔ should output/input a block hex string
    #fromBuffer
      ✔ should make a block from this known buffer
      ✔ should instantiate from block buffer from the network
    #fromBufferReader
      ✔ should make a block from this known buffer
    #toBuffer
      ✔ should recover a block from this known buffer
    #toBufferWriter
      ✔ should recover a block from this known buffer
      ✔ doesn't create a bufferWriter if one provided
    #toObject
      ✔ should recover a block from genesis block buffer
      ✔ roundtrips correctly
    #_getHash
      ✔ should return the correct hash of the genesis block
    #id
      ✔ should return the correct id of the genesis block
      ✔ "hash" should be the same as "id"
    #inspect
      ✔ should return the correct inspect of the genesis block
    #merkleRoot
      ✔ should describe as valid merkle root
      ✔ should describe as invalid merkle root
      ✔ should get a null hash merkle root

  BlockHeader
    ✔ should make a new blockheader
    ✔ should not make an empty block
    ✔ coverage: caches the "_id" property
    #constructor
      ✔ should set all the variables
      ✔ will throw an error if the argument object hash property doesn't match
    version
      ✔ is interpreted as an int32le
    #fromObject
      ✔ should set all the variables
    #toJSON
      ✔ should set all the variables
    #fromJSON
      ✔ should parse this known json string
    #fromString/#toString
      ✔ should output/input a block hex string
    #fromBuffer
      ✔ should parse this known buffer
    #fromBufferReader
      ✔ should parse this known buffer
    #toBuffer
      ✔ should output this known buffer
    #toBufferWriter
      ✔ should output this known buffer
      ✔ doesn't create a bufferWriter if one provided
    #inspect
      ✔ should return the correct inspect of the genesis block
    #fromRawBlock
      ✔ should instantiate from a raw block binary
      ✔ should instantiate from raw block buffer
    #validTimestamp
      ✔ should validate timpstamp as true
      ✔ should validate timestamp as false
    #validProofOfWork
      ✔ should validate proof-of-work as true
      ✔ should validate proof of work as false because incorrect proof of work
    #getDifficulty
      ✔ should get the correct difficulty for block 86756
      ✔ should get the correct difficulty for testnet block 552065
      ✔ should get the correct difficulty for livenet block 373043
      ✔ should get the correct difficulty for livenet block 340000
      ✔ should use exponent notation if difficulty is larger than Javascript number

  MerkleBlock
    #constructor
      ✔ should make a new merkleblock from buffer
      ✔ should make a new merkleblock from object
      ✔ should make a new merkleblock from JSON
      ✔ should not make an empty block
    #fromObject
      ✔ should set these known values
      ✔ should set these known values
      ✔ accepts an object as argument
    #toJSON
      ✔ should recover these known values
    #fromBuffer
      ✔ should make a block from this known buffer
    #fromBufferReader
      ✔ should make a block from this known buffer
    #toBuffer
      ✔ should recover a block from this known buffer
    #toBufferWriter
      ✔ should recover a block from this known buffer
      ✔ doesn't create a bufferWriter if one provided
    #validMerkleTree
      ✔ should validate good merkleblocks
      ✔ should not validate merkleblocks with too many hashes
      ✔ should not validate merkleblocks with too few bit flags
    #filterdTxsHash
      ✔ should validate good merkleblocks
      ✔ should fail with merkleblocks with too many hashes
      ✔ should fail with merkleblocks with too few bit flags
    #hasTransaction
      ✔ should find transactions via hash string
      ✔ should find transactions via Transaction object
      ✔ should not find non-existant Transaction object
      ✔ should not match with merkle nodes

  BN
    ✔ should create a bn
    ✔ should parse this number
    ✔ should parse numbers below and at bn.js internal word size
    #add
      ✔ should add two small numbers together
    #sub
      ✔ should subtract a small number
    #gt
      ✔ should say 1 is greater than 0
      ✔ should say a big number is greater than a small big number
      ✔ should say a big number is great than a standard number
    to/from ScriptNumBuffer
      ✔ rountrips correctly for 0
      ✔ rountrips correctly for 1
      ✔ rountrips correctly for 10
      ✔ rountrips correctly for 256
      ✔ rountrips correctly for 1000
      ✔ rountrips correctly for 65536
      ✔ rountrips correctly for 65537
      ✔ rountrips correctly for -1
      ✔ rountrips correctly for -1000
      ✔ rountrips correctly for -65536
      ✔ rountrips correctly for -65537
    #fromString
      ✔ should make BN from a string
      ✔ should work with hex string
    #toString
      ✔ should make a string
    @fromBuffer
      ✔ should work with big endian
      ✔ should work with big endian 256
      ✔ should work with little endian if we specify the size
      ✔ should work with Uint8Array input
      ✔ should throw on invalid input: Array
      ✔ should throw on invalid input: string
      ✔ should throw on invalid input: Uint16Array
    #toBuffer
      ✔ should create a 4 byte buffer
      ✔ should create a 4 byte buffer in little endian
      ✔ should create a 2 byte buffer even if you ask for a 1 byte
      ✔ should create a 4 byte buffer even if you ask for a 1 byte

  ECDSA
    #calci
      ✔ calculates i correctly
      ✔ calulates this known i
    #getRandomK
      ✔ should generate a new random k when called twice in a row
      ✔ should generate a random k that is (almost always) greater than this relatively small number
    #getDeterministicK
      ✔ should generate the same deterministic k
      ✔ should generate the same deterministic k if badrs is set
      ✔ should compute this test vector correctly
    #recoverPublicKey
      ✔ should calculate the correct public key
      ✔ should calculate the correct public key for this signature with low s
      ✔ should calculate the correct public key for this signature with high s
    #verificationError
      ✔ should return an error if the hash is invalid
      ✔ should return an error if r, s are invalid
      ✔ should return an error if the signature is incorrect
    #sign
      ✔ should create a valid signature
      ✔ should create a valid signature defaulting to deterministicK
      ✔ should create a valid signature explicitly using deterministicK
      ✔ should create a valid signature using randomK
      ✔ should not re-use k values
      ✔ should should throw an error if hashbuf is not 32 bytes
      ✔ should generate right K
      ✔ should generate correct signature for Uint8Array input
      ✔ should normalize elliptic BN coordinates before modular arithmetic
      ✔ should throw on improper input: Array
      ✔ should throw on improper input: Uint16Array
    #verify
      ✔ should verify a signature that was just signed
      ✔ should verify this known good signature
      ✔ should verify a valid signature, and unverify an invalid signature
      ✔ should work with big and little endian
    vectors
      ✔ should validate valid vector 0
      ✔ should validate valid vector 1
      ✔ should validate valid vector 2
      ✔ should validate valid vector 3
      ✔ should validate valid vector 4
      ✔ should validate valid vector 5
      ✔ should validate valid vector 6
      ✔ should validate invalid.sigError vector 0: The wrong signature
      ✔ should validate invalid.sigError vector 1: Invalid r value (< 0)
      ✔ should validate invalid.sigError vector 2: Invalid r value (== 0)
      ✔ should validate invalid.sigError vector 3: Invalid r value (>= n)
      ✔ should validate invalid.sigError vector 4: Invalid s value (< 0)
      ✔ should validate invalid.sigError vector 5: Invalid s value (== 0)
      ✔ should validate invalid.sigError vector 6: Invalid s value (>= n)
      ✔ should validate invalid.sigError vector 7: Invalid r, s values (r = s = -n)
      ✔ should validate deterministicK vector 0
      ✔ should validate deterministicK vector 1
      ✔ should validate deterministicK vector 2
      ✔ should validate deterministicK vector 3
      ✔ should validate deterministicK vector 4
      ✔ should validate deterministicK vector 5
      ✔ should validate deterministicK vector 6
      ✔ should validate deterministicK vector 7
      ✔ should validate deterministicK vector 8
      ✔ should validate deterministicK vector 9

  Hash
    @sha1
      ✔ calculates the hash of this buffer correctly
      ✔ throws an error when the input is not a buffer
    #sha256
      ✔ calculates the hash of this buffer correctly
      ✔ fails when the input is not a buffer
    #sha256hmac
      ✔ computes this known big key correctly
      ✔ computes this known empty test vector correctly
      ✔ computes this known non-empty test vector correctly
    #sha256sha256
      ✔ calculates the hash of this buffer correctly
      ✔ fails when the input is not a buffer
    #sha256ripemd160
      ✔ calculates the hash of this buffer correctly
      ✔ fails when the input is not a buffer
    #ripemd160
      ✔ calculates the hash of this buffer correctly
      ✔ fails when the input is not a buffer
    #sha512
      ✔ calculates the hash of this buffer correctly
      ✔ fails when the input is not a buffer
    #sha512hmac
      ✔ calculates this known empty test vector correctly
      ✔ calculates this known non-empty test vector correctly

  Point
    ✔ should create a point
    ✔ should create a point when called with "new"
    #getX
      ✔ should return x
      ✔ should be convertable to a buffer
      ✔ should return a bitcore BN instance
    #getY
      ✔ should return y
      ✔ should be convertable to a buffer
    #add
      ✔ should accurately add g to itself
    #mul
      ✔ should accurately multiply g by 2
      ✔ should accurately multiply g by n-1
      ✔ should accurately multiply g by n+1
    @fromX
      ✔ should return g
    #validate
      ✔ should describe this point as valid
      ✔ should describe this point as invalid because of zero y
      ✔ should describe this point as invalid because of invalid y
      ✔ should describe this point as invalid because out of curve bounds
      ✔ should describe this point as invalid because out of curve bounds

  Random
    @getRandomBuffer
      ✔ should return a buffer
      ✔ should not equate two 256 bit random buffers
      ✔ should generate 100 8 byte buffers in a row that are not equal

  Schnorr
    verify
      ✔ should verify schnorr - vector 0
      ✔ should verify schnorr - vector 1
      ✔ should verify schnorr - vector 2
      ✔ should verify schnorr - vector 3
      ✔ should verify schnorr - vector 4
      ✔ should verify schnorr - vector 5
      ✔ should verify schnorr - vector 6
      ✔ should verify schnorr - vector 7
      ✔ should verify schnorr - vector 8
      ✔ should verify schnorr - vector 9
      ✔ should verify schnorr - vector 10
      ✔ should verify schnorr - vector 11
      ✔ should verify schnorr - vector 12
      ✔ should verify schnorr - vector 13
      ✔ should verify schnorr - vector 14
    sign
      ✔ should sign schnorr - vector 0
      ✔ should sign schnorr - vector 1
      ✔ should sign schnorr - vector 2
      ✔ should sign schnorr - vector 3

  Signature
    ✔ should make a blank signature
    ✔ should work with conveniently setting r, s
    #set
      ✔ should set compressed
      ✔ should set nhashtype
    #fromCompact
      ✔ should create a signature from a compressed signature
      ✔ should create a signature from an uncompressed signature
    #fromDER
      ✔ should parse this DER format signature
    #fromString
      ✔ should parse this DER format signature in hex
    #toTxFormat
      ✔ should parse this known signature and rebuild it with updated zero-padded sighash types
    #fromTxFormat
      ✔ should convert from this known tx-format buffer
      ✔ should parse this known signature and rebuild it
    #parseDER
      ✔ should parse this signature generated in node
      ✔ should parse this 69 byte signature
      ✔ should parse this 68 byte signature
      ✔ should parse this signature from script_valid.json
    #toDER
      ✔ should convert these known r and s values into a known signature
    #toString
      ✔ should convert this signature in to hex DER
    @isTxDER
      ✔ should know this is a DER signature
      ✔ should know this is not a DER signature
      bitcoind fixtures
        ✔ should be valid for fixture #0
        ✔ should be valid for fixture #1
        ✔ should be valid for fixture #2
        ✔ should be valid for fixture #3
        ✔ should be valid for fixture #4
        ✔ should be invalid for fixture #0
        ✔ should be invalid for fixture #1
        ✔ should be invalid for fixture #2
        ✔ should be invalid for fixture #3
        ✔ should be invalid for fixture #4
        ✔ should be invalid for fixture #5
        ✔ should be invalid for fixture #6
        ✔ should be invalid for fixture #7
        ✔ should be invalid for fixture #8
        ✔ should be invalid for fixture #9
        ✔ should be invalid for fixture #10
        ✔ should be invalid for fixture #11
        ✔ should be invalid for fixture #12
        ✔ should be invalid for fixture #13
        ✔ should be invalid for fixture #14
    #hasLowS
      ✔ should detect high and low S
    #hasDefinedHashtype
      ✔ should reject invalid sighash types and accept valid ones

  Documentation
    - major and minor versions should match

  Base58
    ✔ should make an instance with "new"
    ✔ validates characters with no false negatives
    ✔ validates characters from buffer
    ✔ some characters are invalid (no false positives)
    ✔ should make an instance without "new"
    ✔ should allow this handy syntax
    #set
      ✔ should set a blank buffer
    @encode
      ✔ should encode the buffer accurately
      ✔ should throw an error when the Input is not a buffer
    @decode
      ✔ should decode this encoded value correctly
      ✔ should throw an error when Input is not a string
    #fromBuffer
      ✔ should not fail
      ✔ should set buffer
    #fromString
      ✔ should convert this known string to a buffer
    #toBuffer
      ✔ should return the buffer
    #toString
      ✔ should return the buffer

  Base58Check
    ✔ should make an instance with "new"
    ✔ can validate a serialized string
    ✔ should make an instance without "new"
    ✔ should allow this handy syntax
    #set
      ✔ should set a buf
    @encode
      ✔ should encode the buffer accurately
      ✔ should throw an error when the input is not a buffer
    @decode
      ✔ should decode this encoded value correctly
      ✔ should throw an error when input is not a string
      ✔ should throw an error when input is too short
      ✔ should throw an error when there is a checksum mismatch
    #fromBuffer
      ✔ should not fail
      ✔ should set buffer
    #fromString
      ✔ should convert this known string to a buffer
    #toBuffer
      ✔ should return the buffer
    #toString
      ✔ should return the buffer

  BufferReader
    ✔ should make a new BufferReader
    ✔ should create a new bufferreader with a buffer
    ✔ should fail for invalid object
    #set
      ✔ should set pos
    #eof
      ✔ should return true for a blank br
    read
      ✔ should return the same buffer
      ✔ should return a buffer of this length
      ✔ should work with 0 length
    readVarLengthBuffer
      ✔ returns correct buffer
      ✔ fails on length too big
    #readUInt8
      ✔ should return 1
    #readUInt16BE
      ✔ should return 1
    #readUInt16LE
      ✔ should return 1
    #readUInt32BE
      ✔ should return 1
    #readUInt32LE
      ✔ should return 1
    #readUInt64BEBN
      ✔ should return 1
      ✔ should return 2^64
    #readUInt64LEBN
      ✔ should return 1
      ✔ should return 10BTC
      ✔ should return 2^30
      ✔ should return 2^32 + 1
      ✔ should return max number of satoshis
      ✔ should return 2^53 - 1
      ✔ should return 2^53
      ✔ should return 0
      ✔ should return 2^64
    #readVarintBuf
      ✔ should read a 1 byte varint
      ✔ should read a 3 byte varint
      ✔ should read a 5 byte varint
      ✔ should read a 9 byte varint
    #readVarintNum
      ✔ should read a 1 byte varint
      ✔ should read a 3 byte varint
      ✔ should read a 5 byte varint
      ✔ should throw an error on a 9 byte varint over the javascript uint precision limit
      ✔ should not throw an error on a 9 byte varint not over the javascript uint precision limit
    #readVarintBN
      ✔ should read a 1 byte varint
      ✔ should read a 3 byte varint
      ✔ should read a 5 byte varint
      ✔ should read a 9 byte varint
    #reverse
      ✔ should reverse this [0, 1]

  BufferWriter
    ✔ should create a new buffer writer
    #set
      ✔ set bufs
    #toBuffer
      ✔ should concat these two bufs
    #concat
      ✔ should concat these two bufs
    #write
      ✔ should write a buffer
    #writeUInt8
      ✔ should write 1
    #writeUInt16BE
      ✔ should write 1
    #writeUInt16LE
      ✔ should write 1
    #writeUInt32BE
      ✔ should write 1
    #writeUInt32LE
      ✔ should write 1
    #writeUInt64BEBN
      ✔ should write 1
    #writeUInt64LEBN
      ✔ should write 1
    #writeVarint
      ✔ should write a 1 byte varint
      ✔ should write a 3 byte varint
      ✔ should write a 5 byte varint
      ✔ should write a 9 byte varint
      ✔ should read back the same value it wrote for a 9 byte varint
    #writeVarintBN
      ✔ should write a 1 byte varint
      ✔ should write a 3 byte varint
      ✔ should write a 5 byte varint
      ✔ should write a 9 byte varint

  Varint
    ✔ should make a new varint
    #set
      ✔ should set a buffer
    #fromString
      ✔ should set a buffer
    #toString
      ✔ should return a buffer
    #fromBuffer
      ✔ should set a buffer
    #fromBufferReader
      ✔ should set a buffer reader
    #fromBN
      ✔ should set a number
    #fromNumber
      ✔ should set a number
    #toBuffer
      ✔ should return a buffer
    #toBN
      ✔ should return a buffer
    #toNumber
      ✔ should return a buffer

  HDKeys building with static methods
    ✔ HDPublicKey fromJSON checks that a valid JSON is provided
    ✔ HDPublicKey fromString checks that a string is provided
    ✔ HDPublicKey fromObject checks that an object is provided
    ✔ HDPrivateKey fromJSON checks that a valid JSON is provided
    ✔ HDPrivateKey fromString checks that a string is provided
    ✔ HDPrivateKey fromObject checks that an object is provided

  BIP32 compliance
    ✔ should initialize test vector 1 from the extended public key
    ✔ should initialize test vector 1 from the extended private key
    ✔ can initialize a public key from an extended private key
    ✔ toString should be equal to the `xpubkey` member
    ✔ toString should be equal to the `xpubkey` member
    ✔ should get the extended public key from the extended private key for test vector 1
    ✔ should get m/0' ext. private key from test vector 1
    ✔ should get m/0' ext. public key from test vector 1
    ✔ should get m/0'/1 ext. private key from test vector 1
    ✔ should get m/0'/1 ext. public key from test vector 1
    ✔ should get m/0'/1 ext. public key from m/0' public key from test vector 1
    ✔ should get m/0'/1/2' ext. private key from test vector 1
    ✔ should get m/0'/1/2' ext. public key from test vector 1
    ✔ should get m/0'/1/2'/2 ext. private key from test vector 1
    ✔ should get m/0'/1/2'/2 ext. public key from m/0'/1/2' public key from test vector 1
    ✔ should get m/0'/1/2h/2 ext. public key from test vector 1
    ✔ should get m/0'/1/2h/2/1000000000 ext. private key from test vector 1
    ✔ should get m/0'/1/2h/2/1000000000 ext. public key from test vector 1
    ✔ should get m/0'/1/2'/2/1000000000 ext. public key from m/0'/1/2'/2 public key from test vector 1
    ✔ should initialize test vector 2 from the extended public key
    ✔ should initialize test vector 2 from the extended private key
    ✔ should get the extended public key from the extended private key for test vector 2
    ✔ should get m/0 ext. private key from test vector 2
    ✔ should get m/0 ext. public key from test vector 2
    ✔ should get m/0 ext. public key from m public key from test vector 2
    ✔ should get m/0/2147483647h ext. private key from test vector 2
    ✔ should get m/0/2147483647h ext. public key from test vector 2
    ✔ should get m/0/2147483647h/1 ext. private key from test vector 2
    ✔ should get m/0/2147483647h/1 ext. public key from test vector 2
    ✔ should get m/0/2147483647h/1 ext. public key from m/0/2147483647h public key from test vector 2
    ✔ should get m/0/2147483647h/1/2147483646h ext. private key from test vector 2
    ✔ should get m/0/2147483647h/1/2147483646h ext. public key from test vector 2
    ✔ should get m/0/2147483647h/1/2147483646h/2 ext. private key from test vector 2
    ✔ should get m/0/2147483647h/1/2147483646h/2 ext. public key from test vector 2
    ✔ should get m/0/2147483647h/1/2147483646h/2 ext. public key from m/0/2147483647h/2147483646h public key from test vector 2
    ✔ should use full 32 bytes for private key data that is hashed (as per bip32)
    ✔ should NOT use full 32 bytes for private key data that is hashed with nonCompliant flag
    ✔ should NOT use full 32 bytes for private key data that is hashed with the nonCompliant derive method
    edge cases
      ✔ will handle edge case that derived private key is invalid
      ✔ will handle edge case that a derive public key is invalid
    seed
      ✔ should initialize a new BIP32 correctly from test vector 1 seed
      ✔ should initialize a new BIP32 correctly from test vector 2 seed

  HDPrivate key interface
    ✔ should make a new private key from random
    ✔ should make a new private key from random for testnet
    ✔ should make a new private key from random for testnet when passing specific network "testnet3"
    ✔ should make a new private key from random for testnet when passing specific network "signet"
    ✔ should not be able to change read-only properties
    ✔ should error with an invalid checksum
    ✔ can be rebuilt from a json generated by itself
    ✔ builds a json keeping the structure and same members
    ✔ inspect() displays correctly
    ✔ fails when trying to derive with an invalid argument
    ✔ catches early invalid paths
    ✔ allows derivation of hardened keys by passing a very big number
    ✔ returns itself with 'm' parameter
    ✔ returns InvalidArgument if invalid data is given to getSerializedError
    ✔ returns InvalidLength if data of invalid length is given to getSerializedError
    ✔ returns InvalidNetworkArgument if an invalid network is provided
    ✔ recognizes that the wrong network was asked for
    ✔ recognizes the correct network
    ✔ correctly errors if an invalid checksum is provided
    ✔ correctly validates the checksum
    ✔ shouldn't matter if derivations are made with strings or numbers
    instantiation
      ✔ invalid argument: can not instantiate from a number
      ✔ allows no-new calling
      ✔ allows the use of a copy constructor
    public key
      ✔ matches the network
      ✔ cache for xpubkey works
    on creation from seed
      ✔ converts correctly from an hexa string
      ✔ fails when argument is not a buffer or string
      ✔ fails when argument doesn't provide enough entropy
      ✔ fails when argument provides too much entropy
    validates paths
      ✔ validates correct paths
      ✔ rejects illegal path m/-1/12
      ✔ rejects illegal path bad path
      ✔ rejects illegal path K
      ✔ rejects illegal path m/
      ✔ rejects illegal path m/12asd
      ✔ rejects illegal path m/1/2//3
      ✔ generates deriving indexes correctly
    conversion to/from buffer
      ✔ should roundtrip to/from a buffer
    conversion to plain object/json
      ✔ toObject leaves no Buffer instances
      ✔ roundtrips toObject
      ✔ roundtrips to JSON and to Object
      ✔ recovers state from JSON
      ✔ recovers state from Object

  HDPublicKey interface
    ✔ toString() returns the same value as .xpubkey
    ✔ publicKey property matches network
    ✔ inspect() displays correctly
    creation formats
      ✔ returns same argument if already an instance of HDPublicKey
      ✔ returns the correct xpubkey for a xprivkey
      ✔ allows to call the argument with no "new" keyword
      ✔ fails when user doesn't supply an argument
      ✔ should not be able to change read-only properties
      ✔ doesn't recognize an invalid argument
      ✔ can be generated from a json
      ✔ can generate a json that has a particular structure
      ✔ builds from a buffer object
      ✔ checks the checksum
      xpubkey string serialization errors
        ✔ fails on invalid length
        ✔ fails on invalid base58 encoding
        ✔ user can ask if a string is valid
    error checking on serialization
      ✔ throws invalid argument when argument is not a string or buffer
      ✔ if a network is provided, validates that data corresponds to it
      ✔ recognizes invalid network arguments
      ✔ recognizes a valid network
    conversion to/from buffer
      ✔ should roundtrip to an equivalent object
    conversion to different formats
      ✔ roundtrips to JSON and to Object
      ✔ recovers state from Object
    derivation
      ✔ derivation is the same whether deriving with number or string
      ✔ allows special parameters m, M
      ✔ doesn't allow object arguments for derivation
      ✔ needs first argument for derivation
      ✔ doesn't allow other parameters like m' or M' or "s"
      ✔ can't derive hardened keys
      ✔ can't derive hardened keys via second argument
      ✔ validates correct paths
      ✔ rejects illegal paths

  #versionGuard
    ✔ global._bitcore should be defined
    ✔ throw an error if version is already defined

  Message
    ✔ will error with incorrect message type
    ✔ will instantiate without "new"
    ✔ can sign a message
    ✔ sign will error with incorrect private key argument
    ✔ can verify a message with signature
    ✔ can verify a message with existing signature
    ✔ verify will error with incorrect public key argument
    ✔ verify will error with incorrect signature argument
    ✔ verify will correctly identify a bad signature
    ✔ can verify a message with address and generated signature string
    ✔ will not verify with address mismatch
    ✔ can recover the public key with address and generated signature string
    ✔ will verify with an uncompressed pubkey
    ✔ can chain methods
    ✔ accepts Address for verification
    #json
      ✔ roundtrip to-from-to
      ✔ checks that the string parameter is valid JSON
    #toString
      ✔ message string
      ✔ roundtrip to-from-to
    #inspect
      ✔ should output formatted output correctly

  Networks
    ✔ should contain all Networks
    ✔ should not replace testnet network with regtest
    ✔ will get network based on string "regtest" value
    ✔ should be able to define a custom Network
    ✔ can remove a custom network
    ✔ should not set a network map for an undefined value
    ✔ can remove a custom network by name
    ✔ should have constant name for livenet and testnet
    ✔ should have constant alias for livenet and testnet
    ✔ should have constant pubkeyhash for livenet and testnet
    ✔ should have constant scripthash for livenet and testnet
    ✔ should have constant xpubkey for livenet and testnet
    ✔ should have constant xprivkey for livenet and testnet
    ✔ tests only for the specified key
    ✔ can test for multiple keys
    ✔ converts to string using the "name" property
    ✔ network object should be immutable
    ✔ should have not have network magic or port for testnet
    ✔ should have network magic and port for testnet variant "testnet3"
    ✔ should have network magic and port for testnet variant "signet"

  Opcode
    ✔ should create a new Opcode
    ✔ should convert to a string with this handy syntax
    ✔ should convert to a number with this handy syntax
    #fromNumber
      ✔ should work for 0
      ✔ should fail for non-number
    #set
      ✔ should work for object
      ✔ should fail for empty-object
    #toNumber
      ✔ should work for 0
    #buffer
      ✔ should correctly input/output a buffer
    #fromString
      ✔ should work for OP_0
      ✔ should fail for invalid string
      ✔ should fail for non-string
    #toString
      ✔ should work for OP_0
      ✔ should not work for non-opcode
    #decodeOpN
      ✔ returns 0 for OP_0
      ✔ should return 16 for OP_16
      ✔ should throw an error for >OP_16
    #isOpSuccess
      ✔ should return true for "success" codes
      ✔ should handle human readable string opcode
      ✔ should handle number string opcode
    @map
      ✔ should have a map containing 119 elements
    @reverseMap
      ✔ should exist and have op 185
    @smallInt
      ✔ should work for small int OP_0
      ✔ should work for small int OP_1
      ✔ should work for small int OP_2
      ✔ should work for small int OP_3
      ✔ should work for small int OP_4
      ✔ should work for small int OP_5
      ✔ should work for small int OP_6
      ✔ should work for small int OP_7
      ✔ should work for small int OP_8
      ✔ should work for small int OP_9
      ✔ should work for small int OP_10
      ✔ should work for small int OP_11
      ✔ should work for small int OP_12
      ✔ should work for small int OP_13
      ✔ should work for small int OP_14
      ✔ should work for small int OP_15
      ✔ should work for small int OP_16
      ✔ with not number
      ✔ with n equal -1
      ✔ with n equal 17
    @isSmallIntOp
      ✔ should work for small int OP_0
      ✔ should work for small int OP_1
      ✔ should work for small int OP_2
      ✔ should work for small int OP_3
      ✔ should work for small int OP_4
      ✔ should work for small int OP_5
      ✔ should work for small int OP_6
      ✔ should work for small int OP_7
      ✔ should work for small int OP_8
      ✔ should work for small int OP_9
      ✔ should work for small int OP_10
      ✔ should work for small int OP_11
      ✔ should work for small int OP_12
      ✔ should work for small int OP_13
      ✔ should work for small int OP_14
      ✔ should work for small int OP_15
      ✔ should work for small int OP_16
      ✔ should work for non-small ints
    #inspect
      ✔ should output opcode by name, hex, and decimal

  PrivateKey
    ✔ should create a new random private key
    ✔ should create a privatekey from hexa string
    ✔ should create a privatekey from a non-standard hex string
    ✔ should create a new random testnet private key with only one argument
    ✔ should create a private key from a custom network WIF string
    ✔ should create a new random testnet private key with empty data
    ✔ should create a private key from WIF string
    ✔ should create a private key from WIF buffer
    ✔ coverage: public key cache
    ✔ creates an address as expected from WIF, livenet
    ✔ creates an address as expected from WIF, testnet
    bitcoind compliance
      ✔ should instantiate WIF private key 5Kd3NBUAdUnhyzenEwVLy9pBKxSwXvE9FMPyR4UKZvpe6E3AgLr with correct properties
      ✔ should instantiate WIF private key Kz6UJmQACJmLtaQj5A3JAge4kVTNQ8gbvXuwbmCj7bsaabudb3RD with correct properties
      ✔ should instantiate WIF private key 9213qJab2HNEpMpYNBa7wHGFKKbkDn24jpANDs2huN3yi4J11ko with correct properties
      ✔ should instantiate WIF private key cTpB4YiyKiBcPxnefsDpbnDxFDffjqJob8wGCEDXxgQ7zQoMXJdH with correct properties
      ✔ should instantiate WIF private key 5K494XZwps2bGyeL71pWid4noiSNA2cfCibrvRWqcHSptoFn7rc with correct properties
      ✔ should instantiate WIF private key L1RrrnXkcKut5DEMwtDthjwRcTTwED36thyL1DebVrKuwvohjMNi with correct properties
      ✔ should instantiate WIF private key 93DVKyFYwSN6wEo3E2fCrFPUp17FtrtNi2Lf7n4G3garFb16CRj with correct properties
      ✔ should instantiate WIF private key cTDVKtMGVYWTHCb1AFjmVbEbWjvKpKqKgMaR3QJxToMSQAhmCeTN with correct properties
      ✔ should instantiate WIF private key 5KaBW9vNtWNhc3ZEDyNCiXLPdVPHCikRxSBWwV9NrpLLa4LsXi9 with correct properties
      ✔ should instantiate WIF private key L1axzbSyynNYA8mCAhzxkipKkfHtAXYF4YQnhSKcLV8YXA874fgT with correct properties
      ✔ should instantiate WIF private key 927CnUkUbasYtDwYwVn2j8GdTuACNnKkjZ1rpZd2yBB1CLcnXpo with correct properties
      ✔ should instantiate WIF private key cUcfCMRjiQf85YMzzQEk9d1s5A4K7xL5SmBCLrezqXFuTVefyhY7 with correct properties
      ✔ should instantiate WIF private key 5HtH6GdcwCJA4ggWEL1B3jzBBUB8HPiBi9SBc5h9i4Wk4PSeApR with correct properties
      ✔ should instantiate WIF private key L2xSYmMeVo3Zek3ZTsv9xUrXVAmrWxJ8Ua4cw8pkfbQhcEFhkXT8 with correct properties
      ✔ should instantiate WIF private key 92xFEve1Z9N8Z641KQQS7ByCSb8kGjsDzw6fAmjHN1LZGKQXyMq with correct properties
      ✔ should instantiate WIF private key cVM65tdYu1YK37tNoAyGoJTR13VBYFva1vg9FLuPAsJijGvG6NEA with correct properties
      ✔ should instantiate WIF private key 5KQmDryMNDcisTzRp3zEq9e4awRmJrEVU1j5vFRTKpRNYPqYrMg with correct properties
      ✔ should instantiate WIF private key L39Fy7AC2Hhj95gh3Yb2AU5YHh1mQSAHgpNixvm27poizcJyLtUi with correct properties
      ✔ should instantiate WIF private key 91cTVUcgydqyZLgaANpf1fvL55FH53QMm4BsnCADVNYuWuqdVys with correct properties
      ✔ should instantiate WIF private key cQspfSzsgLeiJGB2u8vrAiWpCU4MxUT6JseWo2SjXy4Qbzn2fwDw with correct properties
      ✔ should instantiate WIF private key 5KL6zEaMtPRXZKo1bbMq7JDjjo1bJuQcsgL33je3oY8uSJCR5b4 with correct properties
      ✔ should instantiate WIF private key KwV9KAfwbwt51veZWNscRTeZs9CKpojyu1MsPnaKTF5kz69H1UN2 with correct properties
      ✔ should instantiate WIF private key 93N87D6uxSBzwXvpokpzg8FFmfQPmvX4xHoWQe3pLdYpbiwT5YV with correct properties
      ✔ should instantiate WIF private key cMxXusSihaX58wpJ3tNuuUcZEQGt6DKJ1wEpxys88FFaQCYjku9h with correct properties
      ✔ should describe input ... as invalid
      ✔ should describe input x... as invalid
      ✔ should describe input 37qgekLpCC... as invalid
      ✔ should describe input dzb7VV1Ui5... as invalid
      ✔ should describe input MuNu7ZAEDF... as invalid
      ✔ should describe input rPpQpYknyN... as invalid
      ✔ should describe input 4Uc3FmN6NQ... as invalid
      ✔ should describe input 7aQgR5DFQ2... as invalid
      ✔ should describe input 17QpPprjeg... as invalid
      ✔ should describe input KxuACDviz8... as invalid
      ✔ should describe input 7nK3GSmqdX... as invalid
      ✔ should describe input cTivdBmq7b... as invalid
      ✔ should describe input gjMV4vjNjy... as invalid
      ✔ should describe input emXm1naBMo... as invalid
      ✔ should describe input 7VThQnNRj1... as invalid
      ✔ should describe input 1G9u6oCVCP... as invalid
      ✔ should describe input 31QQ7ZMLkS... as invalid
      ✔ should describe input DHqKSnpxa8... as invalid
      ✔ should describe input 2LUHcJPbwL... as invalid
      ✔ should describe input 7USRzBXAnm... as invalid
      ✔ should describe input 1DGezo7BfV... as invalid
      ✔ should describe input 2D12DqDZKw... as invalid
      ✔ should describe input 8AFJzuTujX... as invalid
      ✔ should describe input 163Q17qLbT... as invalid
      ✔ should describe input 2MnmgiRH4e... as invalid
      ✔ should describe input 461QQ2sYWx... as invalid
      ✔ should describe input 2UCtv53Vtt... as invalid
      ✔ should describe input cSNjAsnhgt... as invalid
      ✔ should describe input gmsow2Y6EW... as invalid
      ✔ should describe input nksUKSkzS7... as invalid
      ✔ should describe input L3favK1UzF... as invalid
      ✔ should describe input 7VxLxGGtYT... as invalid
      ✔ should describe input 2mbZwFXF6c... as invalid
      ✔ should describe input dB7cwYdcPS... as invalid
      ✔ should describe input HPhFUhUAh8... as invalid
      ✔ should describe input 4ctAH6AkHz... as invalid
      ✔ should describe input Hn1uFi4dNe... as invalid
      ✔ should describe input Sq3fDbvutA... as invalid
      ✔ should describe input 6TqWyrqdgU... as invalid
      ✔ should describe input giqJo7oWqF... as invalid
      ✔ should describe input cNzHY5e8vc... as invalid
      ✔ should describe input 37uTe568EY... as invalid
      ✔ should describe input EsYbG4tWWW... as invalid
      ✔ should describe input nbuzhfwMoN... as invalid
      ✔ should describe input cQN9PoxZeC... as invalid
      ✔ should describe input 1Gm3N3rkef... as invalid
      ✔ should describe input 2TAq2tuN6x... as invalid
      ✔ should describe input ntEtnnGhqP... as invalid
      ✔ should describe input Ky1YjoZNgQ... as invalid
      ✔ should describe input 2A1q1YsMZo... as invalid
    instantiation
      ✔ should not be able to instantiate private key greater than N
      ✔ should not be able to instantiate private key because of network mismatch
      ✔ should not be able to instantiate private key WIF is too long
      ✔ should not be able to instantiate private key WIF because of unknown network byte
      ✔ should not be able to instantiate private key WIF because of network mismatch
      ✔ can be instantiated from a hex string
      ✔ should not be able to instantiate because of unrecognized data
      ✔ should not be able to instantiate with unknown network
      ✔ should not create a zero private key
      ✔ should create a livenet private key
      ✔ should create a default network private key
      ✔ returns the same instance if a PrivateKey is provided (immutable)
    #json/object
      ✔ should input/output json
      ✔ input json should correctly initialize network field
      ✔ fails on invalid argument
      ✔ also accepts an object as argument
    #toString
      ✔ should output this address correctly
    #toAddress
      ✔ should output this known livenet address correctly
      ✔ should output this known testnet address correctly
      ✔ creates network specific address
      ✔ should output this known livenet witness address correctly
      ✔ should output this known testnet witness address correctly
      ✔ creates network specific witness address
      ✔ should output this known livenet wrapped witness address correctly
      ✔ should output this known testnet wrapped witness address correctly
      ✔ creates network specific wrapped witness address
    #inspect
      ✔ should output known livenet address for console
      ✔ should output known testnet address for console
      ✔ outputs "uncompressed" for uncompressed imported WIFs
    #getValidationError
      ✔ should get an error because private key greater than N
      ✔ should validate as false because private key greater than N
      ✔ should recognize that undefined is an invalid private key
      ✔ should validate as true
    buffer serialization
      ✔ returns an expected value when creating a PrivateKey from a buffer
      ✔ roundtrips correctly when using toBuffer/fromBuffer
      ✔ will output a 31 byte buffer
    #toBigNumber
      ✔ should output known BN
    #fromRandom
      ✔ should set bn gt 0 and lt n, and should be compressed
    #fromWIF
      ✔ should parse this compressed testnet address correctly
    #toWIF
      ✔ should parse this compressed testnet address correctly
    #fromString
      ✔ should parse this uncompressed testnet address correctly
    #toString
      ✔ should parse this uncompressed livenet address correctly
    #toPublicKey
      ✔ should convert this known PrivateKey to known PublicKey
      ✔ should have a "publicKey" property
      ✔ should convert this known PrivateKey to known PublicKey and preserve compressed=true
      ✔ should convert this known PrivateKey to known PublicKey and preserve compressed=false

  PublicKey
    validating errors on creation
      ✔ errors if data is missing
      ✔ errors if an invalid point is provided
      ✔ errors if a point not on the secp256k1 curve is provided
      ✔ errors if the argument is of an unrecognized type
    instantiation
      ✔ from a private key
      ✔ problematic secp256k1 public keys
      ✔ from a compressed public key
      ✔ from another publicKey
      ✔ sets the network to defaultNetwork if none provided
      ✔ from a hex encoded DER string
      ✔ from a hex encoded DER buffer
      ✔ from a point
    #getValidationError
      ✔ should recieve an invalid point error
      ✔ should recieve a boolean as false
      ✔ should recieve a boolean as true for uncompressed
      ✔ should recieve a boolean as true for compressed
    #fromPoint
      ✔ should instantiate from a point
      ✔ should error because paramater is not a point
    #json/object
      ✔ should input/ouput json
      ✔ fails if "y" is not provided
      ✔ fails if invalid JSON is provided
      ✔ works for X starting with 0x00
    #fromPrivateKey
      ✔ should make a public key from a privkey
      ✔ should error because not an instance of privkey
    #fromBuffer
      ✔ should parse this uncompressed public key
      ✔ should parse this compressed public key
      ✔ should throw an error on this invalid public key
      ✔ should throw error because not a buffer
      ✔ should throw error because buffer is the incorrect length
    #fromDER
      ✔ should parse this uncompressed public key
      ✔ should parse this compressed public key
      ✔ should throw an error on this invalid public key
    #fromString
      ✔ should parse this known valid public key
    #fromX
      ✔ should create this known public key
      ✔ should error because odd was not included as a param
    #toBuffer
      ✔ should return this compressed DER format
      ✔ should return this uncompressed DER format
    #toDER
      ✔ should return this compressed DER format
      ✔ should return this uncompressed DER format
    #toAddress
      ✔ should output this known mainnet address correctly
      ✔ should output this known testnet address correctly
      ✔ should output this known mainnet witness address correctly
      ✔ should output this known testnet witness address correctly
      ✔ should output this known mainnet wrapped witness address correctly
      ✔ should output this known testnet wrapped witness address correctly
    #toString
      ✔ should print this known public key
    #inspect
      ✔ should output known uncompressed pubkey for console
      ✔ should output known compressed pubkey for console
      ✔ should output known compressed pubkey with network for console
    #validate
      ✔ should not have an error if pubkey is valid
      ✔ should throw an error if pubkey is invalid
      ✔ should throw an error if pubkey is invalid
      ✔ should throw an error if pubkey is infinity
    #isValidTaproot
      ✔ should be true - hex string
      ✔ should be true - buffer
      ✔ should be false - invalid X - hex string
      ✔ should be false - invalid X - buffer
      ✔ should be false - invalid length
      ✔ should be false - invalid hex

  Interpreter
    ✔ should make a new interp
    @castToBool
      ✔ should cast these bufs to bool correctly
    #verifyWitnessProgram
      ✔ will return true if witness program greater than 0
      ✔ will return false with error if witness length is 0
      ✔ will return false if program hash mismatch (version 0, 32 byte program)
      ✔ will return false if witness stack doesn't have two items (version 0, 20 byte program)
      ✔ will return false if program wrong length for version 0
      ✔ will return false with discourage upgradable witness program
      ✔ will return false with error if stack doesn't have exactly one item
      ✔ will return false if last item in stack casts to false
    #verify
      ✔ should verify these trivial scripts
      ✔ should verify these simple transaction
    bitcoind script evaluation fixtures
      ✔ should OK script_tests vector #1055:  0 0x20 0xb95237b48faaa69eb078e1170be3b5cbb3fddf16d0a991e14ad274f7b33a4f64 (Basic P2WSH)
      ✔ should OK script_tests vector #1056:  0 0x14 0x91b24bf9f5288532960ac687abb035127b1d28a5 (Basic P2WPKH)
      ✔ should OK script_tests vector #1057: 0x22 0x0020b95237b48faaa69eb078e1170be3b5cbb3fddf16d0a991e14ad274f7b33a4f64 HASH160 0x14 0xf386c2ba255cc56d20cfa6ea8b062f8b59945518 EQUAL (Basic P2SH(P2WSH))
      ✔ should OK script_tests vector #1058: 0x16 0x001491b24bf9f5288532960ac687abb035127b1d28a5 HASH160 0x14 0x17743beb429c55c942d2ec703b98c4d57c2df5c6 EQUAL (Basic P2SH(P2WPKH))
      ✔ should EVAL_FALSE script_tests vector #1059:  0 0x20 0xac8ebd9e52c17619a381fa4f71aebb696087c6ef17c960fd0587addad99c0610 (Basic P2WSH with the wrong key)
      ✔ should EVAL_FALSE script_tests vector #1060:  0 0x14 0x7cf9c846cd4882efec4bf07e44ebdad495c94f4b (Basic P2WPKH with the wrong key)
      ✔ should EVAL_FALSE script_tests vector #1061: 0x22 0x0020ac8ebd9e52c17619a381fa4f71aebb696087c6ef17c960fd0587addad99c0610 HASH160 0x14 0x61039a003883787c0d6ebc66d97fdabe8e31449d EQUAL (Basic P2SH(P2WSH) with the wrong key)
      ✔ should EVAL_FALSE script_tests vector #1062: 0x16 0x00147cf9c846cd4882efec4bf07e44ebdad495c94f4b HASH160 0x14 0x4e0c2aed91315303fc6a1dc4c7bc21c88f75402e EQUAL (Basic P2SH(P2WPKH) with the wrong key)
      ✔ should OK script_tests vector #1063:  0 0x20 0xac8ebd9e52c17619a381fa4f71aebb696087c6ef17c960fd0587addad99c0610 (Basic P2WSH with the wrong key but no WITNESS)
      ✔ should OK script_tests vector #1064:  0 0x14 0x7cf9c846cd4882efec4bf07e44ebdad495c94f4b (Basic P2WPKH with the wrong key but no WITNESS)
      ✔ should OK script_tests vector #1065: 0x22 0x0020ac8ebd9e52c17619a381fa4f71aebb696087c6ef17c960fd0587addad99c0610 HASH160 0x14 0x61039a003883787c0d6ebc66d97fdabe8e31449d EQUAL (Basic P2SH(P2WSH) with the wrong key but no WITNESS)
      ✔ should OK script_tests vector #1066: 0x16 0x00147cf9c846cd4882efec4bf07e44ebdad495c94f4b HASH160 0x14 0x4e0c2aed91315303fc6a1dc4c7bc21c88f75402e EQUAL (Basic P2SH(P2WPKH) with the wrong key but no WITNESS)
      ✔ should EVAL_FALSE script_tests vector #1067:  0 0x20 0xb95237b48faaa69eb078e1170be3b5cbb3fddf16d0a991e14ad274f7b33a4f64 (Basic P2WSH with wrong value)
      ✔ should EVAL_FALSE script_tests vector #1068:  0 0x14 0x91b24bf9f5288532960ac687abb035127b1d28a5 (Basic P2WPKH with wrong value)
      ✔ should EVAL_FALSE script_tests vector #1069: 0x22 0x0020b95237b48faaa69eb078e1170be3b5cbb3fddf16d0a991e14ad274f7b33a4f64 HASH160 0x14 0xf386c2ba255cc56d20cfa6ea8b062f8b59945518 EQUAL (Basic P2SH(P2WSH) with wrong value)
      ✔ should EVAL_FALSE script_tests vector #1070: 0x16 0x001491b24bf9f5288532960ac687abb035127b1d28a5 HASH160 0x14 0x17743beb429c55c942d2ec703b98c4d57c2df5c6 EQUAL (Basic P2SH(P2WPKH) with wrong value)
      ✔ should DISCOURAGE_UPGRADABLE_WITNESS_PROGRAM script_tests vector #1071:  1 0x14 0x91b24bf9f5288532960ac687abb035127b1d28a5 (P2WPKH with future witness version)
      ✔ should WITNESS_PROGRAM_WRONG_LENGTH script_tests vector #1072:  0 0x1f 0xb34b78da162751647974d5cb7410aa428ad339dbf7d1e16e833f68a0cbf1c3 (P2WPKH with wrong witness program length)
      ✔ should WITNESS_PROGRAM_MISMATCH script_tests vector #1074:  0 0x20 0xb95237b48faaa69eb078e1170be3b5cbb3fddf16d0a991e14ad274f7b33a4f64 (P2WSH with witness program mismatch)
      ✔ should WITNESS_PROGRAM_MISMATCH script_tests vector #1075:  0 0x14 0x91b24bf9f5288532960ac687abb035127b1d28a5 (P2WPKH with witness program mismatch)
      ✔ should WITNESS_MALLEATED script_tests vector #1076: 11 0 0x14 0x91b24bf9f5288532960ac687abb035127b1d28a5 (P2WPKH with non-empty scriptSig)
      ✔ should WITNESS_MALLEATED_P2SH script_tests vector #1077: 11 0x16 0x00147cf9c846cd4882efec4bf07e44ebdad495c94f4b HASH160 0x14 0x4e0c2aed91315303fc6a1dc4c7bc21c88f75402e EQUAL (P2SH(P2WPKH) with superfluous push in scriptSig)
      ✔ should WITNESS_UNEXPECTED script_tests vector #1078: 0x47 0x304402200a5c6163f07b8d3b013c4d1d6dba25e780b39658d79ba37af7057a3b7f15ffa102201fd9b4eaa9943f734928b99a83592c2e7bf342ea2680f6a2bb705167966b742001 0x41 0x0479be667ef9dcbbac55a06295ce870b07029bfcdb2dce28d959f2815b16f81798483ada7726a3c4655da4fbfc0e1108a8fd17b448a68554199c47d08ffb10d4b8 CHECKSIG (P2PK with witness)
      ✔ should OK script_tests vector #1079:  0 0x20 0x1863143c14c5166804bd19203356da136c985678cd4d27a1b8c6329604903262 (Basic P2WSH with compressed key)
      ✔ should OK script_tests vector #1080:  0 0x14 0x751e76e8199196d454941c45d1b3a323f1433bd6 (Basic P2WPKH with compressed key)
      ✔ should OK script_tests vector #1081: 0x22 0x00201863143c14c5166804bd19203356da136c985678cd4d27a1b8c6329604903262 HASH160 0x14 0xe4300531190587e3880d4c3004f5355d88ff928d EQUAL (Basic P2SH(P2WSH) with compressed key)
      ✔ should OK script_tests vector #1082: 0x16 0x0014751e76e8199196d454941c45d1b3a323f1433bd6 HASH160 0x14 0xbcfeb728b584253d5f3f70bcb780e9ef218a68f4 EQUAL (Basic P2SH(P2WPKH) with compressed key)
      ✔ should WITNESS_PUBKEYTYPE script_tests vector #1083:  0 0x20 0xb95237b48faaa69eb078e1170be3b5cbb3fddf16d0a991e14ad274f7b33a4f64 (Basic P2WSH)
      ✔ should WITNESS_PUBKEYTYPE script_tests vector #1084:  0 0x14 0x91b24bf9f5288532960ac687abb035127b1d28a5 (Basic P2WPKH)
      ✔ should WITNESS_PUBKEYTYPE script_tests vector #1085: 0x22 0x0020b95237b48faaa69eb078e1170be3b5cbb3fddf16d0a991e14ad274f7b33a4f64 HASH160 0x14 0xf386c2ba255cc56d20cfa6ea8b062f8b59945518 EQUAL (Basic P2SH(P2WSH))
      ✔ should WITNESS_PUBKEYTYPE script_tests vector #1086: 0x16 0x001491b24bf9f5288532960ac687abb035127b1d28a5 HASH160 0x14 0x17743beb429c55c942d2ec703b98c4d57c2df5c6 EQUAL (Basic P2SH(P2WPKH))
      ✔ should OK script_tests vector #1087:  0 0x20 0x06c24420938f0fa3c1cb2707d867154220dca365cdbfa0dd2a83854730221460 (P2WSH CHECKMULTISIG with compressed keys)
      ✔ should OK script_tests vector #1088: 0x22 0x002006c24420938f0fa3c1cb2707d867154220dca365cdbfa0dd2a83854730221460 HASH160 0x14 0x26282aad7c29369d15fed062a778b6100d31a340 EQUAL (P2SH(P2WSH) CHECKMULTISIG with compressed keys)
      ✔ should OK script_tests vector #1089:  0 0x20 0x06c24420938f0fa3c1cb2707d867154220dca365cdbfa0dd2a83854730221460 (P2WSH CHECKMULTISIG with compressed keys)
      ✔ should OK script_tests vector #1090: 0x22 0x002006c24420938f0fa3c1cb2707d867154220dca365cdbfa0dd2a83854730221460 HASH160 0x14 0x26282aad7c29369d15fed062a778b6100d31a340 EQUAL (P2SH(P2WSH) CHECKMULTISIG with compressed keys)
      ✔ should OK script_tests vector #1091:  0 0x20 0x08a6665ebfd43b02323423e764e185d98d1587f903b81507dbb69bfc41005efa (P2WSH CHECKMULTISIG with first key uncompressed and signing with the first key)
      ✔ should OK script_tests vector #1092: 0x22 0x002008a6665ebfd43b02323423e764e185d98d1587f903b81507dbb69bfc41005efa HASH160 0x14 0x6f5ecd4b83b77f3c438f5214eff96454934fc5d1 EQUAL (P2SH(P2WSH) CHECKMULTISIG first key uncompressed and signing with the first key)
      ✔ should WITNESS_PUBKEYTYPE script_tests vector #1093:  0 0x20 0x08a6665ebfd43b02323423e764e185d98d1587f903b81507dbb69bfc41005efa (P2WSH CHECKMULTISIG with first key uncompressed and signing with the first key)
      ✔ should WITNESS_PUBKEYTYPE script_tests vector #1094: 0x22 0x002008a6665ebfd43b02323423e764e185d98d1587f903b81507dbb69bfc41005efa HASH160 0x14 0x6f5ecd4b83b77f3c438f5214eff96454934fc5d1 EQUAL (P2SH(P2WSH) CHECKMULTISIG with first key uncompressed and signing with the first key)
      ✔ should OK script_tests vector #1095:  0 0x20 0x08a6665ebfd43b02323423e764e185d98d1587f903b81507dbb69bfc41005efa (P2WSH CHECKMULTISIG with first key uncompressed and signing with the second key)
      ✔ should OK script_tests vector #1096: 0x22 0x002008a6665ebfd43b02323423e764e185d98d1587f903b81507dbb69bfc41005efa HASH160 0x14 0x6f5ecd4b83b77f3c438f5214eff96454934fc5d1 EQUAL (P2SH(P2WSH) CHECKMULTISIG with first key uncompressed and signing with the second key)
      ✔ should WITNESS_PUBKEYTYPE script_tests vector #1097:  0 0x20 0x08a6665ebfd43b02323423e764e185d98d1587f903b81507dbb69bfc41005efa (P2WSH CHECKMULTISIG with first key uncompressed and signing with the second key)
      ✔ should WITNESS_PUBKEYTYPE script_tests vector #1098: 0x22 0x002008a6665ebfd43b02323423e764e185d98d1587f903b81507dbb69bfc41005efa HASH160 0x14 0x6f5ecd4b83b77f3c438f5214eff96454934fc5d1 EQUAL (P2SH(P2WSH) CHECKMULTISIG with first key uncompressed and signing with the second key)
      ✔ should OK script_tests vector #1099:  0 0x20 0x230828ed48871f0f362ce9432aa52f620f442cc8d9ce7a8b5e798365595a38bb (P2WSH CHECKMULTISIG with second key uncompressed and signing with the first key)
      ✔ should OK script_tests vector #1100: 0x22 0x0020230828ed48871f0f362ce9432aa52f620f442cc8d9ce7a8b5e798365595a38bb HASH160 0x14 0x3478e7019ce61a68148f87549579b704cbe4c393 EQUAL (P2SH(P2WSH) CHECKMULTISIG second key uncompressed and signing with the first key)
      ✔ should OK script_tests vector #1101:  0 0x20 0x230828ed48871f0f362ce9432aa52f620f442cc8d9ce7a8b5e798365595a38bb (P2WSH CHECKMULTISIG with second key uncompressed and signing with the first key should pass as the uncompressed key is not used)
      ✔ should OK script_tests vector #1102: 0x22 0x0020230828ed48871f0f362ce9432aa52f620f442cc8d9ce7a8b5e798365595a38bb HASH160 0x14 0x3478e7019ce61a68148f87549579b704cbe4c393 EQUAL (P2SH(P2WSH) CHECKMULTISIG with second key uncompressed and signing with the first key should pass as the uncompressed key is not used)
      ✔ should OK script_tests vector #1103:  0 0x20 0x230828ed48871f0f362ce9432aa52f620f442cc8d9ce7a8b5e798365595a38bb (P2WSH CHECKMULTISIG with second key uncompressed and signing with the second key)
      ✔ should OK script_tests vector #1104: 0x22 0x0020230828ed48871f0f362ce9432aa52f620f442cc8d9ce7a8b5e798365595a38bb HASH160 0x14 0x3478e7019ce61a68148f87549579b704cbe4c393 EQUAL (P2SH(P2WSH) CHECKMULTISIG with second key uncompressed and signing with the second key)
      ✔ should WITNESS_PUBKEYTYPE script_tests vector #1105:  0 0x20 0x230828ed48871f0f362ce9432aa52f620f442cc8d9ce7a8b5e798365595a38bb (P2WSH CHECKMULTISIG with second key uncompressed and signing with the second key)
      ✔ should WITNESS_PUBKEYTYPE script_tests vector #1106: 0x22 0x0020230828ed48871f0f362ce9432aa52f620f442cc8d9ce7a8b5e798365595a38bb HASH160 0x14 0x3478e7019ce61a68148f87549579b704cbe4c393 EQUAL (P2SH(P2WSH) CHECKMULTISIG with second key uncompressed and signing with the second key)
      ✔ should OK script_tests vector #1134:  0 0x20 0xc7eaf06d5ae01a58e376e126eb1e6fab2036076922b96b2711ffbec1e590665d
      ✔ should OK script_tests vector #1135:  0 0x20 0xc7eaf06d5ae01a58e376e126eb1e6fab2036076922b96b2711ffbec1e590665d
      ✔ should OK script_tests vector #1136:  0 0x20 0xc7eaf06d5ae01a58e376e126eb1e6fab2036076922b96b2711ffbec1e590665d
      ✔ should EVAL_FALSE script_tests vector #1137:  0 0x20 0xc7eaf06d5ae01a58e376e126eb1e6fab2036076922b96b2711ffbec1e590665d
      ✔ should EVAL_FALSE script_tests vector #1138:  0 0x20 0xc7eaf06d5ae01a58e376e126eb1e6fab2036076922b96b2711ffbec1e590665d
      ✔ should OK script_tests vector #1139:  0 0x20 0xc7eaf06d5ae01a58e376e126eb1e6fab2036076922b96b2711ffbec1e590665d
      ✔ should MINIMALIF script_tests vector #1140:  0 0x20 0xc7eaf06d5ae01a58e376e126eb1e6fab2036076922b96b2711ffbec1e590665d
      ✔ should MINIMALIF script_tests vector #1141:  0 0x20 0xc7eaf06d5ae01a58e376e126eb1e6fab2036076922b96b2711ffbec1e590665d
      ✔ should EVAL_FALSE script_tests vector #1142:  0 0x20 0xc7eaf06d5ae01a58e376e126eb1e6fab2036076922b96b2711ffbec1e590665d
      ✔ should MINIMALIF script_tests vector #1143:  0 0x20 0xc7eaf06d5ae01a58e376e126eb1e6fab2036076922b96b2711ffbec1e590665d
      ✔ should UNBALANCED_CONDITIONAL script_tests vector #1144:  0 0x20 0xc7eaf06d5ae01a58e376e126eb1e6fab2036076922b96b2711ffbec1e590665d
      ✔ should UNBALANCED_CONDITIONAL script_tests vector #1145:  0 0x20 0xc7eaf06d5ae01a58e376e126eb1e6fab2036076922b96b2711ffbec1e590665d
      ✔ should EVAL_FALSE script_tests vector #1146:  0 0x20 0xf913eacf2e38a5d6fc3a8311d72ae704cb83866350a984dd3e5eb76d2a8c28e8
      ✔ should EVAL_FALSE script_tests vector #1147:  0 0x20 0xf913eacf2e38a5d6fc3a8311d72ae704cb83866350a984dd3e5eb76d2a8c28e8
      ✔ should EVAL_FALSE script_tests vector #1148:  0 0x20 0xf913eacf2e38a5d6fc3a8311d72ae704cb83866350a984dd3e5eb76d2a8c28e8
      ✔ should OK script_tests vector #1149:  0 0x20 0xf913eacf2e38a5d6fc3a8311d72ae704cb83866350a984dd3e5eb76d2a8c28e8
      ✔ should OK script_tests vector #1150:  0 0x20 0xf913eacf2e38a5d6fc3a8311d72ae704cb83866350a984dd3e5eb76d2a8c28e8
      ✔ should EVAL_FALSE script_tests vector #1151:  0 0x20 0xf913eacf2e38a5d6fc3a8311d72ae704cb83866350a984dd3e5eb76d2a8c28e8
      ✔ should MINIMALIF script_tests vector #1152:  0 0x20 0xf913eacf2e38a5d6fc3a8311d72ae704cb83866350a984dd3e5eb76d2a8c28e8
      ✔ should MINIMALIF script_tests vector #1153:  0 0x20 0xf913eacf2e38a5d6fc3a8311d72ae704cb83866350a984dd3e5eb76d2a8c28e8
      ✔ should OK script_tests vector #1154:  0 0x20 0xf913eacf2e38a5d6fc3a8311d72ae704cb83866350a984dd3e5eb76d2a8c28e8
      ✔ should MINIMALIF script_tests vector #1155:  0 0x20 0xf913eacf2e38a5d6fc3a8311d72ae704cb83866350a984dd3e5eb76d2a8c28e8
      ✔ should UNBALANCED_CONDITIONAL script_tests vector #1156:  0 0x20 0xf913eacf2e38a5d6fc3a8311d72ae704cb83866350a984dd3e5eb76d2a8c28e8
      ✔ should UNBALANCED_CONDITIONAL script_tests vector #1157:  0 0x20 0xf913eacf2e38a5d6fc3a8311d72ae704cb83866350a984dd3e5eb76d2a8c28e8
      ✔ should OK script_tests vector #1158: 0x22 0x0020c7eaf06d5ae01a58e376e126eb1e6fab2036076922b96b2711ffbec1e590665d HASH160 0x14 0x9b27ee6d9010c21bf837b334d043be5d150e7ba7 EQUAL
      ✔ should OK script_tests vector #1159: 0x22 0x0020c7eaf06d5ae01a58e376e126eb1e6fab2036076922b96b2711ffbec1e590665d HASH160 0x14 0x9b27ee6d9010c21bf837b334d043be5d150e7ba7 EQUAL
      ✔ should OK script_tests vector #1160: 0x22 0x0020c7eaf06d5ae01a58e376e126eb1e6fab2036076922b96b2711ffbec1e590665d HASH160 0x14 0x9b27ee6d9010c21bf837b334d043be5d150e7ba7 EQUAL
      ✔ should EVAL_FALSE script_tests vector #1161: 0x22 0x0020c7eaf06d5ae01a58e376e126eb1e6fab2036076922b96b2711ffbec1e590665d HASH160 0x14 0x9b27ee6d9010c21bf837b334d043be5d150e7ba7 EQUAL
      ✔ should EVAL_FALSE script_tests vector #1162: 0x22 0x0020c7eaf06d5ae01a58e376e126eb1e6fab2036076922b96b2711ffbec1e590665d HASH160 0x14 0x9b27ee6d9010c21bf837b334d043be5d150e7ba7 EQUAL
      ✔ should OK script_tests vector #1163: 0x22 0x0020c7eaf06d5ae01a58e376e126eb1e6fab2036076922b96b2711ffbec1e590665d HASH160 0x14 0x9b27ee6d9010c21bf837b334d043be5d150e7ba7 EQUAL
      ✔ should MINIMALIF script_tests vector #1164: 0x22 0x0020c7eaf06d5ae01a58e376e126eb1e6fab2036076922b96b2711ffbec1e590665d HASH160 0x14 0x9b27ee6d9010c21bf837b334d043be5d150e7ba7 EQUAL
      ✔ should MINIMALIF script_tests vector #1165: 0x22 0x0020c7eaf06d5ae01a58e376e126eb1e6fab2036076922b96b2711ffbec1e590665d HASH160 0x14 0x9b27ee6d9010c21bf837b334d043be5d150e7ba7 EQUAL
      ✔ should EVAL_FALSE script_tests vector #1166: 0x22 0x0020c7eaf06d5ae01a58e376e126eb1e6fab2036076922b96b2711ffbec1e590665d HASH160 0x14 0x9b27ee6d9010c21bf837b334d043be5d150e7ba7 EQUAL
      ✔ should MINIMALIF script_tests vector #1167: 0x22 0x0020c7eaf06d5ae01a58e376e126eb1e6fab2036076922b96b2711ffbec1e590665d HASH160 0x14 0x9b27ee6d9010c21bf837b334d043be5d150e7ba7 EQUAL
      ✔ should UNBALANCED_CONDITIONAL script_tests vector #1168: 0x22 0x0020c7eaf06d5ae01a58e376e126eb1e6fab2036076922b96b2711ffbec1e590665d HASH160 0x14 0x9b27ee6d9010c21bf837b334d043be5d150e7ba7 EQUAL
      ✔ should UNBALANCED_CONDITIONAL script_tests vector #1169: 0x22 0x0020c7eaf06d5ae01a58e376e126eb1e6fab2036076922b96b2711ffbec1e590665d HASH160 0x14 0x9b27ee6d9010c21bf837b334d043be5d150e7ba7 EQUAL
      ✔ should EVAL_FALSE script_tests vector #1170: 0x22 0x0020f913eacf2e38a5d6fc3a8311d72ae704cb83866350a984dd3e5eb76d2a8c28e8 HASH160 0x14 0xdbb7d1c0a56b7a9c423300c8cca6e6e065baf1dc EQUAL
      ✔ should EVAL_FALSE script_tests vector #1171: 0x22 0x0020f913eacf2e38a5d6fc3a8311d72ae704cb83866350a984dd3e5eb76d2a8c28e8 HASH160 0x14 0xdbb7d1c0a56b7a9c423300c8cca6e6e065baf1dc EQUAL
      ✔ should EVAL_FALSE script_tests vector #1172: 0x22 0x0020f913eacf2e38a5d6fc3a8311d72ae704cb83866350a984dd3e5eb76d2a8c28e8 HASH160 0x14 0xdbb7d1c0a56b7a9c423300c8cca6e6e065baf1dc EQUAL
      ✔ should OK script_tests vector #1173: 0x22 0x0020f913eacf2e38a5d6fc3a8311d72ae704cb83866350a984dd3e5eb76d2a8c28e8 HASH160 0x14 0xdbb7d1c0a56b7a9c423300c8cca6e6e065baf1dc EQUAL
      ✔ should OK script_tests vector #1174: 0x22 0x0020f913eacf2e38a5d6fc3a8311d72ae704cb83866350a984dd3e5eb76d2a8c28e8 HASH160 0x14 0xdbb7d1c0a56b7a9c423300c8cca6e6e065baf1dc EQUAL
      ✔ should EVAL_FALSE script_tests vector #1175: 0x22 0x0020f913eacf2e38a5d6fc3a8311d72ae704cb83866350a984dd3e5eb76d2a8c28e8 HASH160 0x14 0xdbb7d1c0a56b7a9c423300c8cca6e6e065baf1dc EQUAL
      ✔ should MINIMALIF script_tests vector #1176: 0x22 0x0020f913eacf2e38a5d6fc3a8311d72ae704cb83866350a984dd3e5eb76d2a8c28e8 HASH160 0x14 0xdbb7d1c0a56b7a9c423300c8cca6e6e065baf1dc EQUAL
      ✔ should MINIMALIF script_tests vector #1177: 0x22 0x0020f913eacf2e38a5d6fc3a8311d72ae704cb83866350a984dd3e5eb76d2a8c28e8 HASH160 0x14 0xdbb7d1c0a56b7a9c423300c8cca6e6e065baf1dc EQUAL
      ✔ should OK script_tests vector #1178: 0x22 0x0020f913eacf2e38a5d6fc3a8311d72ae704cb83866350a984dd3e5eb76d2a8c28e8 HASH160 0x14 0xdbb7d1c0a56b7a9c423300c8cca6e6e065baf1dc EQUAL
      ✔ should MINIMALIF script_tests vector #1179: 0x22 0x0020f913eacf2e38a5d6fc3a8311d72ae704cb83866350a984dd3e5eb76d2a8c28e8 HASH160 0x14 0xdbb7d1c0a56b7a9c423300c8cca6e6e065baf1dc EQUAL
      ✔ should UNBALANCED_CONDITIONAL script_tests vector #1180: 0x22 0x0020f913eacf2e38a5d6fc3a8311d72ae704cb83866350a984dd3e5eb76d2a8c28e8 HASH160 0x14 0xdbb7d1c0a56b7a9c423300c8cca6e6e065baf1dc EQUAL
      ✔ should UNBALANCED_CONDITIONAL script_tests vector #1181: 0x22 0x0020f913eacf2e38a5d6fc3a8311d72ae704cb83866350a984dd3e5eb76d2a8c28e8 HASH160 0x14 0xdbb7d1c0a56b7a9c423300c8cca6e6e065baf1dc EQUAL
    bitcoind transaction evaluation fixtures
      ✔ should pass tx_valid vector 1
      ✔ should pass tx_valid vector 2
      ✔ should pass tx_valid vector 3
      ✔ should pass tx_valid vector 4
      ✔ should pass tx_valid vector 5
      ✔ should pass tx_valid vector 6
      ✔ should pass tx_valid vector 7
      ✔ should pass tx_valid vector 8
      ✔ should pass tx_valid vector 9
      ✔ should pass tx_valid vector 10
      ✔ should pass tx_valid vector 11
      ✔ should pass tx_valid vector 12
      ✔ should pass tx_valid vector 13
      ✔ should pass tx_valid vector 14
      ✔ should pass tx_valid vector 15
      ✔ should pass tx_valid vector 16
      ✔ should pass tx_valid vector 17
      ✔ should pass tx_valid vector 18
      ✔ should pass tx_valid vector 19
      ✔ should pass tx_valid vector 20
      ✔ should pass tx_valid vector 21
      ✔ should pass tx_valid vector 22
      ✔ should pass tx_valid vector 23
      ✔ should pass tx_valid vector 24
      ✔ should pass tx_valid vector 25
      ✔ should pass tx_valid vector 26
      ✔ should pass tx_valid vector 27
      ✔ should pass tx_valid vector 28
      ✔ should pass tx_valid vector 29
      ✔ should pass tx_valid vector 30
      ✔ should pass tx_valid vector 31
      ✔ should pass tx_valid vector 32
      ✔ should pass tx_valid vector 33
      ✔ should pass tx_valid vector 34
      ✔ should pass tx_valid vector 35
      ✔ should pass tx_valid vector 36
      ✔ should pass tx_valid vector 37
      ✔ should pass tx_valid vector 38
      ✔ should pass tx_valid vector 39
      ✔ should pass tx_valid vector 40
      ✔ should pass tx_valid vector 41
      ✔ should pass tx_valid vector 42
      ✔ should pass tx_valid vector 43
      ✔ should pass tx_valid vector 44
      ✔ should pass tx_valid vector 45
      ✔ should pass tx_valid vector 46
      ✔ should pass tx_valid vector 47
      ✔ should pass tx_valid vector 48
      ✔ should pass tx_valid vector 49
      ✔ should pass tx_valid vector 50
      ✔ should pass tx_invalid vector 1
      ✔ should pass tx_invalid vector 2
      ✔ should pass tx_invalid vector 3
      ✔ should pass tx_invalid vector 4
      ✔ should pass tx_invalid vector 5
      ✔ should pass tx_invalid vector 6
      ✔ should pass tx_invalid vector 7
      ✔ should pass tx_invalid vector 8
      ✔ should pass tx_invalid vector 9
      ✔ should pass tx_invalid vector 10
      ✔ should pass tx_invalid vector 11
      ✔ should pass tx_invalid vector 12
      ✔ should pass tx_invalid vector 13
      ✔ should pass tx_invalid vector 14
      ✔ should pass tx_invalid vector 15
      ✔ should pass tx_invalid vector 16
      ✔ should pass tx_invalid vector 17
      ✔ should pass tx_invalid vector 18
      ✔ should pass tx_invalid vector 19
      ✔ should pass tx_invalid vector 20
      ✔ should pass tx_invalid vector 21
      ✔ should pass tx_invalid vector 22
      ✔ should pass tx_invalid vector 23
      ✔ should pass tx_invalid vector 24
      ✔ should pass tx_invalid vector 25
      ✔ should pass tx_invalid vector 26
      ✔ should pass tx_invalid vector 27
      ✔ should pass tx_invalid vector 28
      ✔ should pass tx_invalid vector 29
      ✔ should pass tx_invalid vector 30
      ✔ should pass tx_invalid vector 31
      ✔ should pass tx_invalid vector 32
      ✔ should pass tx_invalid vector 33
      ✔ should pass tx_invalid vector 34
      ✔ should pass tx_invalid vector 35
      ✔ should pass tx_invalid vector 36
      ✔ should pass tx_invalid vector 37
      ✔ should pass tx_invalid vector 38
      ✔ should pass tx_invalid vector 39
    bitcoind script asset tests
      ✔ script asset test vector 0: siglen/empty_keypath
      ✔ script asset test vector 1: legacy/pk-wrongkey
      ✔ script asset test vector 2: tapscript/input80limit
      ✔ script asset test vector 3: tapscript/sigopsratio_3
      ✔ script asset test vector 4: tapscript/sigopsratio_2 (199ms)
      ✔ script asset test vector 5: inactive/keypath_empty
      ✔ script asset test vector 6: tapscript/sigopsratio_2 (189ms)
      ✔ script asset test vector 7: legacy/pkh-sighashflip
      ✔ script asset test vector 8: tapscript/sigopsratio_5
      ✔ script asset test vector 9: applic/keypath
      ✔ script asset test vector 10: tapscript/sigopsratio_2
      ✔ script asset test vector 11: sighash/branched_codesep/right
      ✔ script asset test vector 12: unkver/bare
      ✔ script asset test vector 13: legacy/pk-wrongkey
      ✔ script asset test vector 14: inactive/keypath_empty
      ✔ script asset test vector 15: applic/keypath
      ✔ script asset test vector 16: applic/keypath
      ✔ script asset test vector 17: tapscript/sigopsratio_4
      ✔ script asset test vector 18: tapscript/sigopsratio_2 (253ms)
      ✔ script asset test vector 19: inactive/scriptpath_valid
      ✔ script asset test vector 20: tapscript/sigopsratio_4 (95ms)
      ✔ script asset test vector 21: applic/keypath
      ✔ script asset test vector 22: tapscript/sigopsratio_3
      ✔ script asset test vector 23: sighash/keypath_hashtype_2
      ✔ script asset test vector 24: applic/keypath
      ✔ script asset test vector 25: legacy/pk-wrongkey
      ✔ script asset test vector 26: tapscript/sigopsratio_5
      ✔ script asset test vector 27: inactive/keypath_empty
      ✔ script asset test vector 28: tapscript/sigopsratio_0
      ✔ script asset test vector 29: alwaysvalid/notsuccessx
      ✔ script asset test vector 30: inactive/keypath_empty
      ✔ script asset test vector 31: tapscript/sigopsratio_1 (48ms)
      ✔ script asset test vector 32: tapscript/unkpk/checksigadd
      ✔ script asset test vector 33: legacy/pkh-sighashflip
      ✔ script asset test vector 34: applic/keypath
      ✔ script asset test vector 35: tapscript/sigopsratio_3
      ✔ script asset test vector 36: applic/keypath
      ✔ script asset test vector 37: spendpath/negflag
      ✔ script asset test vector 38: alwaysvalid/notsuccessx
      ✔ script asset test vector 39: tapscript/sigopsratio_4
      ✔ script asset test vector 40: inactive/keypath_empty
      ✔ script asset test vector 41: tapscript/sigopsratio_0 (54ms)
      ✔ script asset test vector 42: inactive/scriptpath_valid
      ✔ script asset test vector 43: applic/keypath
      ✔ script asset test vector 44: sighash/branched_codesep/right
      ✔ script asset test vector 45: spendpath/padshortcontrol
      ✔ script asset test vector 46: spendpath/bitflipmerkle
      ✔ script asset test vector 47: inactive/keypath_empty
      ✔ script asset test vector 48: inactive/keypath_empty
      ✔ script asset test vector 49: tapscript/sigopsratio_3
      ✔ script asset test vector 50: opsuccess/bare
      ✔ script asset test vector 51: inactive/keypath_empty
      ✔ script asset test vector 52: inactive/keypath_empty
      ✔ script asset test vector 53: legacy/pk-wrongkey
      ✔ script asset test vector 54: inactive/scriptpath_valid
      ✔ script asset test vector 55: inactive/keypath_empty
      ✔ script asset test vector 56: inactive/scriptpath_valid
      ✔ script asset test vector 57: applic/keypath
      ✔ script asset test vector 58: siglen/empty_csa
      ✔ script asset test vector 59: inactive/keypath_empty
      ✔ script asset test vector 60: unkver/bare
      ✔ script asset test vector 61: inactive/keypath_empty
      ✔ script asset test vector 62: legacy/pkh-sighashflip
      ✔ script asset test vector 63: tapscript/sigopsratio_4
      ✔ script asset test vector 64: inactive/keypath_empty
      ✔ script asset test vector 65: inactive/keypath_empty
      ✔ script asset test vector 66: legacy/pk-wrongkey
      ✔ script asset test vector 67: applic/keypath
      ✔ script asset test vector 68: inactive/keypath_empty
      ✔ script asset test vector 69: compact/nocsa
      ✔ script asset test vector 70: inactive/scriptpath_valid
      ✔ script asset test vector 71: opsuccess/exexecif
      ✔ script asset test vector 72: applic/keypath
      ✔ script asset test vector 73: legacy/pk-wrongkey
      ✔ script asset test vector 74: applic/keypath
      ✔ script asset test vector 75: tapscript/sigopsratio_0 (49ms)
      ✔ script asset test vector 76: legacy/pk-wrongkey
      ✔ script asset test vector 77: applic/keypath
      ✔ script asset test vector 78: unkver/bare
      ✔ script asset test vector 79: alwaysvalid/notsuccessx
      ✔ script asset test vector 80: opsuccess/bare
      ✔ script asset test vector 81: unkver/1001inputs
      ✔ script asset test vector 82: tapscript/sigopsratio_5
      ✔ script asset test vector 83: inactive/keypath_empty
      ✔ script asset test vector 84: legacy/pkh-sighashflip
      ✔ script asset test vector 85: compact/nocsa
      ✔ script asset test vector 86: tapscript/sigopsratio_5
      ✔ script asset test vector 87: legacy/pk-wrongkey
      ✔ script asset test vector 88: legacy/pkh-sighashflip
      ✔ script asset test vector 89: unkver/return
      ✔ script asset test vector 90: tapscript/oldpk/checksigverify
      ✔ script asset test vector 91: tapscript/emptypk/checksigadd
      ✔ script asset test vector 92: tapscript/sigopsratio_5 (748ms)
      ✔ script asset test vector 93: tapscript/sigopsratio_4
      ✔ script asset test vector 94: sighash/purepk
      ✔ script asset test vector 95: tapscript/sigopsratio_0
      ✔ script asset test vector 96: applic/keypath
      ✔ script asset test vector 97: sighash/branched_codesep/right
      ✔ script asset test vector 98: unkver/1001inputs
      ✔ script asset test vector 99: spendpath/emptywit
      ✔ script asset test vector 100: legacy/pkh-sighashflip
      ✔ script asset test vector 101: applic/keypath
      ✔ script asset test vector 102: spendpath/bitflippubkey
      ✔ script asset test vector 103: tapscript/sigopsratio_2 (246ms)
      ✔ script asset test vector 104: inactive/keypath_empty
      ✔ script asset test vector 105: opsuccess/1001inputs
      ✔ script asset test vector 106: applic/keypath
      ✔ script asset test vector 107: inactive/keypath_empty
      ✔ script asset test vector 108: applic/keypath
      ✔ script asset test vector 109: inactive/scriptpath_valid
      ✔ script asset test vector 110: tapscript/sigopsratio_4
      ✔ script asset test vector 111: applic/keypath
      ✔ script asset test vector 112: tapscript/sigopsratio_0
      ✔ script asset test vector 113: inactive/keypath_empty
      ✔ script asset test vector 114: alwaysvalid/notsuccessx
      ✔ script asset test vector 115: tapscript/sigopsratio_1
      ✔ script asset test vector 116: legacy/pkh-sighashflip
      ✔ script asset test vector 117: spendpath/bitflipmerkle
      ✔ script asset test vector 118: sighash/branched_codesep/right
      ✔ script asset test vector 119: tapscript/sigopsratio_2 (346ms)
      ✔ script asset test vector 120: tapscript/sigopsratio_0
      ✔ script asset test vector 121: inactive/keypath_empty
      ✔ script asset test vector 122: sighash/keypath_unk_hashtype_76
      ✔ script asset test vector 123: sighash/keypath_unk_hashtype_5
      ✔ script asset test vector 124: legacy/pkh-sighashflip
      ✔ script asset test vector 125: applic/keypath
      ✔ script asset test vector 126: applic/keypath
      ✔ script asset test vector 127: tapscript/sigopsratio_3 (351ms)
      ✔ script asset test vector 128: alwaysvalid/notsuccessx
      ✔ script asset test vector 129: applic/keypath
      ✔ script asset test vector 130: spendpath/bitflipmerkle
      ✔ script asset test vector 131: inactive/keypath_invalidsig
      ✔ script asset test vector 132: legacy/pk-wrongkey
      ✔ script asset test vector 133: legacy/pk-wrongkey
      ✔ script asset test vector 134: applic/keypath
      ✔ script asset test vector 135: tapscript/sigopsratio_5
      ✔ script asset test vector 136: applic/keypath
      ✔ script asset test vector 137: sighash/purepk
      ✔ script asset test vector 138: unkver/1001inputs
      ✔ script asset test vector 139: tapscript/sigopsratio_0
      ✔ script asset test vector 140: legacy/pk-wrongkey
      ✔ script asset test vector 141: applic/keypath
      ✔ script asset test vector 142: tapscript/emptypk/checksigadd
      ✔ script asset test vector 143: legacy/pkh-sighashflip
      ✔ script asset test vector 144: inactive/keypath_empty
      ✔ script asset test vector 145: tapscript/sigopsratio_0
      ✔ script asset test vector 146: opsuccess/bare
      ✔ script asset test vector 147: alwaysvalid/notsuccessx
      ✔ script asset test vector 148: inactive/keypath_empty
      ✔ script asset test vector 149: inactive/scriptpath_valid
      ✔ script asset test vector 150: tapscript/sigopsratio_1
      ✔ script asset test vector 151: applic/keypath
      ✔ script asset test vector 152: tapscript/sigopsratio_2 (248ms)
      ✔ script asset test vector 153: applic/keypath
      ✔ script asset test vector 154: applic/keypath
      ✔ script asset test vector 155: tapscript/sigopsratio_0 (265ms)
      ✔ script asset test vector 156: unkver/bare
      ✔ script asset test vector 157: sighash/purepk
      ✔ script asset test vector 158: applic/keypath
      ✔ script asset test vector 159: tapscript/emptypk/checksigadd
      ✔ script asset test vector 160: applic/keypath
      ✔ script asset test vector 161: tapscript/sigopsratio_1 (58ms)
      ✔ script asset test vector 162: sighash/scriptpath_hashtype_0
      ✔ script asset test vector 163: tapscript/sigopsratio_3
      ✔ script asset test vector 164: sighash/scriptpath_hashtype_0
      ✔ script asset test vector 165: inactive/keypath_empty
      ✔ script asset test vector 166: inactive/scriptpath_valid
      ✔ script asset test vector 167: legacy/pkh-sighashflip
      ✔ script asset test vector 168: legacy/pkh-sighashflip
      ✔ script asset test vector 169: legacy/pk-wrongkey
      ✔ script asset test vector 170: inactive/keypath_empty
      ✔ script asset test vector 171: inactive/keypath_empty
      ✔ script asset test vector 172: sighash/branched_codesep/right
      ✔ script asset test vector 173: legacy/pkh-sighashflip
      ✔ script asset test vector 174: inactive/keypath_empty
      ✔ script asset test vector 175: applic/keypath
      ✔ script asset test vector 176: inactive/keypath_empty
      ✔ script asset test vector 177: inactive/keypath_empty
      ✔ script asset test vector 178: legacy/pk-wrongkey
      ✔ script asset test vector 179: tapscript/sigopsratio_2 (270ms)
      ✔ script asset test vector 180: unkver/bare
      ✔ script asset test vector 181: tapscript/sigopsratio_5 (195ms)
      ✔ script asset test vector 182: alwaysvalid/notsuccessx
      ✔ script asset test vector 183: tapscript/unkpk/checksigadd
      ✔ script asset test vector 184: tapscript/sigopsratio_4
      ✔ script asset test vector 185: legacy/pk-wrongkey
      ✔ script asset test vector 186: legacy/pkh-sighashflip
      ✔ script asset test vector 187: legacy/pk-wrongkey
      ✔ script asset test vector 188: inactive/keypath_empty
      ✔ script asset test vector 189: tapscript/sigopsratio_3
      ✔ script asset test vector 190: tapscript/sigopsratio_0
      ✔ script asset test vector 191: inactive/scriptpath_valid
      ✔ script asset test vector 192: applic/keypath
      ✔ script asset test vector 193: unkver/bare
      ✔ script asset test vector 194: inactive/keypath_empty
      ✔ script asset test vector 195: tapscript/sigopsratio_0
      ✔ script asset test vector 196: sighash/branched_codesep/left
      ✔ script asset test vector 197: tapscript/sigopsratio_5
      ✔ script asset test vector 198: siglen/empty_cs_neg
      ✔ script asset test vector 199: tapscript/sigopsratio_4
      ✔ script asset test vector 200: applic/keypath
      ✔ script asset test vector 201: inactive/keypath_empty
      ✔ script asset test vector 202: opsuccess/undecodable_bypass
      ✔ script asset test vector 203: sighash/keypath
      ✔ script asset test vector 204: tapscript/sigopsratio_2 (492ms)
      ✔ script asset test vector 205: legacy/pk-wrongkey
      ✔ script asset test vector 206: tapscript/sigopsratio_5 (56ms)
      ✔ script asset test vector 207: tapscript/sigopsratio_3
      ✔ script asset test vector 208: legacy/pk-wrongkey
      ✔ script asset test vector 209: inactive/scriptpath_valid
      ✔ script asset test vector 210: tapscript/sigopsratio_2 (652ms)
      ✔ script asset test vector 211: tapscript/sigopsratio_3 (111ms)
      ✔ script asset test vector 212: applic/keypath
      ✔ script asset test vector 213: applic/keypath
      ✔ script asset test vector 214: tapscript/sigopsratio_2
      ✔ script asset test vector 215: spendpath/bitflipmerkle
      ✔ script asset test vector 216: inactive/keypath_empty
      ✔ script asset test vector 217: legacy/pk-wrongkey
      ✔ script asset test vector 218: inactive/keypath_empty
      ✔ script asset test vector 219: inactive/keypath_empty
      ✔ script asset test vector 220: opsuccess/1001inputs
      ✔ script asset test vector 221: tapscript/sigopsratio_5
      ✔ script asset test vector 222: unkver/bare
      ✔ script asset test vector 223: inactive/keypath_empty
      ✔ script asset test vector 224: inactive/keypath_empty
      ✔ script asset test vector 225: tapscript/no10000limit (49ms)
      ✔ script asset test vector 226: alwaysvalid/notsuccessx
      ✔ script asset test vector 227: tapscript/sigopsratio_3
      ✔ script asset test vector 228: siglen/empty_cs_neg
      ✔ script asset test vector 229: tapscript/sigopsratio_1
      ✔ script asset test vector 230: legacy/pk-wrongkey
      ✔ script asset test vector 231: inactive/keypath_empty
      ✔ script asset test vector 232: legacy/pkh-sighashflip
      ✔ script asset test vector 233: tapscript/sigopsratio_0
      ✔ script asset test vector 234: legacy/pkh-sighashflip
      ✔ script asset test vector 235: siglen/empty_keypath
      ✔ script asset test vector 236: legacy/pkh-sighashflip
      ✔ script asset test vector 237: sighash/scriptpath_hashtype_0
      ✔ script asset test vector 238: legacy/pk-wrongkey
      ✔ script asset test vector 239: applic/keypath
      ✔ script asset test vector 240: tapscript/1000stack
      ✔ script asset test vector 241: applic/keypath
      ✔ script asset test vector 242: legacy/pk-wrongkey
      ✔ script asset test vector 243: applic/keypath
      ✔ script asset test vector 244: legacy/pk-wrongkey
      ✔ script asset test vector 245: tapscript/sigopsratio_4
      ✔ script asset test vector 246: applic/keypath
      ✔ script asset test vector 247: compact/nocsa
      ✔ script asset test vector 248: legacy/pk-wrongkey
      ✔ script asset test vector 249: tapscript/sigopsratio_4 (186ms)
      ✔ script asset test vector 250: applic/keypath
      ✔ script asset test vector 251: inactive/scriptpath_valid
      ✔ script asset test vector 252: siglen/empty_csa_neg
      ✔ script asset test vector 253: sighash/branched_codesep/left
      ✔ script asset test vector 254: inactive/keypath_empty
      ✔ script asset test vector 255: applic/scriptpath
      ✔ script asset test vector 256: applic/keypath
      ✔ script asset test vector 257: tapscript/1000stack
      ✔ script asset test vector 258: tapscript/sigopsratio_0
      ✔ script asset test vector 259: unkver/1001inputs
      ✔ script asset test vector 260: inactive/keypath_empty
      ✔ script asset test vector 261: tapscript/sigopsratio_5 (507ms)
      ✔ script asset test vector 262: sighash/branched_codesep/right
      ✔ script asset test vector 263: applic/keypath
      ✔ script asset test vector 264: tapscript/checksigaddoversize
      ✔ script asset test vector 265: applic/keypath
      ✔ script asset test vector 266: tapscript/sigopsratio_4
      ✔ script asset test vector 267: inactive/keypath_empty
      ✔ script asset test vector 268: inactive/keypath_empty
      ✔ script asset test vector 269: inactive/keypath_empty
      ✔ script asset test vector 270: applic/keypath
      ✔ script asset test vector 271: applic/keypath
      ✔ script asset test vector 272: unkver/bare
      ✔ script asset test vector 273: siglen/empty_cs_neg
      ✔ script asset test vector 274: siglen/empty_cs_neg
      ✔ script asset test vector 275: tapscript/sigopsratio_2 (187ms)
      ✔ script asset test vector 276: unkver/bare
      ✔ script asset test vector 277: tapscript/sigopsratio_5 (177ms)
      ✔ script asset test vector 278: inactive/keypath_invalidsig
      ✔ script asset test vector 279: siglen/empty_cs
      ✔ script asset test vector 280: inactive/keypath_empty
      ✔ script asset test vector 281: legacy/pk-wrongkey
      ✔ script asset test vector 282: inactive/keypath_empty
      ✔ script asset test vector 283: tapscript/sigopsratio_5
      ✔ script asset test vector 284: sighash/branched_codesep/right
      ✔ script asset test vector 285: legacy/pkh-sighashflip
      ✔ script asset test vector 286: tapscript/emptypk/checksigadd
      ✔ script asset test vector 287: tapscript/sigopsratio_2 (580ms)
      ✔ script asset test vector 288: applic/keypath
      ✔ script asset test vector 289: legacy/pkh-sighashflip
      ✔ script asset test vector 290: inactive/keypath_empty
      ✔ script asset test vector 291: opsuccess/bare
      ✔ script asset test vector 292: tapscript/sigopsratio_4 (689ms)
      ✔ script asset test vector 293: applic/keypath
      ✔ script asset test vector 294: inactive/keypath_empty
      ✔ script asset test vector 295: sighash/purepk
      ✔ script asset test vector 296: inactive/keypath_empty
      ✔ script asset test vector 297: tapscript/sigopsratio_5
      ✔ script asset test vector 298: inactive/keypath_empty
      ✔ script asset test vector 299: legacy/pkh-sighashflip
      ✔ script asset test vector 300: tapscript/sigopsratio_5
      ✔ script asset test vector 301: tapscript/sigopsratio_3 (40ms)
      ✔ script asset test vector 302: siglen/empty_keypath
      ✔ script asset test vector 303: applic/keypath
      ✔ script asset test vector 304: applic/keypath
      ✔ script asset test vector 305: tapscript/sigopsratio_4
      ✔ script asset test vector 306: tapscript/sigopsratio_0 (438ms)
      ✔ script asset test vector 307: tapscript/sigopsratio_4
      ✔ script asset test vector 308: applic/keypath
      ✔ script asset test vector 309: alwaysvalid/notsuccessx
      ✔ script asset test vector 310: tapscript/sigopsratio_1
      ✔ script asset test vector 311: applic/keypath
      ✔ script asset test vector 312: tapscript/sigopsratio_3
      ✔ script asset test vector 313: applic/keypath
      ✔ script asset test vector 314: tapscript/emptypk/checksigadd
      ✔ script asset test vector 315: inactive/keypath_empty
      ✔ script asset test vector 316: tapscript/sigopsratio_5
      ✔ script asset test vector 317: legacy/pk-wrongkey
      ✔ script asset test vector 318: tapscript/sigopsratio_4
      ✔ script asset test vector 319: applic/keypath
      ✔ script asset test vector 320: alwaysvalid/notsuccessx
      ✔ script asset test vector 321: sighash/branched_codesep/left
      ✔ script asset test vector 322: inactive/keypath_empty
      ✔ script asset test vector 323: inactive/keypath_empty
      ✔ script asset test vector 324: inactive/scriptpath_valid
      ✔ script asset test vector 325: sighash/scriptpath_hashtype_82
      ✔ script asset test vector 326: tapscript/sigopsratio_5
      ✔ script asset test vector 327: tapscript/1000stack
      ✔ script asset test vector 328: spendpath/trunclongcontrol
      ✔ script asset test vector 329: compact/nocsa
      ✔ script asset test vector 330: inactive/keypath_empty
      ✔ script asset test vector 331: inactive/scriptpath_valid
      ✔ script asset test vector 332: legacy/pkh-sighashflip
      ✔ script asset test vector 333: inactive/keypath_empty
      ✔ script asset test vector 334: inactive/keypath_empty
      ✔ script asset test vector 335: legacy/pkh-sighashflip
      ✔ script asset test vector 336: applic/keypath
      ✔ script asset test vector 337: sighash/branched_codesep/right
      ✔ script asset test vector 338: applic/keypath
      ✔ script asset test vector 339: compact/nocsa
      ✔ script asset test vector 340: tapscript/sigopsratio_2 (234ms)
      ✔ script asset test vector 341: applic/keypath
      ✔ script asset test vector 342: tapscript/unkpk/checksigadd
      ✔ script asset test vector 343: alwaysvalid/notsuccessx
      ✔ script asset test vector 344: tapscript/sigopsratio_4 (163ms)
      ✔ script asset test vector 345: inactive/keypath_empty
      ✔ script asset test vector 346: inactive/keypath_empty
      ✔ script asset test vector 347: tapscript/sigopsratio_5
      ✔ script asset test vector 348: inactive/keypath_valid
      ✔ script asset test vector 349: opsuccess/bare
      ✔ script asset test vector 350: sighash/purepk
      ✔ script asset test vector 351: compact/nocsa
      ✔ script asset test vector 352: tapscript/sigopsratio_5
      ✔ script asset test vector 353: tapscript/unkpk/checksigadd
      ✔ script asset test vector 354: tapscript/sigopsratio_5 (40ms)
      ✔ script asset test vector 355: tapscript/sigopsratio_5 (580ms)
      ✔ script asset test vector 356: legacy/pk-wrongkey
      ✔ script asset test vector 357: applic/scriptpath
      ✔ script asset test vector 358: tapscript/sigopsratio_1
      ✔ script asset test vector 359: inactive/keypath_empty
      ✔ script asset test vector 360: legacy/pkh-sighashflip
      ✔ script asset test vector 361: inactive/keypath_empty
      ✔ script asset test vector 362: sighash/branched_codesep/right
      ✔ script asset test vector 363: applic/keypath
      ✔ script asset test vector 364: applic/keypath
      ✔ script asset test vector 365: applic/keypath
      ✔ script asset test vector 366: opsuccess/bigpush
      ✔ script asset test vector 367: legacy/pkh-sighashflip
      ✔ script asset test vector 368: tapscript/sigopsratio_0
      ✔ script asset test vector 369: sighash/keypath_unk_hashtype_f
      ✔ script asset test vector 370: tapscript/sigopsratio_3
      ✔ script asset test vector 371: sighash/branched_codesep/right
      ✔ script asset test vector 372: legacy/pk-wrongkey
      ✔ script asset test vector 373: inactive/scriptpath_valid
      ✔ script asset test vector 374: alwaysvalid/notsuccessx
      ✔ script asset test vector 375: alwaysvalid/notsuccessx
      ✔ script asset test vector 376: applic/keypath
      ✔ script asset test vector 377: tapscript/sigopsratio_3 (79ms)
      ✔ script asset test vector 378: tapscript/sigopsratio_3 (712ms)
      ✔ script asset test vector 379: tapscript/sigopsratio_3
      ✔ script asset test vector 380: unkver/return
      ✔ script asset test vector 381: applic/keypath
      ✔ script asset test vector 382: tapscript/sigopsratio_4
      ✔ script asset test vector 383: applic/keypath
      ✔ script asset test vector 384: inactive/keypath_empty
      ✔ script asset test vector 385: tapscript/sigopsratio_5
      ✔ script asset test vector 386: inactive/keypath_empty
      ✔ script asset test vector 387: tapscript/sigopsratio_0
      ✔ script asset test vector 388: sighash/keypath_hashtype_mis_3
      ✔ script asset test vector 389: tapscript/sigopsratio_0
      ✔ script asset test vector 390: alwaysvalid/notsuccessx
      ✔ script asset test vector 391: legacy/pk-wrongkey
      ✔ script asset test vector 392: legacy/pkh-sighashflip
      ✔ script asset test vector 393: tapscript/sigopsratio_5
      ✔ script asset test vector 394: legacy/pk-wrongkey
      ✔ script asset test vector 395: tapscript/unkpk/checksigadd
      ✔ script asset test vector 396: legacy/pkh-sighashflip
      ✔ script asset test vector 397: tapscript/unkpk/checksig
      ✔ script asset test vector 398: inactive/keypath_empty
      ✔ script asset test vector 399: tapscript/sigopsratio_5
      ✔ script asset test vector 400: alwaysvalid/notsuccessx
      ✔ script asset test vector 401: siglen/empty_cs_neg
      ✔ script asset test vector 402: unkver/1001inputs
      ✔ script asset test vector 403: tapscript/sigopsratio_5
      ✔ script asset test vector 404: tapscript/sigopsratio_5
      ✔ script asset test vector 405: siglen/empty_cs_neg
      ✔ script asset test vector 406: tapscript/sigopsratio_3
      ✔ script asset test vector 407: applic/keypath
      ✔ script asset test vector 408: sighash/branched_codesep/right
      ✔ script asset test vector 409: tapscript/sigopsratio_0
      ✔ script asset test vector 410: unkver/1001inputs
      ✔ script asset test vector 411: tapscript/sigopsratio_4 (543ms)
      ✔ script asset test vector 412: siglen/empty_cs_neg
      ✔ script asset test vector 413: tapscript/sigopsratio_2
      ✔ script asset test vector 414: inactive/keypath_empty
      ✔ script asset test vector 415: inactive/keypath_empty
      ✔ script asset test vector 416: applic/keypath
      ✔ script asset test vector 417: inactive/keypath_empty
      ✔ script asset test vector 418: applic/keypath
      ✔ script asset test vector 419: legacy/pkh-sighashflip
      ✔ script asset test vector 420: applic/keypath
      ✔ script asset test vector 421: inactive/scriptpath_valid
      ✔ script asset test vector 422: sighash/branched_codesep/right
      ✔ script asset test vector 423: alwaysvalid/notsuccessx
      ✔ script asset test vector 424: inactive/keypath_empty
      ✔ script asset test vector 425: inactive/keypath_empty
      ✔ script asset test vector 426: opsuccess/bare
      ✔ script asset test vector 427: sighash/pk_codesep
      ✔ script asset test vector 428: legacy/pk-wrongkey
      ✔ script asset test vector 429: inactive/keypath_empty
      ✔ script asset test vector 430: tapscript/sigopsratio_5
      ✔ script asset test vector 431: sighash/branched_codesep/left
      ✔ script asset test vector 432: inactive/keypath_invalidsig
      ✔ script asset test vector 433: legacy/pkh-sighashflip
      ✔ script asset test vector 434: tapscript/sigopsratio_5 (48ms)
      ✔ script asset test vector 435: applic/keypath
      ✔ script asset test vector 436: tapscript/sigopsratio_1
      ✔ script asset test vector 437: siglen/empty_cs_neg
      ✔ script asset test vector 438: tapscript/sigopsratio_1 (41ms)
      ✔ script asset test vector 439: legacy/pkh-sighashflip
      ✔ script asset test vector 440: applic/keypath
      ✔ script asset test vector 441: tapscript/sigopsratio_0
      ✔ script asset test vector 442: alwaysvalid/notsuccessx
      ✔ script asset test vector 443: sighash/purepk
      ✔ script asset test vector 444: inactive/keypath_empty
      ✔ script asset test vector 445: applic/keypath
      ✔ script asset test vector 446: alwaysvalid/notsuccessx
      ✔ script asset test vector 447: sighash/branched_codesep/right
      ✔ script asset test vector 448: applic/keypath
      ✔ script asset test vector 449: applic/keypath
      ✔ script asset test vector 450: unkver/bare
      ✔ script asset test vector 451: siglen/empty_keypath
      ✔ script asset test vector 452: inactive/scriptpath_valid
      ✔ script asset test vector 453: legacy/pkh-sighashflip
      ✔ script asset test vector 454: inactive/keypath_empty
      ✔ script asset test vector 455: legacy/pk-wrongkey
      ✔ script asset test vector 456: inactive/keypath_empty
      ✔ script asset test vector 457: tapscript/unkpk/checksigadd
      ✔ script asset test vector 458: alwaysvalid/notsuccessx
      ✔ script asset test vector 459: inactive/keypath_empty
      ✔ script asset test vector 460: legacy/pkh-sighashflip
      ✔ script asset test vector 461: unkver/1001inputs
      ✔ script asset test vector 462: applic/keypath
      ✔ script asset test vector 463: sighash/purepk
      ✔ script asset test vector 464: applic/keypath
      ✔ script asset test vector 465: legacy/pk-wrongkey
      ✔ script asset test vector 466: applic/keypath
      ✔ script asset test vector 467: applic/keypath
      ✔ script asset test vector 468: inactive/keypath_invalidsig
      ✔ script asset test vector 469: legacy/pk-wrongkey
      ✔ script asset test vector 470: inactive/keypath_empty
      ✔ script asset test vector 471: inactive/keypath_empty
      ✔ script asset test vector 472: applic/keypath
      ✔ script asset test vector 473: tapscript/sigopsratio_5
      ✔ script asset test vector 474: inactive/keypath_empty
      ✔ script asset test vector 475: applic/keypath
      ✔ script asset test vector 476: tapscript/sigopsratio_0 (169ms)
      ✔ script asset test vector 477: tapscript/sigopsratio_0 (83ms)
      ✔ script asset test vector 478: sighash/scriptpath_hashtype_3
      ✔ script asset test vector 479: sighash/branched_codesep/right
      ✔ script asset test vector 480: tapscript/sigopsratio_2 (663ms)
      ✔ script asset test vector 481: inactive/scriptpath_valid
      ✔ script asset test vector 482: tapscript/sigopsratio_1
      ✔ script asset test vector 483: legacy/pkh-sighashflip
      ✔ script asset test vector 484: legacy/pkh-sighashflip
      ✔ script asset test vector 485: inactive/keypath_invalidsig
      ✔ script asset test vector 486: applic/keypath
      ✔ script asset test vector 487: legacy/pkh-sighashflip
      ✔ script asset test vector 488: legacy/pk-wrongkey
      ✔ script asset test vector 489: tapscript/sigopsratio_1
      ✔ script asset test vector 490: sighash/scriptpath_hashtype_3
      ✔ script asset test vector 491: inactive/keypath_empty
      ✔ script asset test vector 492: inactive/keypath_empty
      ✔ script asset test vector 493: spendpath/padshortcontrol
      ✔ script asset test vector 494: inactive/scriptpath_valid
      ✔ script asset test vector 495: inactive/keypath_empty
      ✔ script asset test vector 496: tapscript/unkpk/checksigadd
      ✔ script asset test vector 497: tapscript/sigopsratio_1
      ✔ script asset test vector 498: applic/keypath
      ✔ script asset test vector 499: legacy/pkh-sighashflip
      ✔ script asset test vector 500: sighash/keypath
      ✔ script asset test vector 501: tapscript/sigopsratio_4 (497ms)
      ✔ script asset test vector 502: legacy/pk-wrongkey
      ✔ script asset test vector 503: inactive/keypath_empty
      ✔ script asset test vector 504: applic/keypath
      ✔ script asset test vector 505: tapscript/oldpk/checksigverify
      ✔ script asset test vector 506: applic/keypath
      ✔ script asset test vector 507: inactive/scriptpath_valid
      ✔ script asset test vector 508: tapscript/sigopsratio_5 (701ms)
      ✔ script asset test vector 509: applic/keypath
      ✔ script asset test vector 510: applic/keypath
      ✔ script asset test vector 511: applic/keypath
      ✔ script asset test vector 512: tapscript/sigopsratio_4 (47ms)
      ✔ script asset test vector 513: sighash/keypath_hashtype_mis_83
      ✔ script asset test vector 514: inactive/scriptpath_valid
      ✔ script asset test vector 515: inactive/keypath_empty
      ✔ script asset test vector 516: siglen/padzero_keypath
      ✔ script asset test vector 517: applic/keypath
      ✔ script asset test vector 518: unkver/bare
      ✔ script asset test vector 519: applic/keypath
      ✔ script asset test vector 520: sighash/purepk
      ✔ script asset test vector 521: legacy/pkh-sighashflip
      ✔ script asset test vector 522: tapscript/sigopsratio_4
      ✔ script asset test vector 523: tapscript/minimalnotif
      ✔ script asset test vector 524: applic/keypath
      ✔ script asset test vector 525: applic/keypath
      ✔ script asset test vector 526: applic/keypath
      ✔ script asset test vector 527: tapscript/sigopsratio_4
      ✔ script asset test vector 528: legacy/pk-wrongkey
      ✔ script asset test vector 529: sighash/purepk
      ✔ script asset test vector 530: legacy/pkh-sighashflip
      ✔ script asset test vector 531: legacy/pkh-sighashflip
      ✔ script asset test vector 532: tapscript/sigopsratio_5
      ✔ script asset test vector 533: tapscript/sigopsratio_0 (79ms)
      ✔ script asset test vector 534: legacy/pk-wrongkey
      ✔ script asset test vector 535: tapscript/1000stack
      ✔ script asset test vector 536: legacy/pkh-sighashflip
      ✔ script asset test vector 537: legacy/pkh-sighashflip
      ✔ script asset test vector 538: applic/keypath
      ✔ script asset test vector 539: applic/keypath
      ✔ script asset test vector 540: applic/keypath
      ✔ script asset test vector 541: tapscript/sigopsratio_2
      ✔ script asset test vector 542: applic/keypath
      ✔ script asset test vector 543: legacy/pkh-sighashflip
      ✔ script asset test vector 544: legacy/pk-wrongkey
      ✔ script asset test vector 545: tapscript/sigopsratio_4
      ✔ script asset test vector 546: tapscript/sigopsratio_2 (99ms)
      ✔ script asset test vector 547: sighash/branched_codesep/left
      ✔ script asset test vector 548: tapscript/sigopsratio_5 (432ms)
      ✔ script asset test vector 549: sighash/branched_codesep/right
      ✔ script asset test vector 550: tapscript/sigopsratio_3 (63ms)
      ✔ script asset test vector 551: tapscript/sigopsratio_0
      ✔ script asset test vector 552: siglen/empty_keypath
      ✔ script asset test vector 553: sighash/branched_codesep/right
      ✔ script asset test vector 554: inactive/keypath_empty
      ✔ script asset test vector 555: unkver/bare
      ✔ script asset test vector 556: inactive/keypath_empty
      ✔ script asset test vector 557: tapscript/sigopsratio_5
      ✔ script asset test vector 558: inactive/keypath_empty
      ✔ script asset test vector 559: applic/keypath
      ✔ script asset test vector 560: legacy/pkh-sighashflip
      ✔ script asset test vector 561: applic/keypath
      ✔ script asset test vector 562: siglen/empty_keypath
      ✔ script asset test vector 563: sighash/purepk
      ✔ script asset test vector 564: tapscript/sigopsratio_0 (40ms)
      ✔ script asset test vector 565: sighash/purepk
      ✔ script asset test vector 566: siglen/empty_csa_neg
      ✔ script asset test vector 567: legacy/pk-wrongkey
      ✔ script asset test vector 568: legacy/pkh-sighashflip
      ✔ script asset test vector 569: tapscript/sigopsratio_2 (59ms)
      ✔ script asset test vector 570: applic/keypath
      ✔ script asset test vector 571: inactive/keypath_empty
      ✔ script asset test vector 572: tapscript/sigopsratio_5 (194ms)
      ✔ script asset test vector 573: inactive/keypath_empty
      ✔ script asset test vector 574: inactive/keypath_empty
      ✔ script asset test vector 575: tapscript/sigopsratio_5
      ✔ script asset test vector 576: legacy/pk-wrongkey
      ✔ script asset test vector 577: tapscript/sigopsratio_0
      ✔ script asset test vector 578: tapscript/sigopsratio_0 (95ms)
      ✔ script asset test vector 579: applic/keypath
      ✔ script asset test vector 580: unkver/undecodable
      ✔ script asset test vector 581: sighash/scriptpath_hashtype_1
      ✔ script asset test vector 582: applic/keypath
      ✔ script asset test vector 583: applic/keypath
      ✔ script asset test vector 584: tapscript/1000inputs
      ✔ script asset test vector 585: opsuccess/undecodable_bypass
      ✔ script asset test vector 586: siglen/empty_keypath
      ✔ script asset test vector 587: compact/nocsa
      ✔ script asset test vector 588: legacy/pk-wrongkey
      ✔ script asset test vector 589: legacy/pk-wrongkey
      ✔ script asset test vector 590: legacy/pkh-sighashflip
      ✔ script asset test vector 591: tapscript/emptypk/checksigadd
      ✔ script asset test vector 592: tapscript/sigopsratio_5
      ✔ script asset test vector 593: applic/keypath
      ✔ script asset test vector 594: tapscript/sigopsratio_2 (188ms)
      ✔ script asset test vector 595: tapscript/sigopsratio_5
      ✔ script asset test vector 596: tapscript/sigopsratio_5
      ✔ script asset test vector 597: tapscript/sigopsratio_0
      ✔ script asset test vector 598: siglen/empty_cs_neg
      ✔ script asset test vector 599: tapscript/sigopsratio_4
      ✔ script asset test vector 600: applic/keypath
      ✔ script asset test vector 601: inactive/scriptpath_valid
      ✔ script asset test vector 602: siglen/empty_keypath
      ✔ script asset test vector 603: sighash/keypath_unk_hashtype_7b
      ✔ script asset test vector 604: opsuccess/bare
      ✔ script asset test vector 605: unkver/bigpush
      ✔ script asset test vector 606: siglen/empty_keypath
      ✔ script asset test vector 607: tapscript/oldpk/checksigverify
      ✔ script asset test vector 608: inactive/scriptpath_valid
      ✔ script asset test vector 609: siglen/empty_keypath
      ✔ script asset test vector 610: alwaysvalid/notsuccessx
      ✔ script asset test vector 611: tapscript/unkpk/checksigadd
      ✔ script asset test vector 612: alwaysvalid/notsuccessx
      ✔ script asset test vector 613: applic/keypath
      ✔ script asset test vector 614: applic/keypath
      ✔ script asset test vector 615: tapscript/sigopsratio_4
      ✔ script asset test vector 616: tapscript/sigopsratio_4 (79ms)
      ✔ script asset test vector 617: tapscript/sigopsratio_0
      ✔ script asset test vector 618: tapscript/checksigaddoversize
      ✔ script asset test vector 619: legacy/pk-wrongkey
      ✔ script asset test vector 620: applic/keypath
      ✔ script asset test vector 621: legacy/pk-wrongkey
      ✔ script asset test vector 622: applic/keypath
      ✔ script asset test vector 623: tapscript/sigopsratio_1
      ✔ script asset test vector 624: sighash/branched_codesep/right
      ✔ script asset test vector 625: alwaysvalid/notsuccessx
      ✔ script asset test vector 626: legacy/pk-wrongkey
      ✔ script asset test vector 627: spendpath/padshortcontrol
      ✔ script asset test vector 628: sighash/branched_codesep/right
      ✔ script asset test vector 629: applic/keypath
      ✔ script asset test vector 630: sighash/keypath_unk_hashtype_77
      ✔ script asset test vector 631: inactive/keypath_empty
      ✔ script asset test vector 632: applic/keypath
      ✔ script asset test vector 633: inactive/keypath_empty
      ✔ script asset test vector 634: spendpath/trunclongcontrol
      ✔ script asset test vector 635: applic/keypath
      ✔ script asset test vector 636: tapscript/input81limit
      ✔ script asset test vector 637: applic/keypath
      ✔ script asset test vector 638: inactive/keypath_invalidsig
      ✔ script asset test vector 639: legacy/pk-wrongkey
      ✔ script asset test vector 640: inactive/keypath_empty
      ✔ script asset test vector 641: legacy/pkh-sighashflip
      ✔ script asset test vector 642: inactive/keypath_invalidsig
      ✔ script asset test vector 643: legacy/pkh-sighashflip
      ✔ script asset test vector 644: legacy/pkh-sighashflip
      ✔ script asset test vector 645: siglen/empty_keypath
      ✔ script asset test vector 646: tapscript/sigopsratio_0 (78ms)
      ✔ script asset test vector 647: alwaysvalid/notsuccessx
      ✔ script asset test vector 648: legacy/pkh-sighashflip
      ✔ script asset test vector 649: unkver/1001inputs
      ✔ script asset test vector 650: legacy/pkh-sighashflip
      ✔ script asset test vector 651: tapscript/sigopsratio_5 (350ms)
      ✔ script asset test vector 652: tapscript/sigopsratio_5
      ✔ script asset test vector 653: sighash/keypath_unk_hashtype_7d
      ✔ script asset test vector 654: inactive/keypath_empty
      ✔ script asset test vector 655: inactive/keypath_empty
      ✔ script asset test vector 656: opsuccess/bare
      ✔ script asset test vector 657: applic/keypath
      ✔ script asset test vector 658: compact/nocsa
      ✔ script asset test vector 659: tapscript/sigopsratio_1
      ✔ script asset test vector 660: tapscript/sigopsratio_3
      ✔ script asset test vector 661: tapscript/input81limit
      ✔ script asset test vector 662: tapscript/minimalif
      ✔ script asset test vector 663: inactive/keypath_empty
      ✔ script asset test vector 664: legacy/pk-wrongkey
      ✔ script asset test vector 665: tapscript/sigopsratio_5
      ✔ script asset test vector 666: tapscript/sigopsratio_5 (73ms)
      ✔ script asset test vector 667: applic/keypath
      ✔ script asset test vector 668: inactive/keypath_empty
      ✔ script asset test vector 669: inactive/keypath_empty
      ✔ script asset test vector 670: tapscript/sigopsratio_1 (49ms)
      ✔ script asset test vector 671: compact/nocsa
      ✔ script asset test vector 672: legacy/pkh-sighashflip
      ✔ script asset test vector 673: legacy/pk-wrongkey
      ✔ script asset test vector 674: inactive/keypath_empty
      ✔ script asset test vector 675: applic/keypath
      ✔ script asset test vector 676: sighash/branched_codesep/right
      ✔ script asset test vector 677: inactive/scriptpath_valid
      ✔ script asset test vector 678: legacy/pk-wrongkey
      ✔ script asset test vector 679: opsuccess/bare
      ✔ script asset test vector 680: legacy/pk-wrongkey
      ✔ script asset test vector 681: inactive/keypath_empty
      ✔ script asset test vector 682: siglen/empty_csa_neg
      ✔ script asset test vector 683: tapscript/sigopsratio_0
      ✔ script asset test vector 684: tapscript/sigopsratio_0
      ✔ script asset test vector 685: unkver/bare
      ✔ script asset test vector 686: tapscript/sigopsratio_2 (189ms)
      ✔ script asset test vector 687: applic/keypath
      ✔ script asset test vector 688: inactive/scriptpath_valid
      ✔ script asset test vector 689: tapscript/sigopsratio_3
      ✔ script asset test vector 690: applic/keypath
      ✔ script asset test vector 691: sighash/branched_codesep/right
      ✔ script asset test vector 692: unkver/bare
      ✔ script asset test vector 693: inactive/keypath_empty
      ✔ script asset test vector 694: legacy/pkh-sighashflip
      ✔ script asset test vector 695: tapscript/emptypk/checksigadd
      ✔ script asset test vector 696: sighash/purepk
      ✔ script asset test vector 697: legacy/pk-wrongkey
      ✔ script asset test vector 698: applic/keypath
      ✔ script asset test vector 699: sighash/scriptpath_hashtype_0
      ✔ script asset test vector 700: applic/keypath
      ✔ script asset test vector 701: tapscript/sigopsratio_5
      ✔ script asset test vector 702: applic/keypath
      ✔ script asset test vector 703: siglen/empty_cs_neg
      ✔ script asset test vector 704: alwaysvalid/notsuccessx
      ✔ script asset test vector 705: siglen/empty_cs_neg
      ✔ script asset test vector 706: sighash/branched_codesep/left
      ✔ script asset test vector 707: inactive/scriptpath_valid
      ✔ script asset test vector 708: tapscript/sigopsratio_3
      ✔ script asset test vector 709: applic/keypath
      ✔ script asset test vector 710: legacy/pk-wrongkey
      ✔ script asset test vector 711: unkver/bare
      ✔ script asset test vector 712: legacy/pk-wrongkey
      ✔ script asset test vector 713: opsuccess/bare
      ✔ script asset test vector 714: legacy/pk-wrongkey
      ✔ script asset test vector 715: sighash/keypath_hashtype_1
      ✔ script asset test vector 716: tapscript/sigopsratio_4
      ✔ script asset test vector 717: tapscript/sigopsratio_5 (701ms)
      ✔ script asset test vector 718: spendpath/trunclongcontrol
      ✔ script asset test vector 719: applic/keypath
      ✔ script asset test vector 720: applic/keypath
      ✔ script asset test vector 721: inactive/keypath_empty
      ✔ script asset test vector 722: tapscript/sigopsratio_0 (159ms)
      ✔ script asset test vector 723: tapscript/sigopsratio_4
      ✔ script asset test vector 724: inactive/keypath_empty
      ✔ script asset test vector 725: spendpath/bitflipmerkle
      ✔ script asset test vector 726: inactive/keypath_empty
      ✔ script asset test vector 727: alwaysvalid/notsuccessx
      ✔ script asset test vector 728: applic/keypath
      ✔ script asset test vector 729: applic/keypath
      ✔ script asset test vector 730: tapscript/sigopsratio_1
      ✔ script asset test vector 731: applic/keypath
      ✔ script asset test vector 732: inactive/keypath_empty
      ✔ script asset test vector 733: spendpath/trunclongcontrol
      ✔ script asset test vector 734: legacy/pkh-sighashflip
      ✔ script asset test vector 735: inactive/keypath_invalidsig
      ✔ script asset test vector 736: unkver/1001inputs
      ✔ script asset test vector 737: legacy/pk-wrongkey
      ✔ script asset test vector 738: inactive/keypath_empty
      ✔ script asset test vector 739: inactive/keypath_empty
      ✔ script asset test vector 740: tapscript/minimalnotif
      ✔ script asset test vector 741: inactive/keypath_empty
      ✔ script asset test vector 742: sighash/keypath_unk_hashtype_b
      ✔ script asset test vector 743: unkver/bare
      ✔ script asset test vector 744: unkver/bare
      ✔ script asset test vector 745: tapscript/sigopsratio_5
      ✔ script asset test vector 746: tapscript/sigopsratio_0
      ✔ script asset test vector 747: inactive/scriptpath_valid
      ✔ script asset test vector 748: applic/keypath
      ✔ script asset test vector 749: legacy/pkh-sighashflip
      ✔ script asset test vector 750: opsuccess/bare
      ✔ script asset test vector 751: sighash/branched_codesep/right
      ✔ script asset test vector 752: legacy/pk-wrongkey
      ✔ script asset test vector 753: legacy/pkh-sighashflip
      ✔ script asset test vector 754: sighash/scriptpath_hashtype_1
      ✔ script asset test vector 755: sighash/branched_codesep/right
      ✔ script asset test vector 756: tapscript/checksigadd3args
      ✔ script asset test vector 757: inactive/keypath_empty
      ✔ script asset test vector 758: inactive/keypath_empty
      ✔ script asset test vector 759: legacy/pkh-sighashflip
      ✔ script asset test vector 760: applic/keypath
      ✔ script asset test vector 761: tapscript/sigopsratio_5 (362ms)
      ✔ script asset test vector 762: tapscript/sigopsratio_0 (40ms)
      ✔ script asset test vector 763: legacy/pkh-sighashflip
      ✔ script asset test vector 764: inactive/keypath_empty
      ✔ script asset test vector 765: unkver/1001inputs
      ✔ script asset test vector 766: inactive/keypath_empty
      ✔ script asset test vector 767: applic/keypath
      ✔ script asset test vector 768: legacy/pkh-sighashflip
      ✔ script asset test vector 769: tapscript/sigopsratio_5
      ✔ script asset test vector 770: inactive/keypath_empty
      ✔ script asset test vector 771: legacy/pkh-sighashflip
      ✔ script asset test vector 772: tapscript/sigopsratio_0
      ✔ script asset test vector 773: tapscript/sigopsratio_5
      ✔ script asset test vector 774: tapscript/sigopsratio_5
      ✔ script asset test vector 775: applic/keypath
      ✔ script asset test vector 776: legacy/pkh-sighashflip
      ✔ script asset test vector 777: applic/keypath
      ✔ script asset test vector 778: tapscript/sigopsratio_4
      ✔ script asset test vector 779: legacy/pk-wrongkey
      ✔ script asset test vector 780: sighash/hashtype0to1_keypath
      ✔ script asset test vector 781: spendpath/trunclongcontrol
      ✔ script asset test vector 782: legacy/pkh-sighashflip
      ✔ script asset test vector 783: applic/keypath
      ✔ script asset test vector 784: legacy/pk-wrongkey
      ✔ script asset test vector 785: tapscript/sigopsratio_2
      ✔ script asset test vector 786: applic/keypath
      ✔ script asset test vector 787: applic/keypath
      ✔ script asset test vector 788: sighash/keypath_unk_hashtype_b9
      ✔ script asset test vector 789: applic/keypath
      ✔ script asset test vector 790: applic/keypath
      ✔ script asset test vector 791: compact/nocsa
      ✔ script asset test vector 792: legacy/pk-wrongkey
      ✔ script asset test vector 793: applic/keypath
      ✔ script asset test vector 794: legacy/pk-wrongkey
      ✔ script asset test vector 795: legacy/pkh-sighashflip
      ✔ script asset test vector 796: applic/keypath
      ✔ script asset test vector 797: unkver/bare
      ✔ script asset test vector 798: tapscript/sigopsratio_1 (46ms)
      ✔ script asset test vector 799: tapscript/sigopsratio_5 (370ms)
      ✔ script asset test vector 800: unkver/1001inputs
      ✔ script asset test vector 801: tapscript/sigopsratio_3 (311ms)
      ✔ script asset test vector 802: applic/keypath
      ✔ script asset test vector 803: tapscript/sigopsratio_3
      ✔ script asset test vector 804: tapscript/disabled_checkmultisig
      ✔ script asset test vector 805: legacy/pkh-sighashflip
      ✔ script asset test vector 806: tapscript/sigopsratio_3
      ✔ script asset test vector 807: sighash/keypath_unk_hashtype_ff
      ✔ script asset test vector 808: applic/keypath
      ✔ script asset test vector 809: alwaysvalid/notsuccessx
      ✔ script asset test vector 810: applic/keypath
      ✔ script asset test vector 811: tapscript/unkpk/checksigadd
      ✔ script asset test vector 812: applic/keypath
      ✔ script asset test vector 813: inactive/keypath_invalidsig
      ✔ script asset test vector 814: applic/keypath
      ✔ script asset test vector 815: tapscript/checksigaddoversize
      ✔ script asset test vector 816: legacy/pkh-sighashflip
      ✔ script asset test vector 817: applic/keypath
      ✔ script asset test vector 818: legacy/pkh-sighashflip
      ✔ script asset test vector 819: alwaysvalid/notsuccessx
      ✔ script asset test vector 820: tapscript/sigopsratio_2 (118ms)
      ✔ script asset test vector 821: siglen/empty_cs_neg
      ✔ script asset test vector 822: applic/keypath
      ✔ script asset test vector 823: tapscript/sigopsratio_0
      ✔ script asset test vector 824: tapscript/oldpk/checksig
      ✔ script asset test vector 825: tapscript/sigopsratio_2 (120ms)
      ✔ script asset test vector 826: tapscript/sigopsratio_5
      ✔ script asset test vector 827: siglen/empty_cs_neg
      ✔ script asset test vector 828: tapscript/sigopsratio_0
      ✔ script asset test vector 829: legacy/pkh-sighashflip
      ✔ script asset test vector 830: sighash/branched_codesep/right
      ✔ script asset test vector 831: applic/keypath
      ✔ script asset test vector 832: inactive/scriptpath_valid
      ✔ script asset test vector 833: tapscript/sigopsratio_0
      ✔ script asset test vector 834: tapscript/sigopsratio_0
      ✔ script asset test vector 835: applic/keypath
      ✔ script asset test vector 836: siglen/empty_csa_neg
      ✔ script asset test vector 837: inactive/keypath_empty
      ✔ script asset test vector 838: applic/keypath
      ✔ script asset test vector 839: legacy/pk-wrongkey
      ✔ script asset test vector 840: tapscript/sigopsratio_5
      ✔ script asset test vector 841: tapscript/sigopsratio_0
      ✔ script asset test vector 842: tapscript/sigopsratio_4 (711ms)
      ✔ script asset test vector 843: applic/keypath
      ✔ script asset test vector 844: inactive/scriptpath_valid
      ✔ script asset test vector 845: inactive/keypath_empty
      ✔ script asset test vector 846: legacy/pk-wrongkey
      ✔ script asset test vector 847: siglen/empty_keypath
      ✔ script asset test vector 848: tapscript/sigopsratio_0
      ✔ script asset test vector 849: tapscript/sigopsratio_3 (184ms)
      ✔ script asset test vector 850: applic/keypath
      ✔ script asset test vector 851: tapscript/unkpk/checksigadd
      ✔ script asset test vector 852: legacy/pkh-sighashflip
      ✔ script asset test vector 853: legacy/pk-wrongkey
      ✔ script asset test vector 854: applic/keypath
      ✔ script asset test vector 855: inactive/scriptpath_valid
      ✔ script asset test vector 856: sighash/branched_codesep/left
      ✔ script asset test vector 857: applic/keypath
      ✔ script asset test vector 858: applic/keypath
      ✔ script asset test vector 859: applic/keypath
      ✔ script asset test vector 860: tapscript/input80limit
      ✔ script asset test vector 861: inactive/scriptpath_valid
      ✔ script asset test vector 862: inactive/keypath_empty
      ✔ script asset test vector 863: unkver/1001inputs
      ✔ script asset test vector 864: unkver/1001inputs
      ✔ script asset test vector 865: applic/keypath
      ✔ script asset test vector 866: tapscript/sigopsratio_4
      ✔ script asset test vector 867: inactive/keypath_empty
      ✔ script asset test vector 868: tapscript/sigopsratio_1
      ✔ script asset test vector 869: legacy/pk-wrongkey
      ✔ script asset test vector 870: inactive/keypath_empty
      ✔ script asset test vector 871: tapscript/sigopsratio_1
      ✔ script asset test vector 872: inactive/keypath_invalidsig
      ✔ script asset test vector 873: sighash/scriptpath_hashtype_2
      ✔ script asset test vector 874: legacy/pk-wrongkey
      ✔ script asset test vector 875: applic/keypath
      ✔ script asset test vector 876: tapscript/sigopsratio_0
      ✔ script asset test vector 877: sighash/branched_codesep/right
      ✔ script asset test vector 878: inactive/keypath_empty
      ✔ script asset test vector 879: alwaysvalid/notsuccessx
      ✔ script asset test vector 880: legacy/pk-wrongkey
      ✔ script asset test vector 881: sighash/scriptpath_hashtype_3
      ✔ script asset test vector 882: inactive/keypath_empty
      ✔ script asset test vector 883: legacy/pkh-sighashflip
      ✔ script asset test vector 884: inactive/scriptpath_valid
      ✔ script asset test vector 885: legacy/pk-wrongkey
      ✔ script asset test vector 886: tapscript/no10000limit (47ms)
      ✔ script asset test vector 887: inactive/keypath_empty
      ✔ script asset test vector 888: inactive/keypath_empty
      ✔ script asset test vector 889: compact/nocsa
      ✔ script asset test vector 890: legacy/pk-wrongkey
      ✔ script asset test vector 891: tapscript/sigopsratio_2 (136ms)
      ✔ script asset test vector 892: siglen/empty_cs_neg
      ✔ script asset test vector 893: inactive/keypath_empty
      ✔ script asset test vector 894: tapscript/sigopsratio_0
      ✔ script asset test vector 895: applic/keypath
      ✔ script asset test vector 896: legacy/pk-wrongkey
      ✔ script asset test vector 897: legacy/pkh-sighashflip
      ✔ script asset test vector 898: legacy/pk-wrongkey
      ✔ script asset test vector 899: compact/nocsa
      ✔ script asset test vector 900: sighash/keypath_unk_hashtype_72
      ✔ script asset test vector 901: inactive/keypath_empty
      ✔ script asset test vector 902: siglen/popbyte_keypath
      ✔ script asset test vector 903: applic/keypath
      ✔ script asset test vector 904: inactive/scriptpath_valid
      ✔ script asset test vector 905: legacy/pkh-sighashflip
      ✔ script asset test vector 906: applic/keypath
      ✔ script asset test vector 907: inactive/keypath_invalidsig
      ✔ script asset test vector 908: sighash/branched_codesep/right
      ✔ script asset test vector 909: sighash/keypath_unk_hashtype_6a
      ✔ script asset test vector 910: tapscript/sigopsratio_5 (47ms)
      ✔ script asset test vector 911: tapscript/sigopsratio_1 (96ms)
      ✔ script asset test vector 912: tapscript/sigopsratio_3 (40ms)
      ✔ script asset test vector 913: sighash/purepk
      ✔ script asset test vector 914: sighash/branched_codesep/right
      ✔ script asset test vector 915: inactive/scriptpath_valid
      ✔ script asset test vector 916: legacy/pkh-sighashflip
      ✔ script asset test vector 917: tapscript/sigopsratio_5 (715ms)
      ✔ script asset test vector 918: opsuccess/bare
      ✔ script asset test vector 919: tapscript/sigopsratio_0
      ✔ script asset test vector 920: inactive/keypath_empty
      ✔ script asset test vector 921: legacy/pk-wrongkey
      ✔ script asset test vector 922: applic/keypath
      ✔ script asset test vector 923: inactive/keypath_empty
      ✔ script asset test vector 924: sighash/branched_codesep/right
      ✔ script asset test vector 925: sighash/scriptpath_hashtype_3
      ✔ script asset test vector 926: tapscript/sigopsratio_0 (70ms)
      ✔ script asset test vector 927: legacy/pk-wrongkey
      ✔ script asset test vector 928: siglen/empty_keypath
      ✔ script asset test vector 929: tapscript/sigopsratio_4
      ✔ script asset test vector 930: tapscript/unkpk/checksigadd
      ✔ script asset test vector 931: sighash/purepk
      ✔ script asset test vector 932: siglen/empty_keypath
      ✔ script asset test vector 933: applic/keypath
      ✔ script asset test vector 934: tapscript/sigopsratio_3
      ✔ script asset test vector 935: alwaysvalid/notsuccessx
      ✔ script asset test vector 936: legacy/pkh-sighashflip
      ✔ script asset test vector 937: legacy/pk-wrongkey
      ✔ script asset test vector 938: sighash/keypath_unk_hashtype_f
      ✔ script asset test vector 939: inactive/keypath_empty
      ✔ script asset test vector 940: sighash/keypath_unk_hashtype_6
      ✔ script asset test vector 941: tapscript/sigopsratio_5
      ✔ script asset test vector 942: inactive/keypath_empty
      ✔ script asset test vector 943: tapscript/sigopsratio_1
      ✔ script asset test vector 944: opsuccess/bare
      ✔ script asset test vector 945: legacy/pk-wrongkey
      ✔ script asset test vector 946: legacy/pk-wrongkey
      ✔ script asset test vector 947: tapscript/sigopsratio_2 (234ms)
      ✔ script asset test vector 948: legacy/pk-wrongkey
      ✔ script asset test vector 949: compact/nocsa
      ✔ script asset test vector 950: tapscript/sigopsratio_5
      ✔ script asset test vector 951: legacy/pk-wrongkey
      ✔ script asset test vector 952: inactive/keypath_empty
      ✔ script asset test vector 953: legacy/pkh-sighashflip
      ✔ script asset test vector 954: inactive/keypath_empty
      ✔ script asset test vector 955: legacy/pk-wrongkey
      ✔ script asset test vector 956: inactive/keypath_empty
      ✔ script asset test vector 957: legacy/pkh-sighashflip
      ✔ script asset test vector 958: legacy/pk-wrongkey
      ✔ script asset test vector 959: tapscript/sigopsratio_5
      ✔ script asset test vector 960: inactive/keypath_empty
      ✔ script asset test vector 961: applic/keypath
      ✔ script asset test vector 962: legacy/pkh-sighashflip
      ✔ script asset test vector 963: inactive/scriptpath_valid
      ✔ script asset test vector 964: siglen/empty_cs_neg
      ✔ script asset test vector 965: unkver/bare
      ✔ script asset test vector 966: applic/keypath
      ✔ script asset test vector 967: applic/keypath
      ✔ script asset test vector 968: inactive/keypath_empty
      ✔ script asset test vector 969: tapscript/sigopsratio_1
      ✔ script asset test vector 970: sighash/branched_codesep/left
      ✔ script asset test vector 971: sighash/branched_codesep/right
      ✔ script asset test vector 972: sighash/branched_codesep/right
      ✔ script asset test vector 973: inactive/scriptpath_valid
      ✔ script asset test vector 974: tapscript/sigopsratio_5 (494ms)
      ✔ script asset test vector 975: inactive/scriptpath_valid
      ✔ script asset test vector 976: siglen/empty_keypath
      ✔ script asset test vector 977: tapscript/1000inputs
      ✔ script asset test vector 978: sighash/purepk
      ✔ script asset test vector 979: tapscript/sigopsratio_3 (84ms)
      ✔ script asset test vector 980: applic/keypath
      ✔ script asset test vector 981: tapscript/sigopsratio_0
      ✔ script asset test vector 982: tapscript/sigopsratio_0
      ✔ script asset test vector 983: sighash/scriptpath_hashtype_3
      ✔ script asset test vector 984: applic/keypath
      ✔ script asset test vector 985: legacy/pk-wrongkey
      ✔ script asset test vector 986: sighash/keypath
      ✔ script asset test vector 987: applic/keypath
      ✔ script asset test vector 988: inactive/keypath_empty
      ✔ script asset test vector 989: tapscript/1000stack
      ✔ script asset test vector 990: tapscript/sigopsratio_5
      ✔ script asset test vector 991: alwaysvalid/notsuccessx
      ✔ script asset test vector 992: inactive/keypath_empty
      ✔ script asset test vector 993: opsuccess/bare
      ✔ script asset test vector 994: applic/keypath
      ✔ script asset test vector 995: legacy/pkh-sighashflip
      ✔ script asset test vector 996: inactive/keypath_empty
      ✔ script asset test vector 997: alwaysvalid/notsuccessx
      ✔ script asset test vector 998: tapscript/minimalif
      ✔ script asset test vector 999: applic/keypath
      ✔ script asset test vector 1000: unkver/1001inputs
      ✔ script asset test vector 1001: legacy/pkh-sighashflip
      ✔ script asset test vector 1002: applic/keypath
      ✔ script asset test vector 1003: compact/nocsa
      ✔ script asset test vector 1004: legacy/pkh-sighashflip
      ✔ script asset test vector 1005: sighash/purepk
      ✔ script asset test vector 1006: alwaysvalid/notsuccessx
      ✔ script asset test vector 1007: compact/nocsa
      ✔ script asset test vector 1008: inactive/keypath_invalidsig
      ✔ script asset test vector 1009: applic/keypath
      ✔ script asset test vector 1010: unkver/bare
      ✔ script asset test vector 1011: legacy/pk-wrongkey
      ✔ script asset test vector 1012: spendpath/bitflipmerkle
      ✔ script asset test vector 1013: applic/keypath
      ✔ script asset test vector 1014: legacy/pk-wrongkey
      ✔ script asset test vector 1015: legacy/pkh-sighashflip
      ✔ script asset test vector 1016: inactive/keypath_empty
      ✔ script asset test vector 1017: tapscript/sigopsratio_5
      ✔ script asset test vector 1018: unkver/bare
      ✔ script asset test vector 1019: legacy/pkh-sighashflip
      ✔ script asset test vector 1020: legacy/pk-wrongkey
      ✔ script asset test vector 1021: tapscript/sigopsratio_4
      ✔ script asset test vector 1022: compact/nocsa
      ✔ script asset test vector 1023: legacy/pk-wrongkey
      ✔ script asset test vector 1024: tapscript/sigopsratio_4 (57ms)
      ✔ script asset test vector 1025: applic/keypath
      ✔ script asset test vector 1026: tapscript/sigopsratio_5
      ✔ script asset test vector 1027: sighash/branched_codesep/left
      ✔ script asset test vector 1028: sighash/branched_codesep/left
      ✔ script asset test vector 1029: tapscript/sigopsratio_1 (88ms)
      ✔ script asset test vector 1030: legacy/pk-wrongkey
      ✔ script asset test vector 1031: applic/keypath
      ✔ script asset test vector 1032: applic/keypath
      ✔ script asset test vector 1033: legacy/pk-wrongkey
      ✔ script asset test vector 1034: inactive/keypath_empty
      ✔ script asset test vector 1035: opsuccess/bare
      ✔ script asset test vector 1036: tapscript/sigopsratio_5
      ✔ script asset test vector 1037: applic/keypath
      ✔ script asset test vector 1038: inactive/keypath_invalidsig
      ✔ script asset test vector 1039: legacy/pkh-sighashflip
      ✔ script asset test vector 1040: legacy/pkh-sighashflip
      ✔ script asset test vector 1041: legacy/pkh-sighashflip
      ✔ script asset test vector 1042: inactive/keypath_empty
      ✔ script asset test vector 1043: legacy/pk-wrongkey
      ✔ script asset test vector 1044: applic/keypath
      ✔ script asset test vector 1045: applic/keypath
      ✔ script asset test vector 1046: legacy/pkh-sighashflip
      ✔ script asset test vector 1047: tapscript/oldpk/checksigverify
      ✔ script asset test vector 1048: sighash/scriptpath_hashtype_2
      ✔ script asset test vector 1049: inactive/keypath_empty
      ✔ script asset test vector 1050: tapscript/sigopsratio_4
      ✔ script asset test vector 1051: tapscript/sigopsratio_0
      ✔ script asset test vector 1052: inactive/keypath_empty
      ✔ script asset test vector 1053: applic/keypath
      ✔ script asset test vector 1054: sighash/branched_codesep/right
      ✔ script asset test vector 1055: legacy/pk-wrongkey
      ✔ script asset test vector 1056: tapscript/sigopsratio_4
      ✔ script asset test vector 1057: inactive/keypath_empty
      ✔ script asset test vector 1058: unkver/1001inputs
      ✔ script asset test vector 1059: legacy/pkh-sighashflip
      ✔ script asset test vector 1060: applic/keypath
      ✔ script asset test vector 1061: inactive/keypath_invalidsig
      ✔ script asset test vector 1062: tapscript/sigopsratio_5
      ✔ script asset test vector 1063: inactive/keypath_empty
      ✔ script asset test vector 1064: applic/keypath
      ✔ script asset test vector 1065: inactive/keypath_empty
      ✔ script asset test vector 1066: tapscript/sigopsratio_1 (147ms)
      ✔ script asset test vector 1067: inactive/keypath_empty
      ✔ script asset test vector 1068: tapscript/sigopsratio_5
      ✔ script asset test vector 1069: tapscript/sigopsratio_3
      ✔ script asset test vector 1070: applic/keypath
      ✔ script asset test vector 1071: siglen/empty_keypath
      ✔ script asset test vector 1072: spendpath/padshortcontrol
      ✔ script asset test vector 1073: opsuccess/undecodable
      ✔ script asset test vector 1074: inactive/keypath_empty
      ✔ script asset test vector 1075: tapscript/sigopsratio_5 (128ms)
      ✔ script asset test vector 1076: legacy/pkh-sighashflip
      ✔ script asset test vector 1077: alwaysvalid/notsuccessx
      ✔ script asset test vector 1078: tapscript/1000inputs
      ✔ script asset test vector 1079: sighash/pk_codesep
      ✔ script asset test vector 1080: alwaysvalid/notsuccessx
      ✔ script asset test vector 1081: applic/keypath
      ✔ script asset test vector 1082: applic/keypath
      ✔ script asset test vector 1083: applic/keypath
      ✔ script asset test vector 1084: unkver/1001inputs
      ✔ script asset test vector 1085: legacy/pkh-sighashflip
      ✔ script asset test vector 1086: tapscript/sigopsratio_3
      ✔ script asset test vector 1087: applic/keypath
      ✔ script asset test vector 1088: inactive/keypath_empty
      ✔ script asset test vector 1089: legacy/pk-wrongkey
      ✔ script asset test vector 1090: legacy/pkh-sighashflip
      ✔ script asset test vector 1091: unkver/1001inputs
      ✔ script asset test vector 1092: inactive/keypath_empty
      ✔ script asset test vector 1093: inactive/keypath_empty
      ✔ script asset test vector 1094: legacy/pk-wrongkey
      ✔ script asset test vector 1095: applic/keypath
      ✔ script asset test vector 1096: sighash/scriptpath_hashtype_2
      ✔ script asset test vector 1097: inactive/scriptpath_valid
      ✔ script asset test vector 1098: inactive/keypath_empty
      ✔ script asset test vector 1099: inactive/keypath_empty
      ✔ script asset test vector 1100: legacy/pk-wrongkey
      ✔ script asset test vector 1101: applic/keypath
      ✔ script asset test vector 1102: sighash/branched_codesep/right
      ✔ script asset test vector 1103: tapscript/sigopsratio_3 (212ms)
      ✔ script asset test vector 1104: applic/keypath
      ✔ script asset test vector 1105: inactive/keypath_empty
      ✔ script asset test vector 1106: inactive/scriptpath_valid
      ✔ script asset test vector 1107: tapscript/1000stack
      ✔ script asset test vector 1108: alwaysvalid/notsuccessx
      ✔ script asset test vector 1109: tapscript/checksigaddresults
      ✔ script asset test vector 1110: tapscript/sigopsratio_0
      ✔ script asset test vector 1111: applic/keypath
      ✔ script asset test vector 1112: sighash/scriptpath_hashtype_82
      ✔ script asset test vector 1113: applic/keypath
      ✔ script asset test vector 1114: legacy/pk-wrongkey
      ✔ script asset test vector 1115: legacy/pkh-sighashflip
      ✔ script asset test vector 1116: tapscript/sigopsratio_4
      ✔ script asset test vector 1117: tapscript/sigopsratio_5 (177ms)
      ✔ script asset test vector 1118: applic/keypath
      ✔ script asset test vector 1119: unkver/1001inputs
      ✔ script asset test vector 1120: siglen/empty_keypath
      ✔ script asset test vector 1121: applic/keypath
      ✔ script asset test vector 1122: applic/keypath
      ✔ script asset test vector 1123: legacy/pk-wrongkey
      ✔ script asset test vector 1124: tapscript/sigopsratio_4
      ✔ script asset test vector 1125: inactive/keypath_empty
      ✔ script asset test vector 1126: unkver/bare
      ✔ script asset test vector 1127: sighash/branched_codesep/left
      ✔ script asset test vector 1128: legacy/pkh-sighashflip
      ✔ script asset test vector 1129: tapscript/1000inputs
      ✔ script asset test vector 1130: tapscript/sigopsratio_4
      ✔ script asset test vector 1131: sighash/keypath_hashtype_mis_3
      ✔ script asset test vector 1132: alwaysvalid/notsuccessx
      ✔ script asset test vector 1133: alwaysvalid/notsuccessx
      ✔ script asset test vector 1134: inactive/keypath_empty
      ✔ script asset test vector 1135: tapscript/emptysigs/checksigadd
      ✔ script asset test vector 1136: tapscript/sigopsratio_3 (242ms)
      ✔ script asset test vector 1137: legacy/pk-wrongkey
      ✔ script asset test vector 1138: applic/keypath
      ✔ script asset test vector 1139: siglen/empty_csa_neg
      ✔ script asset test vector 1140: inactive/keypath_empty
      ✔ script asset test vector 1141: inactive/scriptpath_valid
      ✔ script asset test vector 1142: tapscript/sigopsratio_0
      ✔ script asset test vector 1143: sighash/keypath
      ✔ script asset test vector 1144: siglen/empty_keypath
      ✔ script asset test vector 1145: siglen/empty_keypath
      ✔ script asset test vector 1146: unkver/bare
      ✔ script asset test vector 1147: legacy/pkh-sighashflip
      ✔ script asset test vector 1148: tapscript/unkpk/checksigadd
      ✔ script asset test vector 1149: spendpath/truncshortcontrol
      ✔ script asset test vector 1150: inactive/keypath_empty
      ✔ script asset test vector 1151: applic/keypath
      ✔ script asset test vector 1152: applic/keypath
      ✔ script asset test vector 1153: legacy/pkh-sighashflip
      ✔ script asset test vector 1154: siglen/empty_keypath
      ✔ script asset test vector 1155: applic/keypath
      ✔ script asset test vector 1156: tapscript/sigopsratio_5
      ✔ script asset test vector 1157: tapscript/sigopsratio_4 (597ms)
      ✔ script asset test vector 1158: legacy/pk-wrongkey
      ✔ script asset test vector 1159: legacy/pkh-sighashflip
      ✔ script asset test vector 1160: applic/keypath
      ✔ script asset test vector 1161: siglen/empty_cs
      ✔ script asset test vector 1162: inactive/scriptpath_valid
      ✔ script asset test vector 1163: applic/keypath
      ✔ script asset test vector 1164: tapscript/sigopsratio_0 (50ms)
      ✔ script asset test vector 1165: alwaysvalid/notsuccessx
      ✔ script asset test vector 1166: opsuccess/bare
      ✔ script asset test vector 1167: applic/keypath
      ✔ script asset test vector 1168: unkver/1001push
      ✔ script asset test vector 1169: inactive/keypath_empty
      ✔ script asset test vector 1170: applic/keypath
      ✔ script asset test vector 1171: inactive/keypath_empty
      ✔ script asset test vector 1172: inactive/keypath_empty
      ✔ script asset test vector 1173: legacy/pkh-sighashflip
      ✔ script asset test vector 1174: legacy/pkh-sighashflip
      ✔ script asset test vector 1175: legacy/pkh-sighashflip
      ✔ script asset test vector 1176: siglen/empty_csa
      ✔ script asset test vector 1177: unkver/1001inputs
      ✔ script asset test vector 1178: tapscript/sigopsratio_1
      ✔ script asset test vector 1179: alwaysvalid/notsuccessx
      ✔ script asset test vector 1180: tapscript/sigopsratio_0
      ✔ script asset test vector 1181: sighash/annex
      ✔ script asset test vector 1182: legacy/pkh-sighashflip
      ✔ script asset test vector 1183: tapscript/sigopsratio_5 (568ms)
      ✔ script asset test vector 1184: siglen/empty_cs_neg
      ✔ script asset test vector 1185: tapscript/sigopsratio_5
      ✔ script asset test vector 1186: legacy/pk-wrongkey
      ✔ script asset test vector 1187: inactive/keypath_empty
      ✔ script asset test vector 1188: inactive/keypath_empty
      ✔ script asset test vector 1189: alwaysvalid/notsuccessx
      ✔ script asset test vector 1190: applic/keypath
      ✔ script asset test vector 1191: applic/keypath
      ✔ script asset test vector 1192: inactive/keypath_empty
      ✔ script asset test vector 1193: applic/keypath
      ✔ script asset test vector 1194: alwaysvalid/notsuccessx
      ✔ script asset test vector 1195: inactive/keypath_empty
      ✔ script asset test vector 1196: inactive/keypath_empty
      ✔ script asset test vector 1197: inactive/keypath_empty
      ✔ script asset test vector 1198: inactive/keypath_empty
      ✔ script asset test vector 1199: applic/keypath
      ✔ script asset test vector 1200: inactive/scriptpath_valid
      ✔ script asset test vector 1201: unkver/bare
      ✔ script asset test vector 1202: applic/keypath
      ✔ script asset test vector 1203: legacy/pk-wrongkey
      ✔ script asset test vector 1204: tapscript/unkpk/checksigadd
      ✔ script asset test vector 1205: tapscript/sigopsratio_1 (477ms)
      ✔ script asset test vector 1206: tapscript/sigopsratio_2
      ✔ script asset test vector 1207: applic/keypath
      ✔ script asset test vector 1208: legacy/pk-wrongkey
      ✔ script asset test vector 1209: tapscript/sigopsratio_5
      ✔ script asset test vector 1210: applic/keypath
      ✔ script asset test vector 1211: applic/keypath
      ✔ script asset test vector 1212: applic/scriptpath
      ✔ script asset test vector 1213: inactive/keypath_empty
      ✔ script asset test vector 1214: unkver/1001inputs
      ✔ script asset test vector 1215: sighash/branched_codesep/left
      ✔ script asset test vector 1216: tapscript/sigopsratio_2
      ✔ script asset test vector 1217: applic/keypath
      ✔ script asset test vector 1218: inactive/keypath_empty
      ✔ script asset test vector 1219: tapscript/disabled_checkmultisigverify
      ✔ script asset test vector 1220: inactive/keypath_empty
      ✔ script asset test vector 1221: applic/keypath
      ✔ script asset test vector 1222: tapscript/1000stack
      ✔ script asset test vector 1223: sighash/keypath
      ✔ script asset test vector 1224: alwaysvalid/notsuccessx
      ✔ script asset test vector 1225: tapscript/sigopsratio_2
      ✔ script asset test vector 1226: inactive/keypath_empty
      ✔ script asset test vector 1227: inactive/keypath_empty
      ✔ script asset test vector 1228: applic/keypath
      ✔ script asset test vector 1229: tapscript/sigopsratio_1
      ✔ script asset test vector 1230: applic/keypath
      ✔ script asset test vector 1231: applic/keypath
      ✔ script asset test vector 1232: tapscript/sigopsratio_5
      ✔ script asset test vector 1233: inactive/keypath_empty
      ✔ script asset test vector 1234: applic/keypath
      ✔ script asset test vector 1235: unkver/1001inputs
      ✔ script asset test vector 1236: tapscript/sigopsratio_5
      ✔ script asset test vector 1237: inactive/keypath_empty
      ✔ script asset test vector 1238: inactive/keypath_invalidsig
      ✔ script asset test vector 1239: siglen/empty_cs_neg
      ✔ script asset test vector 1240: applic/keypath
      ✔ script asset test vector 1241: legacy/pk-wrongkey
      ✔ script asset test vector 1242: inactive/keypath_empty
      ✔ script asset test vector 1243: tapscript/sigopsratio_4
      ✔ script asset test vector 1244: tapscript/sigopsratio_5
      ✔ script asset test vector 1245: tapscript/sigopsratio_5 (291ms)
      ✔ script asset test vector 1246: tapscript/sigopsratio_1 (44ms)
      ✔ script asset test vector 1247: legacy/pk-wrongkey
      ✔ script asset test vector 1248: sighash/scriptpath_hashtype_1
      ✔ script asset test vector 1249: tapscript/sigopsratio_3
      ✔ script asset test vector 1250: inactive/keypath_empty
      ✔ script asset test vector 1251: sighash/purepk
      ✔ script asset test vector 1252: sighash/branched_codesep/left
      ✔ script asset test vector 1253: legacy/pk-wrongkey
      ✔ script asset test vector 1254: legacy/pkh-sighashflip
      ✔ script asset test vector 1255: legacy/pk-wrongkey
      ✔ script asset test vector 1256: unkver/bare
      ✔ script asset test vector 1257: applic/keypath
      ✔ script asset test vector 1258: tapscript/unkpk/checksigadd
      ✔ script asset test vector 1259: legacy/pk-wrongkey
      ✔ script asset test vector 1260: alwaysvalid/notsuccessx
      ✔ script asset test vector 1261: tapscript/sigopsratio_5 (185ms)
      ✔ script asset test vector 1262: tapscript/1000stack
      ✔ script asset test vector 1263: inactive/keypath_empty
      ✔ script asset test vector 1264: siglen/empty_keypath
      ✔ script asset test vector 1265: compact/nocsa
      ✔ script asset test vector 1266: legacy/pk-wrongkey
      ✔ script asset test vector 1267: siglen/empty_csa_neg
      ✔ script asset test vector 1268: siglen/empty_keypath
      ✔ script asset test vector 1269: applic/keypath
      ✔ script asset test vector 1270: tapscript/oldpk/checksigverify
      ✔ script asset test vector 1271: siglen/empty_keypath
      ✔ script asset test vector 1272: tapscript/sigopsratio_4
      ✔ script asset test vector 1273: tapscript/sigopsratio_5
      ✔ script asset test vector 1274: applic/keypath
      ✔ script asset test vector 1275: applic/keypath
      ✔ script asset test vector 1276: tapscript/sigopsratio_0
      ✔ script asset test vector 1277: legacy/pk-wrongkey
      ✔ script asset test vector 1278: tapscript/oldpk/checksigverify
      ✔ script asset test vector 1279: applic/keypath
      ✔ script asset test vector 1280: sighash/purepk
      ✔ script asset test vector 1281: sighash/keypath_unk_hashtype_fb
      ✔ script asset test vector 1282: applic/keypath
      ✔ script asset test vector 1283: spendpath/padlongcontrol
      ✔ script asset test vector 1284: legacy/pk-wrongkey
      ✔ script asset test vector 1285: inactive/keypath_empty
      ✔ script asset test vector 1286: sighash/branched_codesep/right
      ✔ script asset test vector 1287: applic/keypath
      ✔ script asset test vector 1288: legacy/pk-wrongkey
      ✔ script asset test vector 1289: unkver/1001inputs
      ✔ script asset test vector 1290: applic/keypath
      ✔ script asset test vector 1291: tapscript/sigopsratio_5
      ✔ script asset test vector 1292: applic/keypath
      ✔ script asset test vector 1293: inactive/keypath_empty
      ✔ script asset test vector 1294: sighash/branched_codesep/right
      ✔ script asset test vector 1295: inactive/keypath_empty
      ✔ script asset test vector 1296: tapscript/sigopsratio_3
      ✔ script asset test vector 1297: inactive/keypath_empty
      ✔ script asset test vector 1298: legacy/pk-wrongkey
      ✔ script asset test vector 1299: compact/nocsa
      ✔ script asset test vector 1300: inactive/scriptpath_valid
      ✔ script asset test vector 1301: tapscript/sigopsratio_1 (38ms)
      ✔ script asset test vector 1302: applic/keypath
      ✔ script asset test vector 1303: legacy/pkh-sighashflip
      ✔ script asset test vector 1304: inactive/keypath_empty
      ✔ script asset test vector 1305: siglen/empty_csa_neg
      ✔ script asset test vector 1306: sighash/purepk
      ✔ script asset test vector 1307: applic/keypath
      ✔ script asset test vector 1308: tapscript/sigopsratio_1
      ✔ script asset test vector 1309: tapscript/sigopsratio_5
      ✔ script asset test vector 1310: tapscript/1000stack
      ✔ script asset test vector 1311: legacy/pk-wrongkey
      ✔ script asset test vector 1312: applic/keypath
      ✔ script asset test vector 1313: siglen/empty_keypath
      ✔ script asset test vector 1314: tapscript/sigopsratio_4
      ✔ script asset test vector 1315: spendpath/bitflipmerkle
      ✔ script asset test vector 1316: legacy/pk-wrongkey
      ✔ script asset test vector 1317: legacy/pk-wrongkey
      ✔ script asset test vector 1318: inactive/keypath_empty
      ✔ script asset test vector 1319: tapscript/emptypk/checksigadd
      ✔ script asset test vector 1320: tapscript/sigopsratio_1
      ✔ script asset test vector 1321: siglen/empty_keypath
      ✔ script asset test vector 1322: applic/keypath
      ✔ script asset test vector 1323: unkver/undecodable
      ✔ script asset test vector 1324: applic/keypath
      ✔ script asset test vector 1325: unkver/undecodable
      ✔ script asset test vector 1326: inactive/keypath_empty
      ✔ script asset test vector 1327: opsuccess/bare
      ✔ script asset test vector 1328: inactive/keypath_valid
      ✔ script asset test vector 1329: legacy/pk-wrongkey
      ✔ script asset test vector 1330: inactive/keypath_empty
      ✔ script asset test vector 1331: legacy/pkh-sighashflip
      ✔ script asset test vector 1332: legacy/pk-wrongkey
      ✔ script asset test vector 1333: tapscript/sigopsratio_0
      ✔ script asset test vector 1334: tapscript/sigopsratio_4 (109ms)
      ✔ script asset test vector 1335: tapscript/sigopsratio_1
      ✔ script asset test vector 1336: inactive/scriptpath_valid
      ✔ script asset test vector 1337: applic/keypath
      ✔ script asset test vector 1338: inactive/keypath_empty
      ✔ script asset test vector 1339: sighash/branched_codesep/left
      ✔ script asset test vector 1340: tapscript/sigopsratio_3
      ✔ script asset test vector 1341: tapscript/sigopsratio_4
      ✔ script asset test vector 1342: legacy/pkh-sighashflip
      ✔ script asset test vector 1343: spendpath/bitflipmerkle
      ✔ script asset test vector 1344: applic/keypath
      ✔ script asset test vector 1345: inactive/scriptpath_valid
      ✔ script asset test vector 1346: inactive/keypath_empty
      ✔ script asset test vector 1347: inactive/keypath_empty
      ✔ script asset test vector 1348: applic/keypath
      ✔ script asset test vector 1349: inactive/keypath_empty
      ✔ script asset test vector 1350: tapscript/emptypk/checksigadd
      ✔ script asset test vector 1351: tapscript/sigopsratio_5 (431ms)
      ✔ script asset test vector 1352: applic/keypath
      ✔ script asset test vector 1353: spendpath/emptywit
      ✔ script asset test vector 1354: alwaysvalid/notsuccessx
      ✔ script asset test vector 1355: unkver/bare
      ✔ script asset test vector 1356: tapscript/sigopsratio_5
      ✔ script asset test vector 1357: inactive/keypath_empty
      ✔ script asset test vector 1358: tapscript/sigopsratio_5
      ✔ script asset test vector 1359: tapscript/sigopsratio_5
      ✔ script asset test vector 1360: tapscript/checksigaddoversize
      ✔ script asset test vector 1361: tapscript/sigopsratio_5
      ✔ script asset test vector 1362: tapscript/sigopsratio_2
      ✔ script asset test vector 1363: tapscript/sigopsratio_4 (696ms)
      ✔ script asset test vector 1364: sighash/branched_codesep/right
      ✔ script asset test vector 1365: legacy/pkh-sighashflip
      ✔ script asset test vector 1366: sig/bitflip
      ✔ script asset test vector 1367: inactive/keypath_empty
      ✔ script asset test vector 1368: tapscript/checksigaddoversize
      ✔ script asset test vector 1369: tapscript/sigopsratio_2
      ✔ script asset test vector 1370: applic/keypath
      ✔ script asset test vector 1371: legacy/pk-wrongkey
      ✔ script asset test vector 1372: applic/keypath
      ✔ script asset test vector 1373: inactive/keypath_empty
      ✔ script asset test vector 1374: inactive/keypath_empty
      ✔ script asset test vector 1375: legacy/pkh-sighashflip
      ✔ script asset test vector 1376: applic/keypath
      ✔ script asset test vector 1377: tapscript/sigopsratio_5
      ✔ script asset test vector 1378: tapscript/sigopsratio_3
      ✔ script asset test vector 1379: inactive/keypath_empty
      ✔ script asset test vector 1380: legacy/pk-wrongkey
      ✔ script asset test vector 1381: inactive/keypath_invalidsig
      ✔ script asset test vector 1382: tapscript/sigopsratio_5
      ✔ script asset test vector 1383: inactive/keypath_empty
      ✔ script asset test vector 1384: tapscript/sigopsratio_5
      ✔ script asset test vector 1385: inactive/scriptpath_valid
      ✔ script asset test vector 1386: tapscript/sigopsratio_4
      ✔ script asset test vector 1387: sighash/branched_codesep/left
      ✔ script asset test vector 1388: applic/scriptpath
      ✔ script asset test vector 1389: inactive/scriptpath_valid
      ✔ script asset test vector 1390: tapscript/sigopsratio_3 (52ms)
      ✔ script asset test vector 1391: tapscript/oldpk/checksigverify
      ✔ script asset test vector 1392: sighash/branched_codesep/right
      ✔ script asset test vector 1393: alwaysvalid/notsuccessx
      ✔ script asset test vector 1394: inactive/scriptpath_valid
      ✔ script asset test vector 1395: tapscript/sigopsratio_5 (46ms)
      ✔ script asset test vector 1396: sighash/branched_codesep/left
      ✔ script asset test vector 1397: applic/keypath
      ✔ script asset test vector 1398: siglen/empty_keypath
      ✔ script asset test vector 1399: alwaysvalid/notsuccessx
      ✔ script asset test vector 1400: legacy/pk-wrongkey
      ✔ script asset test vector 1401: legacy/pk-wrongkey
      ✔ script asset test vector 1402: sighash/annex
      ✔ script asset test vector 1403: inactive/keypath_empty
      ✔ script asset test vector 1404: inactive/keypath_empty
      ✔ script asset test vector 1405: tapscript/sigopsratio_5 (126ms)
      ✔ script asset test vector 1406: tapscript/sigopsratio_5
      ✔ script asset test vector 1407: alwaysvalid/notsuccessx
      ✔ script asset test vector 1408: applic/keypath
      ✔ script asset test vector 1409: tapscript/sigopsratio_1 (72ms)
      ✔ script asset test vector 1410: siglen/empty_cs
      ✔ script asset test vector 1411: applic/keypath
      ✔ script asset test vector 1412: inactive/scriptpath_valid
      ✔ script asset test vector 1413: inactive/keypath_empty
      ✔ script asset test vector 1414: tapscript/sigopsratio_4 (47ms)
      ✔ script asset test vector 1415: alwaysvalid/notsuccessx
      ✔ script asset test vector 1416: applic/keypath
      ✔ script asset test vector 1417: legacy/pkh-sighashflip
      ✔ script asset test vector 1418: inactive/keypath_empty
      ✔ script asset test vector 1419: applic/keypath
      ✔ script asset test vector 1420: legacy/pk-wrongkey
      ✔ script asset test vector 1421: alwaysvalid/notsuccessx
      ✔ script asset test vector 1422: sighash/purepk
      ✔ script asset test vector 1423: applic/keypath
      ✔ script asset test vector 1424: inactive/keypath_empty
      ✔ script asset test vector 1425: tapscript/sigopsratio_1 (511ms)
      ✔ script asset test vector 1426: inactive/keypath_empty
      ✔ script asset test vector 1427: sighash/branched_codesep/right
      ✔ script asset test vector 1428: unkver/bare
      ✔ script asset test vector 1429: inactive/keypath_empty
      ✔ script asset test vector 1430: legacy/pkh-sighashflip
      ✔ script asset test vector 1431: tapscript/sigopsratio_1
      ✔ script asset test vector 1432: inactive/scriptpath_valid
      ✔ script asset test vector 1433: tapscript/1000stack
      ✔ script asset test vector 1434: unkver/bare
      ✔ script asset test vector 1435: tapscript/sigopsratio_0
      ✔ script asset test vector 1436: legacy/pk-wrongkey
      ✔ script asset test vector 1437: inactive/keypath_empty
      ✔ script asset test vector 1438: applic/keypath
      ✔ script asset test vector 1439: applic/keypath
      ✔ script asset test vector 1440: applic/keypath
      ✔ script asset test vector 1441: opsuccess/bare
      ✔ script asset test vector 1442: inactive/keypath_empty
      ✔ script asset test vector 1443: legacy/pkh-sighashflip
      ✔ script asset test vector 1444: sighash/branched_codesep/left
      ✔ script asset test vector 1445: legacy/pk-wrongkey
      ✔ script asset test vector 1446: inactive/keypath_empty
      ✔ script asset test vector 1447: inactive/scriptpath_valid
      ✔ script asset test vector 1448: tapscript/emptypk/checksigadd
      ✔ script asset test vector 1449: inactive/keypath_empty
      ✔ script asset test vector 1450: applic/keypath
      ✔ script asset test vector 1451: tapscript/inputmaxlimit
      ✔ script asset test vector 1452: tapscript/sigopsratio_2
      ✔ script asset test vector 1453: siglen/empty_keypath
      ✔ script asset test vector 1454: inactive/keypath_empty
      ✔ script asset test vector 1455: sighash/keypath_unk_hashtype_d
      ✔ script asset test vector 1456: inactive/keypath_empty
      ✔ script asset test vector 1457: inactive/keypath_empty
      ✔ script asset test vector 1458: tapscript/sigopsratio_2
      ✔ script asset test vector 1459: tapscript/sigopsratio_0 (88ms)
      ✔ script asset test vector 1460: tapscript/emptysigs/checksig
      ✔ script asset test vector 1461: inactive/keypath_empty
      ✔ script asset test vector 1462: legacy/pkh-sighashflip
      ✔ script asset test vector 1463: tapscript/sigopsratio_0 (46ms)
      ✔ script asset test vector 1464: tapscript/sigopsratio_0
      ✔ script asset test vector 1465: applic/keypath
      ✔ script asset test vector 1466: legacy/pk-wrongkey
      ✔ script asset test vector 1467: siglen/empty_cs_neg
      ✔ script asset test vector 1468: opsuccess/bare
      ✔ script asset test vector 1469: tapscript/sigopsratio_3
      ✔ script asset test vector 1470: inactive/keypath_empty
      ✔ script asset test vector 1471: opsuccess/bare
      ✔ script asset test vector 1472: inactive/scriptpath_valid
      ✔ script asset test vector 1473: legacy/pkh-sighashflip
      ✔ script asset test vector 1474: applic/keypath
      ✔ script asset test vector 1475: applic/keypath
      ✔ script asset test vector 1476: applic/keypath
      ✔ script asset test vector 1477: tapscript/sigopsratio_0
      ✔ script asset test vector 1478: tapscript/sigopsratio_5
      ✔ script asset test vector 1479: legacy/pk-wrongkey
      ✔ script asset test vector 1480: applic/keypath
      ✔ script asset test vector 1481: tapscript/sigopsratio_3 (53ms)
      ✔ script asset test vector 1482: tapscript/sigopsratio_5
      ✔ script asset test vector 1483: legacy/pkh-sighashflip
      ✔ script asset test vector 1484: tapscript/sigopsratio_4 (127ms)
      ✔ script asset test vector 1485: inactive/keypath_empty
      ✔ script asset test vector 1486: inactive/keypath_empty
      ✔ script asset test vector 1487: tapscript/sigopsratio_4 (44ms)
      ✔ script asset test vector 1488: inactive/scriptpath_valid
      ✔ script asset test vector 1489: inactive/keypath_empty
      ✔ script asset test vector 1490: sighash/branched_codesep/left
      ✔ script asset test vector 1491: tapscript/sigopsratio_1
      ✔ script asset test vector 1492: sighash/branched_codesep/left
      ✔ script asset test vector 1493: sighash/scriptpath_hashtype_2
      ✔ script asset test vector 1494: tapscript/sigopsratio_0 (147ms)
      ✔ script asset test vector 1495: tapscript/sigopsratio_0
      ✔ script asset test vector 1496: inactive/keypath_empty
      ✔ script asset test vector 1497: inactive/scriptpath_valid
      ✔ script asset test vector 1498: unkver/bare
      ✔ script asset test vector 1499: legacy/pk-wrongkey
      ✔ script asset test vector 1500: legacy/pk-wrongkey
      ✔ script asset test vector 1501: applic/keypath
      ✔ script asset test vector 1502: applic/keypath
      ✔ script asset test vector 1503: siglen/empty_keypath
      ✔ script asset test vector 1504: applic/keypath
      ✔ script asset test vector 1505: legacy/pkh-sighashflip
      ✔ script asset test vector 1506: tapscript/checksigaddoversize
      ✔ script asset test vector 1507: tapscript/sigopsratio_5 (300ms)
      ✔ script asset test vector 1508: applic/keypath
      ✔ script asset test vector 1509: tapscript/oldpk/checksigverify
      ✔ script asset test vector 1510: tapscript/sigopsratio_3
      ✔ script asset test vector 1511: applic/keypath
      ✔ script asset test vector 1512: inactive/keypath_empty
      ✔ script asset test vector 1513: opsuccess/bare
      ✔ script asset test vector 1514: sighash/keypath_unk_hashtype_64
      ✔ script asset test vector 1515: tapscript/sigopsratio_0 (147ms)
      ✔ script asset test vector 1516: applic/keypath
      ✔ script asset test vector 1517: sighash/branched_codesep/right
      ✔ script asset test vector 1518: legacy/pkh-sighashflip
      ✔ script asset test vector 1519: tapscript/sigopsratio_3 (55ms)
      ✔ script asset test vector 1520: legacy/pkh-sighashflip
      ✔ script asset test vector 1521: tapscript/sigopsratio_1
      ✔ script asset test vector 1522: tapscript/sigopsratio_2
      ✔ script asset test vector 1523: applic/keypath
      ✔ script asset test vector 1524: tapscript/sigopsratio_5
      ✔ script asset test vector 1525: siglen/empty_csa_neg
      ✔ script asset test vector 1526: opsuccess/bare
      ✔ script asset test vector 1527: applic/keypath
      ✔ script asset test vector 1528: inactive/scriptpath_valid
      ✔ script asset test vector 1529: sighash/scriptpath_hashtype_3
      ✔ script asset test vector 1530: tapscript/sigopsratio_5
      ✔ script asset test vector 1531: legacy/pk-wrongkey
      ✔ script asset test vector 1532: applic/keypath
      ✔ script asset test vector 1533: applic/keypath
      ✔ script asset test vector 1534: alwaysvalid/notsuccessx
      ✔ script asset test vector 1535: compact/nocsa
      ✔ script asset test vector 1536: tapscript/sigopsratio_4
      ✔ script asset test vector 1537: compact/nocsa
      ✔ script asset test vector 1538: tapscript/sigopsratio_2 (195ms)
      ✔ script asset test vector 1539: applic/keypath
      ✔ script asset test vector 1540: alwaysvalid/notsuccessx
      ✔ script asset test vector 1541: tapscript/sigopsratio_3
      ✔ script asset test vector 1542: applic/keypath
      ✔ script asset test vector 1543: sighash/keypath_unk_hashtype_fb
      ✔ script asset test vector 1544: inactive/keypath_empty
      ✔ script asset test vector 1545: tapscript/pushmaxlimit
      ✔ script asset test vector 1546: inactive/keypath_empty
      ✔ script asset test vector 1547: tapscript/sigopsratio_5 (195ms)
      ✔ script asset test vector 1548: tapscript/oldpk/checksigverify
      ✔ script asset test vector 1549: compact/nocsa
      ✔ script asset test vector 1550: tapscript/1000inputs
      ✔ script asset test vector 1551: inactive/keypath_empty
      ✔ script asset test vector 1552: inactive/scriptpath_valid
      ✔ script asset test vector 1553: inactive/keypath_empty
      ✔ script asset test vector 1554: tapscript/sigopsratio_1
      ✔ script asset test vector 1555: legacy/pkh-sighashflip
      ✔ script asset test vector 1556: legacy/pkh-sighashflip
      ✔ script asset test vector 1557: unkver/1001inputs
      ✔ script asset test vector 1558: inactive/scriptpath_valid
      ✔ script asset test vector 1559: inactive/keypath_empty
      ✔ script asset test vector 1560: legacy/pk-wrongkey
      ✔ script asset test vector 1561: siglen/empty_cs_neg
      ✔ script asset test vector 1562: inactive/keypath_empty
      ✔ script asset test vector 1563: siglen/empty_keypath
      ✔ script asset test vector 1564: legacy/pk-wrongkey
      ✔ script asset test vector 1565: opsuccess/bare
      ✔ script asset test vector 1566: opsuccess/bare
      ✔ script asset test vector 1567: inactive/keypath_empty
      ✔ script asset test vector 1568: legacy/pk-wrongkey
      ✔ script asset test vector 1569: inactive/scriptpath_valid
      ✔ script asset test vector 1570: tapscript/sigopsratio_5 (525ms)
      ✔ script asset test vector 1571: spendpath/negflag
      ✔ script asset test vector 1572: tapscript/sigopsratio_5 (199ms)
      ✔ script asset test vector 1573: legacy/pkh-sighashflip
      ✔ script asset test vector 1574: legacy/pkh-sighashflip
      ✔ script asset test vector 1575: unkver/1001inputs
      ✔ script asset test vector 1576: applic/keypath
      ✔ script asset test vector 1577: tapscript/sigopsratio_0
      ✔ script asset test vector 1578: tapscript/sigopsratio_5 (52ms)
      ✔ script asset test vector 1579: tapscript/sigopsratio_5
      ✔ script asset test vector 1580: applic/keypath
      ✔ script asset test vector 1581: legacy/pkh-sighashflip
      ✔ script asset test vector 1582: tapscript/sigopsratio_0
      ✔ script asset test vector 1583: legacy/pk-wrongkey
      ✔ script asset test vector 1584: applic/keypath
      ✔ script asset test vector 1585: tapscript/sigopsratio_0
      ✔ script asset test vector 1586: legacy/pkh-sighashflip
      ✔ script asset test vector 1587: tapscript/sigopsratio_1 (39ms)
      ✔ script asset test vector 1588: applic/keypath
      ✔ script asset test vector 1589: applic/keypath
      ✔ script asset test vector 1590: legacy/pkh-sighashflip
      ✔ script asset test vector 1591: inactive/keypath_empty
      ✔ script asset test vector 1592: inactive/keypath_empty
      ✔ script asset test vector 1593: applic/keypath
      ✔ script asset test vector 1594: sighash/scriptpath_hashtype_3
      ✔ script asset test vector 1595: tapscript/sigopsratio_5 (236ms)
      ✔ script asset test vector 1596: tapscript/unkpk/checksigadd
      ✔ script asset test vector 1597: tapscript/sigopsratio_5 (102ms)
      ✔ script asset test vector 1598: inactive/keypath_empty
      ✔ script asset test vector 1599: sighash/hashtype0to1_keypath
      ✔ script asset test vector 1600: tapscript/sigopsratio_4 (535ms)
      ✔ script asset test vector 1601: tapscript/checksigaddoversize
      ✔ script asset test vector 1602: tapscript/sigopsratio_0
      ✔ script asset test vector 1603: legacy/pkh-sighashflip
      ✔ script asset test vector 1604: inactive/keypath_empty
      ✔ script asset test vector 1605: legacy/pk-wrongkey
      ✔ script asset test vector 1606: siglen/empty_cs_neg
      ✔ script asset test vector 1607: sighash/branched_codesep/right
      ✔ script asset test vector 1608: applic/keypath
      ✔ script asset test vector 1609: applic/keypath
      ✔ script asset test vector 1610: applic/keypath
      ✔ script asset test vector 1611: legacy/pk-wrongkey
      ✔ script asset test vector 1612: sighash/purepk
      ✔ script asset test vector 1613: applic/keypath
      ✔ script asset test vector 1614: sighash/purepk
      ✔ script asset test vector 1615: tapscript/sigopsratio_4 (165ms)
      ✔ script asset test vector 1616: tapscript/sigopsratio_3 (100ms)
      ✔ script asset test vector 1617: tapscript/sigopsratio_5
      ✔ script asset test vector 1618: tapscript/sigopsratio_4
      ✔ script asset test vector 1619: tapscript/sigopsratio_1 (106ms)
      ✔ script asset test vector 1620: inactive/scriptpath_valid
      ✔ script asset test vector 1621: sighash/branched_codesep/left
      ✔ script asset test vector 1622: applic/keypath
      ✔ script asset test vector 1623: inactive/keypath_empty
      ✔ script asset test vector 1624: siglen/empty_keypath
      ✔ script asset test vector 1625: compact/nocsa
      ✔ script asset test vector 1626: applic/keypath
      ✔ script asset test vector 1627: tapscript/sigopsratio_4
      ✔ script asset test vector 1628: sighash/keypath_unk_hashtype_4c
      ✔ script asset test vector 1629: tapscript/sigopsratio_5
      ✔ script asset test vector 1630: applic/keypath
      ✔ script asset test vector 1631: applic/keypath
      ✔ script asset test vector 1632: sighash/keypath_hashtype_82
      ✔ script asset test vector 1633: applic/keypath
      ✔ script asset test vector 1634: tapscript/sigopsratio_5 (254ms)
      ✔ script asset test vector 1635: inactive/keypath_empty
      ✔ script asset test vector 1636: alwaysvalid/notsuccessx
      ✔ script asset test vector 1637: inactive/keypath_empty
      ✔ script asset test vector 1638: tapscript/sigopsratio_5
      ✔ script asset test vector 1639: legacy/pkh-sighashflip
      ✔ script asset test vector 1640: legacy/pkh-sighashflip
      ✔ script asset test vector 1641: legacy/pk-wrongkey
      ✔ script asset test vector 1642: inactive/keypath_empty
      ✔ script asset test vector 1643: sighash/purepk
      ✔ script asset test vector 1644: tapscript/sigopsratio_0
      ✔ script asset test vector 1645: inactive/keypath_empty
      ✔ script asset test vector 1646: alwaysvalid/notsuccessx
      ✔ script asset test vector 1647: applic/keypath
      ✔ script asset test vector 1648: opsuccess/bare
      ✔ script asset test vector 1649: legacy/pk-wrongkey
      ✔ script asset test vector 1650: applic/keypath
      ✔ script asset test vector 1651: inactive/keypath_invalidsig
      ✔ script asset test vector 1652: inactive/keypath_empty
      ✔ script asset test vector 1653: legacy/pk-wrongkey
      ✔ script asset test vector 1654: siglen/popbyte_keypath
      ✔ script asset test vector 1655: applic/keypath
      ✔ script asset test vector 1656: applic/keypath
      ✔ script asset test vector 1657: tapscript/sigopsratio_5 (517ms)
      ✔ script asset test vector 1658: tapscript/sigopsratio_5 (185ms)
      ✔ script asset test vector 1659: siglen/empty_csv
      ✔ script asset test vector 1660: tapscript/sigopsratio_4
      ✔ script asset test vector 1661: siglen/popbyte_keypath
      ✔ script asset test vector 1662: opsuccess/undecodable_bypass
      ✔ script asset test vector 1663: inactive/keypath_empty
      ✔ script asset test vector 1664: legacy/pk-wrongkey
      ✔ script asset test vector 1665: inactive/keypath_empty
      ✔ script asset test vector 1666: inactive/scriptpath_valid
      ✔ script asset test vector 1667: inactive/keypath_empty
      ✔ script asset test vector 1668: sighash/branched_codesep/right
      ✔ script asset test vector 1669: alwaysvalid/notsuccessx
      ✔ script asset test vector 1670: applic/keypath
      ✔ script asset test vector 1671: legacy/pkh-sighashflip
      ✔ script asset test vector 1672: applic/keypath
      ✔ script asset test vector 1673: inactive/scriptpath_valid
      ✔ script asset test vector 1674: applic/keypath
      ✔ script asset test vector 1675: applic/keypath
      ✔ script asset test vector 1676: inactive/keypath_empty
      ✔ script asset test vector 1677: sighash/keypath_unk_hashtype_99
      ✔ script asset test vector 1678: tapscript/sigopsratio_3
      ✔ script asset test vector 1679: tapscript/sigopsratio_3
      ✔ script asset test vector 1680: tapscript/sigopsratio_5 (84ms)
      ✔ script asset test vector 1681: sighash/branched_codesep/right
      ✔ script asset test vector 1682: tapscript/sigopsratio_1
      ✔ script asset test vector 1683: unkver/1001inputs
      ✔ script asset test vector 1684: applic/keypath
      ✔ script asset test vector 1685: applic/keypath
      ✔ script asset test vector 1686: applic/keypath
      ✔ script asset test vector 1687: applic/keypath
      ✔ script asset test vector 1688: applic/keypath
      ✔ script asset test vector 1689: compact/nocsa
      ✔ script asset test vector 1690: tapscript/sigopsratio_4 (172ms)
      ✔ script asset test vector 1691: inactive/keypath_empty
      ✔ script asset test vector 1692: legacy/pkh-sighashflip
      ✔ script asset test vector 1693: applic/keypath
      ✔ script asset test vector 1694: tapscript/checksigaddoversize
      ✔ script asset test vector 1695: legacy/pk-wrongkey
      ✔ script asset test vector 1696: applic/keypath
      ✔ script asset test vector 1697: applic/keypath
      ✔ script asset test vector 1698: unkver/1001inputs
      ✔ script asset test vector 1699: tapscript/emptypk/checksigadd
      ✔ script asset test vector 1700: inactive/keypath_empty
      ✔ script asset test vector 1701: applic/keypath
      ✔ script asset test vector 1702: tapscript/unkpk/checksigadd
      ✔ script asset test vector 1703: applic/keypath
      ✔ script asset test vector 1704: legacy/pk-wrongkey
      ✔ script asset test vector 1705: legacy/pk-wrongkey
      ✔ script asset test vector 1706: legacy/pk-wrongkey
      ✔ script asset test vector 1707: applic/keypath
      ✔ script asset test vector 1708: inactive/keypath_valid
      ✔ script asset test vector 1709: applic/keypath
      ✔ script asset test vector 1710: sighash/branched_codesep/left
      ✔ script asset test vector 1711: inactive/keypath_empty
      ✔ script asset test vector 1712: legacy/pk-wrongkey
      ✔ script asset test vector 1713: inactive/scriptpath_valid
      ✔ script asset test vector 1714: sighash/keypath_unk_hashtype_be
      ✔ script asset test vector 1715: applic/keypath
      ✔ script asset test vector 1716: inactive/keypath_empty
      ✔ script asset test vector 1717: sighash/keypath
      ✔ script asset test vector 1718: tapscript/sigopsratio_4
      ✔ script asset test vector 1719: inactive/keypath_empty
      ✔ script asset test vector 1720: tapscript/sigopsratio_3 (429ms)
      ✔ script asset test vector 1721: applic/keypath
      ✔ script asset test vector 1722: legacy/pk-wrongkey
      ✔ script asset test vector 1723: tapscript/oldpk/checksigverify
      ✔ script asset test vector 1724: siglen/empty_cs
      ✔ script asset test vector 1725: tapscript/sigopsratio_1 (39ms)
      ✔ script asset test vector 1726: applic/keypath
      ✔ script asset test vector 1727: opsuccess/1001inputs
      ✔ script asset test vector 1728: alwaysvalid/notsuccessx
      ✔ script asset test vector 1729: inactive/keypath_empty
      ✔ script asset test vector 1730: unkver/bare
      ✔ script asset test vector 1731: applic/keypath
      ✔ script asset test vector 1732: sig/key
      ✔ script asset test vector 1733: sighash/scriptpath_hashtype_81
      ✔ script asset test vector 1734: tapscript/checksigaddoversize
      ✔ script asset test vector 1735: inactive/keypath_empty
      ✔ script asset test vector 1736: legacy/pk-wrongkey
      ✔ script asset test vector 1737: alwaysvalid/notsuccessx
      ✔ script asset test vector 1738: applic/keypath
      ✔ script asset test vector 1739: tapscript/sigopsratio_3 (226ms)
      ✔ script asset test vector 1740: inactive/scriptpath_valid
      ✔ script asset test vector 1741: legacy/pk-wrongkey
      ✔ script asset test vector 1742: inactive/scriptpath_valid
      ✔ script asset test vector 1743: tapscript/sigopsratio_1
      ✔ script asset test vector 1744: legacy/pkh-sighashflip
      ✔ script asset test vector 1745: inactive/keypath_empty
      ✔ script asset test vector 1746: applic/keypath
      ✔ script asset test vector 1747: legacy/pk-wrongkey
      ✔ script asset test vector 1748: tapscript/oldpk/checksigverify
      ✔ script asset test vector 1749: applic/keypath
      ✔ script asset test vector 1750: alwaysvalid/notsuccessx
      ✔ script asset test vector 1751: tapscript/sigopsratio_1 (488ms)
      ✔ script asset test vector 1752: sighash/branched_codesep/left
      ✔ script asset test vector 1753: applic/keypath
      ✔ script asset test vector 1754: tapscript/unkpk/checksigadd
      ✔ script asset test vector 1755: tapscript/sigopsratio_1
      ✔ script asset test vector 1756: alwaysvalid/notsuccessx
      ✔ script asset test vector 1757: applic/keypath
      ✔ script asset test vector 1758: inactive/keypath_empty
      ✔ script asset test vector 1759: applic/keypath
      ✔ script asset test vector 1760: siglen/padzero_keypath
      ✔ script asset test vector 1761: legacy/pkh-sighashflip
      ✔ script asset test vector 1762: siglen/empty_cs_neg
      ✔ script asset test vector 1763: inactive/keypath_empty
      ✔ script asset test vector 1764: tapscript/sigopsratio_5
      ✔ script asset test vector 1765: legacy/pk-wrongkey
      ✔ script asset test vector 1766: applic/keypath
      ✔ script asset test vector 1767: tapscript/sigopsratio_3
      ✔ script asset test vector 1768: tapscript/sigopsratio_2 (63ms)
      ✔ script asset test vector 1769: siglen/empty_cs_neg
      ✔ script asset test vector 1770: tapscript/sigopsratio_5 (331ms)
      ✔ script asset test vector 1771: legacy/pk-wrongkey
      ✔ script asset test vector 1772: inactive/keypath_empty
      ✔ script asset test vector 1773: siglen/empty_cs_neg
      ✔ script asset test vector 1774: inactive/keypath_empty
      ✔ script asset test vector 1775: inactive/keypath_empty
      ✔ script asset test vector 1776: applic/keypath
      ✔ script asset test vector 1777: tapscript/sigopsratio_5
      ✔ script asset test vector 1778: tapscript/sigopsratio_2
      ✔ script asset test vector 1779: inactive/keypath_empty
      ✔ script asset test vector 1780: legacy/pk-wrongkey
      ✔ script asset test vector 1781: applic/keypath
      ✔ script asset test vector 1782: alwaysvalid/notsuccessx
      ✔ script asset test vector 1783: legacy/pk-wrongkey
      ✔ script asset test vector 1784: applic/keypath
      ✔ script asset test vector 1785: inactive/keypath_valid
      ✔ script asset test vector 1786: inactive/keypath_invalidsig
      ✔ script asset test vector 1787: legacy/pkh-sighashflip
      ✔ script asset test vector 1788: inactive/keypath_empty
      ✔ script asset test vector 1789: inactive/scriptpath_valid
      ✔ script asset test vector 1790: inactive/keypath_empty
      ✔ script asset test vector 1791: applic/keypath
      ✔ script asset test vector 1792: tapscript/sigopsratio_5
      ✔ script asset test vector 1793: compact/nocsa
      ✔ script asset test vector 1794: applic/keypath
      ✔ script asset test vector 1795: alwaysvalid/notsuccessx
      ✔ script asset test vector 1796: legacy/pk-wrongkey
      ✔ script asset test vector 1797: unkver/1001inputs
      ✔ script asset test vector 1798: inactive/scriptpath_valid
      ✔ script asset test vector 1799: unkver/bare
      ✔ script asset test vector 1800: inactive/keypath_empty
      ✔ script asset test vector 1801: tapscript/sigopsratio_2
      ✔ script asset test vector 1802: sighash/purepk
      ✔ script asset test vector 1803: tapscript/sigopsratio_5
      ✔ script asset test vector 1804: tapscript/1000inputs
      ✔ script asset test vector 1805: applic/keypath
      ✔ script asset test vector 1806: alwaysvalid/notsuccessx
      ✔ script asset test vector 1807: inactive/scriptpath_valid
      ✔ script asset test vector 1808: tapscript/sigopsratio_5
      ✔ script asset test vector 1809: inactive/keypath_empty
      ✔ script asset test vector 1810: tapscript/sigopsratio_1
      ✔ script asset test vector 1811: tapscript/1000inputs
      ✔ script asset test vector 1812: opsuccess/bare
      ✔ script asset test vector 1813: applic/keypath
      ✔ script asset test vector 1814: opsuccess/1001inputs
      ✔ script asset test vector 1815: unkver/1001inputs
      ✔ script asset test vector 1816: tapscript/sigopsratio_3 (146ms)
      ✔ script asset test vector 1817: applic/keypath
      ✔ script asset test vector 1818: opsuccess/1001push
      ✔ script asset test vector 1819: applic/keypath
      ✔ script asset test vector 1820: sighash/keypath_unk_hashtype_7d
      ✔ script asset test vector 1821: inactive/scriptpath_valid_unkleaf
      ✔ script asset test vector 1822: legacy/pk-wrongkey
      ✔ script asset test vector 1823: opsuccess/return
      ✔ script asset test vector 1824: alwaysvalid/notsuccessx
      ✔ script asset test vector 1825: opsuccess/bigpush
      ✔ script asset test vector 1826: legacy/pk-wrongkey
      ✔ script asset test vector 1827: sighash/keypath_unk_hashtype_7d
      ✔ script asset test vector 1828: tapscript/sigopsratio_5
      ✔ script asset test vector 1829: compat/nocsa
      ✔ script asset test vector 1830: unkver/bigpush
      ✔ script asset test vector 1831: applic/scriptpath
      ✔ script asset test vector 1832: opsuccess/undecodable
      ✔ script asset test vector 1833: applic/keypath
      ✔ script asset test vector 1834: sighash/purepk
      ✔ script asset test vector 1835: tapscript/sigopsratio_0 (458ms)
      ✔ script asset test vector 1836: applic/keypath
      ✔ script asset test vector 1837: legacy/pkh-sighashflip
      ✔ script asset test vector 1838: inactive/scriptpath_invalid_unkleaf
      ✔ script asset test vector 1839: tapscript/1000stack
      ✔ script asset test vector 1840: legacy/pkh-sighashflip
      ✔ script asset test vector 1841: tapscript/disabled_checkmultisig
      ✔ script asset test vector 1842: unkver/bigpush
      ✔ script asset test vector 1843: opsuccess/bigpush
      ✔ script asset test vector 1844: legacy/pkh-sighashflip
      ✔ script asset test vector 1845: applic/keypath
      ✔ script asset test vector 1846: applic/keypath
      ✔ script asset test vector 1847: opsuccess/return
      ✔ script asset test vector 1848: tapscript/disabled_checkmultisig
      ✔ script asset test vector 1849: legacy/pk-wrongkey
      ✔ script asset test vector 1850: legacy/pkh-sighashflip
      ✔ script asset test vector 1851: legacy/pk-wrongkey
      ✔ script asset test vector 1852: sighash/keypath_unk_hashtype_7f
      ✔ script asset test vector 1853: sighash/keypath_unk_hashtype_4f
      ✔ script asset test vector 1854: tapscript/sigopsratio_5
      ✔ script asset test vector 1855: sighash/scriptpath_hashtype_mis_83
      ✔ script asset test vector 1856: tapscript/sigopsratio_5 (84ms)
      ✔ script asset test vector 1857: alwaysvalid/notsuccessx
      ✔ script asset test vector 1858: applic/keypath
      ✔ script asset test vector 1859: unkver/undecodable
      ✔ script asset test vector 1860: tapscript/sigopsratio_2
      ✔ script asset test vector 1861: unkver/bigpush
      ✔ script asset test vector 1862: tapscript/cleanstack
      ✔ script asset test vector 1863: alwaysvalid/notsuccessx
      ✔ script asset test vector 1864: opsuccess/1001inputs
      ✔ script asset test vector 1865: compat/nocsa
      ✔ script asset test vector 1866: sighash/keypath_unk_hashtype_6e
      ✔ script asset test vector 1867: opsuccess/1001inputs
      ✔ script asset test vector 1868: sighash/scriptpath_hashtype_mis_83
      ✔ script asset test vector 1869: unkver/1001inputs
      ✔ script asset test vector 1870: tapscript/sigopsratio_0 (557ms)
      ✔ script asset test vector 1871: legacy/pk-wrongkey
      ✔ script asset test vector 1872: tapscript/bigmulti (3157ms)
      ✔ script asset test vector 1873: inactive/keypath_invalidsig
      ✔ script asset test vector 1874: sighash/keypath_unk_hashtype_85
      ✔ script asset test vector 1875: applic/keypath
      ✔ script asset test vector 1876: tapscript/sigopsratio_5
      ✔ script asset test vector 1877: applic/scriptpath
      ✔ script asset test vector 1878: opsuccess/1001push
      ✔ script asset test vector 1879: sighash/scriptpath_hashtype_3
      ✔ script asset test vector 1880: unkver/bare
      ✔ script asset test vector 1881: compat/nocsa
      ✔ script asset test vector 1882: alwaysvalid/notsuccessx
      ✔ script asset test vector 1883: sighash/keypath_unk_hashtype_d6
      ✔ script asset test vector 1884: compat/nocsa
      ✔ script asset test vector 1885: sighash/scriptpath_hashtype_82
      ✔ script asset test vector 1886: legacy/pk-wrongkey
      ✔ script asset test vector 1887: legacy/pk-wrongkey
      ✔ script asset test vector 1888: legacy/pkh-sighashflip
      ✔ script asset test vector 1889: sighash/keypath_unk_hashtype_42
      ✔ script asset test vector 1890: applic/scriptpath
      ✔ script asset test vector 1891: legacy/pk-wrongkey
      ✔ script asset test vector 1892: unkver/1001inputs
      ✔ script asset test vector 1893: sighash/keypath_hashtype_82
      ✔ script asset test vector 1894: tapscript/sigopsratio_5
      ✔ script asset test vector 1895: sighash/scriptpath_hashtype_mis_3
      ✔ script asset test vector 1896: legacy/pk-wrongkey
      ✔ script asset test vector 1897: unkver/1001inputs
      ✔ script asset test vector 1898: opsuccess/1001inputs
      ✔ script asset test vector 1899: siglen/empty_keypath
      ✔ script asset test vector 1900: tapscript/sigopsratio_2 (558ms)
      ✔ script asset test vector 1901: legacy/pkh-sighashflip
      ✔ script asset test vector 1902: alwaysvalid/notsuccessx
      ✔ script asset test vector 1903: applic/keypath
      ✔ script asset test vector 1904: applic/keypath
      ✔ script asset test vector 1905: tapscript/sigopsratio_4
      ✔ script asset test vector 1906: tapscript/sigopsratio_4 (167ms)
      ✔ script asset test vector 1907: applic/scriptpath
      ✔ script asset test vector 1908: applic/keypath
      ✔ script asset test vector 1909: sighash/keypath_unk_hashtype_14
      ✔ script asset test vector 1910: sighash/keypath_unk_hashtype_d9
      ✔ script asset test vector 1911: applic/scriptpath
      ✔ script asset test vector 1912: sighash/scriptpath_unk_hashtype_ec
      ✔ script asset test vector 1913: tapscript/sigopsratio_2
      ✔ script asset test vector 1914: applic/scriptpath
      ✔ script asset test vector 1915: unkver/undecodable
      ✔ script asset test vector 1916: siglen/invalid_csa_neg
      ✔ script asset test vector 1917: inactive/keypath_empty
      ✔ script asset test vector 1918: opsuccess/undecodable_bypass
      ✔ script asset test vector 1919: opsuccess/return
      ✔ script asset test vector 1920: compat/nocsa
      ✔ script asset test vector 1921: applic/keypath
      ✔ script asset test vector 1922: tapscript/inputmaxlimit
      ✔ script asset test vector 1923: applic/scriptpath
      ✔ script asset test vector 1924: applic/keypath
      ✔ script asset test vector 1925: sighash/purepk
      ✔ script asset test vector 1926: legacy/pk-wrongkey
      ✔ script asset test vector 1927: legacy/pk-wrongkey
      ✔ script asset test vector 1928: applic/keypath
      ✔ script asset test vector 1929: applic/keypath
      ✔ script asset test vector 1930: opsuccess/return
      ✔ script asset test vector 1931: opsuccess/bigpush
      ✔ script asset test vector 1932: compat/nocsa
      ✔ script asset test vector 1933: tapscript/sigopsratio_1 (326ms)
      ✔ script asset test vector 1934: legacy/pk-wrongkey
      ✔ script asset test vector 1935: legacy/pkh-sighashflip
      ✔ script asset test vector 1936: opsuccess/1001inputs
      ✔ script asset test vector 1937: legacy/pkh-sighashflip
      ✔ script asset test vector 1938: tapscript/sigopsratio_0 (71ms)
      ✔ script asset test vector 1939: unkver/bigpush
      ✔ script asset test vector 1940: siglen/popbyte_keypath
      ✔ script asset test vector 1941: tapscript/sigopsratio_2
      ✔ script asset test vector 1942: inactive/keypath_invalidsig
      ✔ script asset test vector 1943: applic/scriptpath
      ✔ script asset test vector 1944: opsuccess/undecodable_bypass
      ✔ script asset test vector 1945: tapscript/bigmulti (3080ms)
      ✔ script asset test vector 1946: applic/keypath
      ✔ script asset test vector 1947: unkver/return
      ✔ script asset test vector 1948: spendpath/bitflippubkey
      ✔ script asset test vector 1949: inactive/scriptpath_invalid_unkleaf
      ✔ script asset test vector 1950: tapscript/sigopsratio_1
      ✔ script asset test vector 1951: applic/scriptpath
      ✔ script asset test vector 1952: tapscript/sigopsratio_2
      ✔ script asset test vector 1953: alwaysvalid/notsuccessx
      ✔ script asset test vector 1954: applic/scriptpath
      ✔ script asset test vector 1955: legacy/pk-wrongkey
      ✔ script asset test vector 1956: opsuccess/1001push
      ✔ script asset test vector 1957: sighash/keypath_unk_hashtype_64
      ✔ script asset test vector 1958: sighash/keypath_hashtype_1
      ✔ script asset test vector 1959: legacy/pkh-sighashflip
      ✔ script asset test vector 1960: opsuccess/bigpush
      ✔ script asset test vector 1961: legacy/pk-wrongkey
      ✔ script asset test vector 1962: sighash/keypath_unk_hashtype_21
      ✔ script asset test vector 1963: applic/keypath
      ✔ script asset test vector 1964: applic/keypath
      ✔ script asset test vector 1965: tapscript/sigopsratio_5
      ✔ script asset test vector 1966: sighash/scriptpath_hashtype_0
      ✔ script asset test vector 1967: legacy/pk-wrongkey
      ✔ script asset test vector 1968: compat/nocsa
      ✔ script asset test vector 1969: opsuccess/undecodable
      ✔ script asset test vector 1970: legacy/pk-wrongkey
      ✔ script asset test vector 1971: applic/keypath
      ✔ script asset test vector 1972: sighash/keypath_unk_hashtype_f9
      ✔ script asset test vector 1973: sighash/scriptpath_unk_hashtype_10
      ✔ script asset test vector 1974: applic/keypath
      ✔ script asset test vector 1975: siglen/empty_csa_neg
      ✔ script asset test vector 1976: compat/nocsa
      ✔ script asset test vector 1977: opsuccess/bigpush
      ✔ script asset test vector 1978: unkver/1001push
      ✔ script asset test vector 1979: applic/scriptpath
      ✔ script asset test vector 1980: applic/keypath
      ✔ script asset test vector 1981: tapscript/bigmulti (3082ms)
      ✔ script asset test vector 1982: alwaysvalid/notsuccessx
      ✔ script asset test vector 1983: tapscript/emptypk/checksig
      ✔ script asset test vector 1984: sig/bitflip
      ✔ script asset test vector 1985: compat/nocsa
      ✔ script asset test vector 1986: sighash/scriptpath_hashtype_82
      ✔ script asset test vector 1987: applic/keypath
      ✔ script asset test vector 1988: legacy/pk-wrongkey
      ✔ script asset test vector 1989: siglen/empty_keypath
      ✔ script asset test vector 1990: opsuccess/1001inputs
      ✔ script asset test vector 1991: siglen/padzero_keypath
      ✔ script asset test vector 1992: sighash/scriptpath_hashtype_0
      ✔ script asset test vector 1993: unkver/return
      ✔ script asset test vector 1994: unkver/1001inputs
      ✔ script asset test vector 1995: sighash/scriptpath_hashtype_1
      ✔ script asset test vector 1996: tapscript/emptysigs/nochecksigverify
      ✔ script asset test vector 1997: applic/keypath
      ✔ script asset test vector 1998: legacy/pk-wrongkey
      ✔ script asset test vector 1999: sighash/keypath_unk_hashtype_e3
      ✔ script asset test vector 2000: compat/nocsa
      ✔ script asset test vector 2001: spendpath/truncshortcontrol
      ✔ script asset test vector 2002: tapscript/sigopsratio_4 (167ms)
      ✔ script asset test vector 2003: applic/keypath
      ✔ script asset test vector 2004: tapscript/sigopsratio_4
      ✔ script asset test vector 2005: unkver/undecodable
      ✔ script asset test vector 2006: applic/scriptpath
      ✔ script asset test vector 2007: sighash/keypath_unk_hashtype_e9
      ✔ script asset test vector 2008: alwaysvalid/notsuccessx
      ✔ script asset test vector 2009: unkver/undecodable
      ✔ script asset test vector 2010: inactive/scriptpath_invalidsig
      ✔ script asset test vector 2011: sighash/scriptpath_unk_hashtype_4e
      ✔ script asset test vector 2012: sighash/keypath_unk_hashtype_78
      ✔ script asset test vector 2013: applic/keypath
      ✔ script asset test vector 2014: legacy/pk-wrongkey
      ✔ script asset test vector 2015: tapscript/bigmulti (3093ms)
      ✔ script asset test vector 2016: alwaysvalid/notsuccessx
      ✔ script asset test vector 2017: legacy/pk-wrongkey
      ✔ script asset test vector 2018: tapscript/sigopsratio_5
      ✔ script asset test vector 2019: applic/keypath
      ✔ script asset test vector 2020: opsuccess/bare
      ✔ script asset test vector 2021: compat/nocsa
      ✔ script asset test vector 2022: applic/keypath
      ✔ script asset test vector 2023: tapscript/sigopsratio_0
      ✔ script asset test vector 2024: applic/keypath
      ✔ script asset test vector 2025: legacy/pk-wrongkey
      ✔ script asset test vector 2026: tapscript/sigopsratio_4
      ✔ script asset test vector 2027: legacy/pkh-sighashflip
      ✔ script asset test vector 2028: tapscript/sigopsratio_3 (316ms)
      ✔ script asset test vector 2029: inactive/keypath_valid
      ✔ script asset test vector 2030: applic/keypath
      ✔ script asset test vector 2031: applic/keypath
      ✔ script asset test vector 2032: sighash/keypath_unk_hashtype_c3
      ✔ script asset test vector 2033: unkver/1001push
      ✔ script asset test vector 2034: unkver/bigpush
      ✔ script asset test vector 2035: opsuccess/1001inputs
      ✔ script asset test vector 2036: tapscript/sigopsratio_3
      ✔ script asset test vector 2037: compat/nocsa
      ✔ script asset test vector 2038: siglen/padzero_keypath
      ✔ script asset test vector 2039: applic/keypath
      ✔ script asset test vector 2040: legacy/pkh-sighashflip
      ✔ script asset test vector 2041: unkver/1001inputs
      ✔ script asset test vector 2042: legacy/pkh-sighashflip
      ✔ script asset test vector 2043: applic/keypath
      ✔ script asset test vector 2044: unkver/1001inputs
      ✔ script asset test vector 2045: applic/keypath
      ✔ script asset test vector 2046: tapscript/sigopsratio_1 (404ms)
      ✔ script asset test vector 2047: applic/keypath
      ✔ script asset test vector 2048: sighash/keypath_unk_hashtype_cf
      ✔ script asset test vector 2049: tapscript/bigmulti (3077ms)
      ✔ script asset test vector 2050: unkver/bigpush
      ✔ script asset test vector 2051: tapscript/sigopsratio_5 (662ms)
      ✔ script asset test vector 2052: tapscript/sigopsratio_4
      ✔ script asset test vector 2053: sighash/keypath_unk_hashtype_da
      ✔ script asset test vector 2054: opsuccess/1001push
      ✔ script asset test vector 2055: tapscript/sigopsratio_3
      ✔ script asset test vector 2056: siglen/padzero_cs_neg
      ✔ script asset test vector 2057: unkver/undecodable
      ✔ script asset test vector 2058: unkver/return
      ✔ script asset test vector 2059: tapscript/sigopsratio_2 (367ms)
      ✔ script asset test vector 2060: legacy/pkh-sighashflip
      ✔ script asset test vector 2061: opsuccess/1001inputs
      ✔ script asset test vector 2062: applic/keypath
      ✔ script asset test vector 2063: unkver/return
      ✔ script asset test vector 2064: compat/nocsa
      ✔ script asset test vector 2065: tapscript/checksigaddoversize
      ✔ script asset test vector 2066: alwaysvalid/notsuccessx
      ✔ script asset test vector 2067: alwaysvalid/notsuccessx
      ✔ script asset test vector 2068: sighash/branched_codesep/left
      ✔ script asset test vector 2069: sighash/keypath_unk_hashtype_84
      ✔ script asset test vector 2070: applic/scriptpath
      ✔ script asset test vector 2071: unkver/undecodable
      ✔ script asset test vector 2072: applic/scriptpath
      ✔ script asset test vector 2073: sighash/keypath_hashtype_82
      ✔ script asset test vector 2074: sighash/scriptpath_unk_hashtype_ba
      ✔ script asset test vector 2075: sighash/keypath_unk_hashtype_a1
      ✔ script asset test vector 2076: applic/keypath
      ✔ script asset test vector 2077: sighash/scriptpath_unk_hashtype_46
      ✔ script asset test vector 2078: alwaysvalid/notsuccessx
      ✔ script asset test vector 2079: legacy/pk-wrongkey
      ✔ script asset test vector 2080: sighash/branched_codesep/left
      ✔ script asset test vector 2081: opsuccess/unexecif
      ✔ script asset test vector 2082: unkver/bigpush
      ✔ script asset test vector 2083: tapscript/sigopsratio_4
      ✔ script asset test vector 2084: sighash/keypath_unk_hashtype_1b
      ✔ script asset test vector 2085: sighash/keypath_unk_hashtype_b3
      ✔ script asset test vector 2086: compat/nocsa
      ✔ script asset test vector 2087: tapscript/sigopsratio_3 (511ms)
      ✔ script asset test vector 2088: legacy/pk-wrongkey
      ✔ script asset test vector 2089: tapscript/sigopsratio_4
      ✔ script asset test vector 2090: opsuccess/bigpush
      ✔ script asset test vector 2091: inactive/scriptpath_invalidsig
      ✔ script asset test vector 2092: compat/nocsa
      ✔ script asset test vector 2093: applic/keypath
      ✔ script asset test vector 2094: alwaysvalid/notsuccessx
      ✔ script asset test vector 2095: legacy/pkh-sighashflip
      ✔ script asset test vector 2096: alwaysvalid/notsuccessx
      ✔ script asset test vector 2097: tapscript/sigopsratio_4
      ✔ script asset test vector 2098: legacy/pk-wrongkey
      ✔ script asset test vector 2099: legacy/pkh-sighashflip
      ✔ script asset test vector 2100: alwaysvalid/notsuccessx
      ✔ script asset test vector 2101: alwaysvalid/notsuccessx
      ✔ script asset test vector 2102: unkver/return
      ✔ script asset test vector 2103: applic/keypath
      ✔ script asset test vector 2104: tapscript/sigopsratio_5 (218ms)
      ✔ script asset test vector 2105: compat/nocsa
      ✔ script asset test vector 2106: applic/keypath
      ✔ script asset test vector 2107: sighash/branched_codesep/left
      ✔ script asset test vector 2108: unkver/1001inputs
      ✔ script asset test vector 2109: tapscript/sigopsratio_4 (399ms)
      ✔ script asset test vector 2110: tapscript/bigmulti (3109ms)
      ✔ script asset test vector 2111: opsuccess/bare
      ✔ script asset test vector 2112: legacy/pk-wrongkey
      ✔ script asset test vector 2113: opsuccess/unexecif
      ✔ script asset test vector 2114: opsuccess/return
      ✔ script asset test vector 2115: opsuccess/bare
      ✔ script asset test vector 2116: legacy/pk-wrongkey
      ✔ script asset test vector 2117: sighash/keypath_unk_hashtype_5b
      ✔ script asset test vector 2118: sighash/codesep_pk
      ✔ script asset test vector 2119: sighash/scriptpath_unk_hashtype_e1
      ✔ script asset test vector 2120: applic/keypath
      ✔ script asset test vector 2121: compat/nocsa
      ✔ script asset test vector 2122: applic/keypath
      ✔ script asset test vector 2123: applic/scriptpath
      ✔ script asset test vector 2124: inactive/scriptpath_invalidsig
      ✔ script asset test vector 2125: tapscript/sigopsratio_1
      ✔ script asset test vector 2126: applic/scriptpath
      ✔ script asset test vector 2127: inactive/keypath_empty
      ✔ script asset test vector 2128: inactive/keypath_empty
      ✔ script asset test vector 2129: legacy/pkh-sighashflip
      ✔ script asset test vector 2130: unkver/return
      ✔ script asset test vector 2131: sighash/scriptpath_hashtype_0
      ✔ script asset test vector 2132: inactive/scriptpath_invalidsig
      ✔ script asset test vector 2133: compat/nocsa
      ✔ script asset test vector 2134: applic/keypath
      ✔ script asset test vector 2135: tapscript/sigopsratio_5 (106ms)
      ✔ script asset test vector 2136: opsuccess/undecodable
      ✔ script asset test vector 2137: unkver/1001push
      ✔ script asset test vector 2138: applic/keypath
      ✔ script asset test vector 2139: tapscript/emptypk/checksigverify
      ✔ script asset test vector 2140: applic/keypath
      ✔ script asset test vector 2141: unkver/bigpush
      ✔ script asset test vector 2142: opsuccess/unexecif
      ✔ script asset test vector 2143: legacy/pk-wrongkey
      ✔ script asset test vector 2144: tapscript/sigopsratio_1
      ✔ script asset test vector 2145: unkver/return
      ✔ script asset test vector 2146: sighash/scriptpath_unk_hashtype_50
      ✔ script asset test vector 2147: legacy/pk-wrongkey
      ✔ script asset test vector 2148: opsuccess/unexecif
      ✔ script asset test vector 2149: applic/scriptpath
      ✔ script asset test vector 2150: legacy/pk-wrongkey
      ✔ script asset test vector 2151: applic/scriptpath
      ✔ script asset test vector 2152: sighash/keypath_unk_hashtype_e5
      ✔ script asset test vector 2153: applic/keypath
      ✔ script asset test vector 2154: legacy/pkh-sighashflip
      ✔ script asset test vector 2155: sighash/scriptpath_unk_hashtype_bf
      ✔ script asset test vector 2156: siglen/empty_keypath
      ✔ script asset test vector 2157: tapscript/sigopsratio_5 (368ms)
      ✔ script asset test vector 2158: compat/nocsa
      ✔ script asset test vector 2159: sighash/keypath_unk_hashtype_97
      ✔ script asset test vector 2160: applic/scriptpath
      ✔ script asset test vector 2161: compat/nocsa
      ✔ script asset test vector 2162: compat/nocsa
      ✔ script asset test vector 2163: inactive/keypath_valid
      ✔ script asset test vector 2164: unkver/1001inputs
      ✔ script asset test vector 2165: tapscript/sigopsratio_2 (362ms)
      ✔ script asset test vector 2166: sighash/keypath_unk_hashtype_98
      ✔ script asset test vector 2167: sighash/scriptpath_unk_hashtype_e0
      ✔ script asset test vector 2168: alwaysvalid/notsuccessx
      ✔ script asset test vector 2169: legacy/pkh-sighashflip
      ✔ script asset test vector 2170: tapscript/bigmulti (3051ms)
      ✔ script asset test vector 2171: alwaysvalid/notsuccessx
      ✔ script asset test vector 2172: legacy/pkh-sighashflip
      ✔ script asset test vector 2173: applic/keypath
      ✔ script asset test vector 2174: compat/nocsa
      ✔ script asset test vector 2175: legacy/pkh-sighashflip
      ✔ script asset test vector 2176: tapscript/sigopsratio_3
      ✔ script asset test vector 2177: legacy/pk-wrongkey
      ✔ script asset test vector 2178: sighash/annex
      ✔ script asset test vector 2179: inactive/keypath_empty
      ✔ script asset test vector 2180: sighash/keypath_unk_hashtype_a6
      ✔ script asset test vector 2181: unkver/undecodable
      ✔ script asset test vector 2182: sighash/scriptpath_unk_hashtype_42
      ✔ script asset test vector 2183: legacy/pkh-sighashflip
      ✔ script asset test vector 2184: unkver/1001push
      ✔ script asset test vector 2185: sighash/scriptpath_hashtype_81
      ✔ script asset test vector 2186: unkver/bare
      ✔ script asset test vector 2187: applic/keypath
      ✔ script asset test vector 2188: applic/keypath
      ✔ script asset test vector 2189: unkver/bigpush
      ✔ script asset test vector 2190: inactive/keypath_empty
      ✔ script asset test vector 2191: alwaysvalid/notsuccessx
      ✔ script asset test vector 2192: sighash/keypath_unk_hashtype_d7
      ✔ script asset test vector 2193: unkver/bare
      ✔ script asset test vector 2194: legacy/pkh-sighashflip
      ✔ script asset test vector 2195: tapscript/sigopsratio_3
      ✔ script asset test vector 2196: tapscript/sigopsratio_3 (298ms)
      ✔ script asset test vector 2197: tapscript/sigopsratio_5 (670ms)
      ✔ script asset test vector 2198: tapscript/sigopsratio_4
      ✔ script asset test vector 2199: compat/nocsa
      ✔ script asset test vector 2200: spendpath/bitflipmerkle
      ✔ script asset test vector 2201: sighash/keypath_hashtype_3
      ✔ script asset test vector 2202: tapscript/sigopsratio_4
      ✔ script asset test vector 2203: applic/keypath
      ✔ script asset test vector 2204: opsuccess/undecodable_bypass
      ✔ script asset test vector 2205: tapscript/bigmulti (3079ms)
      ✔ script asset test vector 2206: applic/keypath
      ✔ script asset test vector 2207: alwaysvalid/notsuccessx
      ✔ script asset test vector 2208: tapscript/sigopsratio_5 (109ms)
      ✔ script asset test vector 2209: applic/keypath
      ✔ script asset test vector 2210: opsuccess/bigpush
      ✔ script asset test vector 2211: inactive/keypath_valid
      ✔ script asset test vector 2212: sighash/branched_codesep/left
      ✔ script asset test vector 2213: sighash/scriptpath_unk_hashtype_fa
      ✔ script asset test vector 2214: compat/nocsa
      ✔ script asset test vector 2215: sighash/scriptpath_unk_hashtype_af
      ✔ script asset test vector 2216: siglen/padzero_keypath
      ✔ script asset test vector 2217: alwaysvalid/notsuccessx
      ✔ script asset test vector 2218: unkver/1001inputs
      ✔ script asset test vector 2219: unkver/1001inputs
      ✔ script asset test vector 2220: unkver/1001inputs
      ✔ script asset test vector 2221: legacy/pk-wrongkey
      ✔ script asset test vector 2222: tapscript/sigopsratio_5 (453ms)
      ✔ script asset test vector 2223: alwaysvalid/notsuccessx
      ✔ script asset test vector 2224: legacy/pkh-sighashflip
      ✔ script asset test vector 2225: applic/scriptpath
      ✔ script asset test vector 2226: sighash/keypath_unk_hashtype_8f
      ✔ script asset test vector 2227: tapscript/1000stack
      ✔ script asset test vector 2228: legacy/pkh-sighashflip
      ✔ script asset test vector 2229: applic/scriptpath
      ✔ script asset test vector 2230: tapscript/sigopsratio_2
      ✔ script asset test vector 2231: compat/nocsa
      ✔ script asset test vector 2232: legacy/pk-wrongkey
      ✔ script asset test vector 2233: applic/keypath
      ✔ script asset test vector 2234: sighash/keypath_hashtype_mis_3
      ✔ script asset test vector 2235: tapscript/sigopsratio_4
      ✔ script asset test vector 2236: unkver/1001push
      ✔ script asset test vector 2237: applic/keypath
      ✔ script asset test vector 2238: opsuccess/unexecif
      ✔ script asset test vector 2239: sighash/keypath_unk_hashtype_b9
      ✔ script asset test vector 2240: unkver/bigpush
      ✔ script asset test vector 2241: legacy/pk-wrongkey
      ✔ script asset test vector 2242: opsuccess/unexecif

  Script
    ✔ should make a new script
    ✔ should make a new script when from is null
    #set
      ✔ should be object
      ✔ chunks should be array
      ✔ set chunks
    #fromBuffer
      ✔ should parse this buffer containing an OP code
      ✔ should parse this buffer containing another OP code
      ✔ should parse this buffer containing three bytes of data
      ✔ should parse this buffer containing OP_PUSHDATA1 and three bytes of data
      ✔ should parse this buffer containing OP_PUSHDATA2 and three bytes of data
      ✔ should parse this buffer containing OP_PUSHDATA4 and three bytes of data
      ✔ should parse this buffer an OP code, data, and another OP code
    #toBuffer
      ✔ should output this buffer containing an OP code
      ✔ should output this buffer containing another OP code
      ✔ should output this buffer containing three bytes of data
      ✔ should output this buffer containing OP_PUSHDATA1 and three bytes of data
      ✔ should output this buffer containing OP_PUSHDATA2 and three bytes of data
      ✔ should output this buffer containing OP_PUSHDATA4 and three bytes of data
      ✔ should output this buffer an OP code, data, and another OP code
    #fromASM
      ✔ should parse this known script in ASM
    #fromString
      ✔ should parse these known scripts
    #toString
      ✔ should work with an empty script
      ✔ should output this buffer an OP code, data, and another OP code
      ✔ should output this known script as ASM
      ✔ should output this known script with pushdata1 opcode as ASM
      ✔ should OP_1NEGATE opcode as -1 with ASM
    toHex
      ✔ should return an hexa string "03010203" as expected from [3, 1, 2, 3]
    #isDataOut
      ✔ should know this is a (blank) OP_RETURN script
      ✔ validates that this 40-byte OP_RETURN is standard
      ✔ validates that this 80-byte OP_RETURN is standard
      ✔ validates that this 40-byte long OP_CHECKMULTISIG is not standard op_return
      ✔ validates that this 81-byte OP_RETURN is not a valid standard OP_RETURN
    #isPublicKeyIn
      ✔ correctly identify scriptSig as a public key in
    #isPublicKeyHashIn
      ✔ should identify this known pubkeyhashin (uncompressed pubkey version)
      ✔ should identify this known pubkeyhashin (hybrid pubkey version w/06)
      ✔ should identify this known pubkeyhashin (hybrid pubkey version w/07)
      ✔ should identify this known pubkeyhashin (compressed pubkey w/ 0x02)
      ✔ should identify this known pubkeyhashin (compressed pubkey w/ 0x03)
      ✔ should identify this known non-pubkeyhashin (bad ops length)
      ✔ should identify this known pubkey
      ✔ should identify this known non-pubkeyhashin (bad version)
      ✔ should identify this known non-pubkeyhashin (bad signature version)
      ✔ should identify this known non-pubkeyhashin (no public key)
      ✔ should identify this known non-pubkeyhashin (no signature)
    #isPublicKeyHashOut
      ✔ should identify this known pubkeyhashout as pubkeyhashout
      ✔ should identify this known non-pubkeyhashout as not pubkeyhashout 1
      ✔ should identify this known non-pubkeyhashout as not pubkeyhashout 2
    #isMultisigOut
      ✔ should identify known multisig out 1
      ✔ should identify known multisig out 2
      ✔ should identify known multisig out 3
      ✔ should identify non-multisig out 1
      ✔ should identify non-multisig out 2
    #isMultisigIn
      ✔ should identify multisig in 1
      ✔ should identify multisig in 2
      ✔ should identify non-multisig in 1
      ✔ should identify non-multisig in 2
    #isScriptHashIn
      ✔ should identify this known scripthashin
      ✔ should identify this known non-scripthashin
      ✔ should identify this problematic non-scripthashin scripts
      ✔ identifies this other problematic non-p2sh in
    #isScripthashOut
      ✔ should identify this known p2shout as p2shout
      ✔ should identify result of .isScriptHashOut() as p2sh
      ✔ should identify these known non-p2shout as not p2shout
    #isWitnessScriptHashOut
      ✔ should recognize this script as p2wsh
      ✔ should NOT identify as p2wsh
    #isWitnessPublicKeyHashOut
      ✔ should identify as p2wpkh
      ✔ should NOT identify as p2wpkh
    #isWitnessProgram
      ✔ will default values to empty object
      ✔ will return false if script is data push longer than 40 bytes
      ✔ will return false if first byte op_code is greater than OP_16
      ✔ will return true with datapush of 20
      ✔ will return true with datapush of 32
    #isPushOnly
      ✔ should know these scripts are or aren't push only
    #classifyInput
      ✔ shouldn't classify public key hash out
      ✔ should classify public key hash in
      ✔ shouldn't classify script hash out
      ✔ should classify script hash in
      ✔ shouldn't classify MULTISIG out
      ✔ should classify MULTISIG in
      ✔ shouldn't classify OP_RETURN data out
      ✔ shouldn't classify public key out
      ✔ should classify public key in
      ✔ should classify unknown
      ✔ should classify scriptHashIn, eventhough it's opreturn
    #classifyOutput
      ✔ should classify public key hash out
      ✔ shouldn't classify public key hash in
      ✔ should classify script hash out
      ✔ shouldn't classify script hash in
      ✔ should classify MULTISIG out
      ✔ shouldn't classify MULTISIG in
      ✔ should classify OP_RETURN data out
      ✔ should classify public key out
      ✔ shouldn't classify public key in
      ✔ should classify unknown
      ✔ should classify opreturn eventhough it also looks like a scriptHashIn
    #classify
      ✔ should classify public key hash out
      ✔ should classify public key hash in
      ✔ should classify script hash out
      ✔ should classify script hash in
      ✔ should classify MULTISIG out
      ✔ should classify MULTISIG in
      ✔ should classify OP_RETURN data out
      ✔ should classify public key out
      ✔ should classify public key in
      ✔ should classify unknown
      ✔ should classify opreturn eventhough it also looks like a scriptHashIn
      ✔ should classify scriptHashIn eventhough it is opreturn when script is marked is input
      ✔ should classify unknown eventhough it is public key hash when marked as input
      ✔ should classify unknown eventhough it is public key hash in when marked as output
    #add and #prepend
      ✔ should add these ops
      ✔ should prepend these ops
      ✔ should add and prepend correctly
      ✔ should add these push data
      ✔ should add both pushdata and non-pushdata chunks
      ✔ should work for no data OP_RETURN
      ✔ works with objects
      ✔ works with another script
      ✔ fails with wrong type
    #isStandard
      ✔ should classify correctly standard script
      ✔ should classify correctly non standard script
    #buildMultisigOut
      ✔ should create sorted script by default
      ✔ should fail when number of required signatures is greater than number of pubkeys
      ✔ should create unsorted script if specified
      ✔ should create 1-of-1
      ✔ should create 1-of-2
      ✔ should create 2-of-2
      ✔ should create 1-of-3
      ✔ should create 2-of-3
      ✔ should create 3-of-3
      ✔ should create 1-of-4
      ✔ should create 2-of-4
      ✔ should create 3-of-4
      ✔ should create 4-of-4
      ✔ should create 1-of-5
      ✔ should create 2-of-5
      ✔ should create 3-of-5
      ✔ should create 4-of-5
      ✔ should create 5-of-5
    #buildWitnessMultisigOutFromScript
      ✔ it will build nested witness scriptSig
    #buildPublicKeyHashOut
      ✔ should create script from livenet address
      ✔ should create script from testnet address
      ✔ should create script from public key
    #buildPublicKeyOut
      ✔ should create script from public key
    #buildDataOut
      ✔ should create script from no data
      ✔ should create script from empty data
      ✔ should create script from some data
      ✔ should create script from string
      ✔ should create script from a hex string
    #buildScriptHashOut
      ✔ should create script from another script
      ✔ inherits network property from other script
      ✔ inherits network property form an address
    #toScriptHashOut
      ✔ should create script from another script
    #removeCodeseparators
      ✔ should remove any OP_CODESEPARATORs
    #findAndDelete
      ✔ should find and delete this buffer
      ✔ should do nothing
    #checkMinimalPush
      ✔ should check these minimal pushes
    getData returns associated data
      ✔ works with this testnet transaction
      ✔ for a P2PKH address
      ✔ for a P2SH address
      ✔ for a standard opreturn output
      ✔ fails if content is not recognized
    toAddress
      ✔ priorize the network argument
      ✔ use the inherited network
      ✔ uses default network
      ✔ for a P2PKH address
      ✔ for a P2SH address
      ✔ fails if content is not recognized
      ✔ works for p2pkh output
      ✔ works for p2pkh input
      ✔ works for p2sh output
      ✔ works for p2sh input
      ✔ works for OP_RETURN script
    equals
      ✔ returns true for same script
      ✔ returns false for different chunks sizes
      ✔ returns false for different opcodes
      ✔ returns false for different data
      ✔ returns false for different data
    #getSignatureOperationsCount
      ✔ should return zero for empty scripts
      ✔ should handle multi-sig multisig scripts from string
      ✔ should handle multi-sig-out scripts from utility function
      ✔ should handle P2SH-multisig-in scripts from utility
      ✔ should default the one and only argument to true
    Taproot
      scriptPubKey
        bc1p2wsldez5mud2yam29q22wgfh9439spgduvct83k3pm50fcxa5dps59h4z5
          ✔ should buildWitnessV1Out from pub key and script tree
          ✔ should build script from address
        bc1pz37fc4cn9ah8anwm4xqqhvxygjf9rjf2resrw8h8w4tmvcs0863sa2e586
          ✔ should buildWitnessV1Out from pub key and script tree
          ✔ should build script from address
        bc1punvppl2stp38f7kwv2u2spltjuvuaayuqsthe34hd2dyy5w4g58qqfuag5
          ✔ should buildWitnessV1Out from pub key and script tree
          ✔ should build script from address
        bc1pwyjywgrd0ffr3tx8laflh6228dj98xkjj8rum0zfpd6h0e930h6saqxrrm
          ✔ should buildWitnessV1Out from pub key and script tree
          ✔ should build script from address
        bc1pwl3s54fzmk0cjnpl3w9af39je7pv5ldg504x5guk2hpecpg2kgsqaqstjq
          ✔ should buildWitnessV1Out from pub key and script tree
          ✔ should build script from address
        bc1pjxmy65eywgafs5tsunw95ruycpqcqnev6ynxp7jaasylcgtcxczs6n332e
          ✔ should buildWitnessV1Out from pub key and script tree
          ✔ should build script from address
        bc1pw5tf7sqp4f50zka7629jrr036znzew70zxyvvej3zrpf8jg8hqcssyuewe
          ✔ should buildWitnessV1Out from pub key and script tree
          ✔ should build script from address

  Transaction deserialization
    valid transaction test case
      ✔ vector #0
      ✔ vector #0
      ✔ vector #0
      ✔ vector #0
      ✔ vector #0
      ✔ vector #0
      ✔ vector #0
      ✔ vector #0
      ✔ vector #0
      ✔ vector #0
      ✔ vector #0
      ✔ vector #0
      ✔ vector #0
      ✔ vector #0
      ✔ vector #0
      ✔ vector #0
      ✔ vector #0
      ✔ vector #0
      ✔ vector #0
      ✔ vector #0
      ✔ vector #0
      ✔ vector #0
      ✔ vector #0
      ✔ vector #0
      ✔ vector #0
      ✔ vector #0
      ✔ vector #0
      ✔ vector #0
      ✔ vector #0
      ✔ vector #0
      ✔ vector #0
      ✔ vector #0
      ✔ vector #0
      ✔ vector #0
      ✔ vector #0
      ✔ vector #0
      ✔ vector #0
      ✔ vector #0
      ✔ vector #0
      ✔ vector #0
      ✔ vector #0
      ✔ vector #0
      ✔ vector #0
      ✔ vector #0
      ✔ vector #0
      ✔ vector #0
      ✔ vector #0
      ✔ vector #0
      ✔ vector #0
      ✔ vector #0
      ✔ vector #0
      ✔ vector #0
      ✔ vector #0
      ✔ vector #0
      ✔ vector #0
      ✔ vector #0
      ✔ vector #0
      ✔ vector #0
      ✔ vector #0
      ✔ vector #0
      ✔ vector #0
      ✔ vector #0
      ✔ vector #0
      ✔ vector #0
      ✔ vector #0
      ✔ vector #0
      ✔ vector #0
      ✔ vector #0
      ✔ vector #0
      ✔ vector #0
      ✔ vector #0
      ✔ vector #0
      ✔ vector #0
      ✔ vector #0
      ✔ vector #0
      ✔ vector #0
      ✔ vector #0
      ✔ vector #0
      ✔ vector #0
      ✔ vector #0
      ✔ vector #0
      ✔ vector #0
      ✔ vector #0
      ✔ vector #0
      ✔ vector #0
      ✔ vector #0
      ✔ vector #0
      ✔ vector #0
      ✔ vector #0
      ✔ vector #0
      ✔ vector #0
      ✔ vector #0
      ✔ vector #0
      ✔ vector #0
      ✔ vector #0
      ✔ vector #0
      ✔ vector #0
      ✔ vector #0
      ✔ vector #0
      ✔ vector #0
      ✔ vector #0
      ✔ vector #0
      ✔ vector #0
      ✔ vector #0
      ✔ vector #0
      ✔ vector #0
      ✔ vector #0
      ✔ vector #0
      ✔ vector #0
      ✔ vector #0
      ✔ vector #0
      ✔ vector #0
      ✔ vector #0
      ✔ vector #0
    invalid transaction test case
      ✔ invalid vector #0
      ✔ invalid vector #0
      ✔ invalid vector #0
      ✔ invalid vector #0
      ✔ invalid vector #0
      ✔ invalid vector #0
      ✔ invalid vector #0
      ✔ invalid vector #0
      ✔ invalid vector #0
      ✔ invalid vector #0
      ✔ invalid vector #0
      ✔ invalid vector #0
      ✔ invalid vector #0
      ✔ invalid vector #0
      ✔ invalid vector #0
      ✔ invalid vector #0
      ✔ invalid vector #0
      ✔ invalid vector #0
      ✔ invalid vector #0
      ✔ invalid vector #0
      ✔ invalid vector #0
      ✔ invalid vector #0
      ✔ invalid vector #0
      ✔ invalid vector #0
      ✔ invalid vector #0
      ✔ invalid vector #0
      ✔ invalid vector #0
      ✔ invalid vector #0
      ✔ invalid vector #0
      ✔ invalid vector #0
      ✔ invalid vector #0
      ✔ invalid vector #0
      ✔ invalid vector #0
      ✔ invalid vector #0
      ✔ invalid vector #0
      ✔ invalid vector #0
      ✔ invalid vector #0
      ✔ invalid vector #0
      ✔ invalid vector #0
      ✔ invalid vector #0
      ✔ invalid vector #0
      ✔ invalid vector #0
      ✔ invalid vector #0
      ✔ invalid vector #0
      ✔ invalid vector #0
      ✔ invalid vector #0
      ✔ invalid vector #0
      ✔ invalid vector #0
      ✔ invalid vector #0
      ✔ invalid vector #0
      ✔ invalid vector #0
      ✔ invalid vector #0
      ✔ invalid vector #0
      ✔ invalid vector #0
      ✔ invalid vector #0
      ✔ invalid vector #0
      ✔ invalid vector #0
      ✔ invalid vector #0
      ✔ invalid vector #0
      ✔ invalid vector #0
      ✔ invalid vector #0
      ✔ invalid vector #0
      ✔ invalid vector #0
      ✔ invalid vector #0
      ✔ invalid vector #0
      ✔ invalid vector #0
      ✔ invalid vector #0
      ✔ invalid vector #0
      ✔ invalid vector #0
      ✔ invalid vector #0
      ✔ invalid vector #0
      ✔ invalid vector #0
      ✔ invalid vector #0
      ✔ invalid vector #0
      ✔ invalid vector #0
      ✔ invalid vector #0
      ✔ invalid vector #0
      ✔ invalid vector #0
      ✔ invalid vector #0
      ✔ invalid vector #0
      ✔ invalid vector #0
      ✔ invalid vector #0
      ✔ invalid vector #0
      ✔ invalid vector #0
      ✔ invalid vector #0
      ✔ invalid vector #0
      ✔ invalid vector #0
      ✔ invalid vector #0
      ✔ invalid vector #0

  Transaction.Input
    ✔ has abstract methods: "getSignatures", "isFullySigned", "addSignature", "clearSignatures"
    ✔ detects coinbase transactions
    ✔ _estimateSize returns correct size
    instantiation
      ✔ works without new
      ✔ fails with no script info
      ✔ fromObject should work
      ✔ fromObject should work
    handling the BIP68 (sequenceNumber locktime)
      ✔ handles a null locktime
      ✔ handles a simple seconds example
      ✔ accepts a block height
      ✔ fails if the block height is too high
      ✔ fails if the block height is negative

  MultiSigInput
    ✔ can count missing signatures
    ✔ can count missing signatures, signed with key 3 and 1
    ✔ returns a list of public keys with missing signatures
    ✔ can clear all signatures
    ✔ can estimate how heavy is the output going to be
    ✔ uses SIGHASH_ALL by default
    ✔ roundtrips to/from object
    ✔ roundtrips to/from object when not signed
    ✔ can parse list of signature buffers, from TX signed with key 1 and 2
    ✔ can parse list of signature buffers, from TX signed with key 3 and 1

  MultiSigScriptHashInput
    ✔ can count missing signatures
    ✔ returns a list of public keys with missing signatures
    ✔ can clear all signatures
    ✔ can estimate how heavy is the output going to be
    ✔ uses SIGHASH_ALL by default
    ✔ roundtrips to/from object
    ✔ roundtrips to/from object when not signed
    ✔ will get the scriptCode for nested witness
    ✔ will get the satoshis buffer for nested witness
    P2WSH
      ✔ can count missing signatures
      ✔ returns a list of public keys with missing signatures
      ✔ can clear all signatures
      ✔ can estimate how heavy is the output going to be
      ✔ uses SIGHASH_ALL by default
      ✔ roundtrips to/from object
      ✔ roundtrips to/from object when not signed
      ✔ will get the scriptCode
      ✔ will get the satoshis buffer

  PublicKeyInput
    ✔ will correctly sign a publickey out transaction
    ✔ count can count missing signatures
    ✔ it's size can be estimated
    ✔ it's signature can be removed
    ✔ returns an empty array if private key mismatches

  PublicKeyHashInput
    ✔ can count missing signatures
    ✔ it's size can be estimated
    ✔ it's signature can be removed
    ✔ returns an empty array if private key mismatches
    P2WPKH
      ✔ can count missing signatures
      ✔ it's size can be estimated
      ✔ it's signature can be removed
      ✔ returns an empty array if private key mismatches
      ✔ will get the scriptCode
      ✔ will get the satoshis buffer
    P2SH-wrapped-P2WPKH
      ✔ can count missing signatures
      ✔ it's size can be estimated
      ✔ it's signature can be removed
      ✔ returns an empty array if private key mismatches
      ✔ will get the scriptCode
      ✔ will get the satoshis buffer

  TaprootInput
    ✔ can count missing signatures
    ✔ it's size can be estimated
    ✔ it's signature can be removed
    ✔ returns an empty array if private key mismatches
    P2TR
      ✔ can count missing signatures
      ✔ it's size can be estimated
      ✔ it's signature can be removed
      ✔ returns an empty array if private key mismatches
      ✔ will get the scriptCode
      ✔ will get the satoshis buffer

  Output
    ✔ throws error with unrecognized argument
    ✔ can be assigned a satoshi amount in big number
    ✔ can be assigned a satoshi amount with a string
    ✔ deserializes correctly a simple output
    ✔ can instantiate from an object
    ✔ can set a script from a buffer
    ✔ has a inspect property
    ✔ toBufferWriter
    ✔ roundtrips to/from object
    ✔ toObject will handle an invalid (null) script
    ✔ #toObject roundtrip will handle an invalid (null) script
    ✔ inspect will work with an invalid (null) script
    ✔ roundtrips to/from JSON
    ✔ setScript fails with invalid input
    ✔ sets script to null if it is an InvalidBuffer
    will error if output is not a positive integer
      ✔ -100
      ✔ 1.1
      ✔ NaN
      ✔ Infinity

  sighash
    ✔ test vector from bitcoind #1 (31af167a6cf3f9d5)
    ✔ test vector from bitcoind #2 (48d6a1bd2cd9eec5)
    ✔ test vector from bitcoind #3 (2a3d95b09237b720)
    ✔ test vector from bitcoind #4 (06e328de263a87b0)
    ✔ test vector from bitcoind #5 (f03aa4fc5f97e826)
    ✔ test vector from bitcoind #6 (746306f322de2b4b)
    ✔ test vector from bitcoind #7 (5c9d3a2ce9365bb7)
    ✔ test vector from bitcoind #8 (c336b2f7d3702fbb)
    ✔ test vector from bitcoind #9 (29aa6d2d752d3310)
    ✔ test vector from bitcoind #10 (bf5fdc314ded2372)
    ✔ test vector from bitcoind #11 (191ab180b0d75376)
    ✔ test vector from bitcoind #12 (b6632ac53578a741)
    ✔ test vector from bitcoind #13 (6e3735d37a4b28c4)
    ✔ test vector from bitcoind #14 (d76d0fc0abfa72d6)
    ✔ test vector from bitcoind #15 (6e48f3da3a4ac07e)
    ✔ test vector from bitcoind #16 (c6076b6a45e6fcfb)
    ✔ test vector from bitcoind #17 (aeb8c5a62e8a0b57)
    ✔ test vector from bitcoind #18 (a6e6cb69f409ec14)
    ✔ test vector from bitcoind #19 (7ca0f75e6530ec9f)
    ✔ test vector from bitcoind #20 (58294f0d7f2e68fe)
    ✔ test vector from bitcoind #21 (8b300032a1915a4a)
    ✔ test vector from bitcoind #22 (d55ed1e6c53510f2)
    ✔ test vector from bitcoind #23 (2765bbdcd3ebb8b1)
    ✔ test vector from bitcoind #24 (663c999a52288c99)
    ✔ test vector from bitcoind #25 (b9c3aee8515a4a3b)
    ✔ test vector from bitcoind #26 (be567cb47170b34f)
    ✔ test vector from bitcoind #27 (2149e79c3f4513da)
    ✔ test vector from bitcoind #28 (32db877b6b1ca556)
    ✔ test vector from bitcoind #29 (edf73e2396694e58)
    ✔ test vector from bitcoind #30 (f0a2deee7fd8a3a9)
    ✔ test vector from bitcoind #31 (aa418d096929394c)
    ✔ test vector from bitcoind #32 (eb9ceecc3b401224)
    ✔ test vector from bitcoind #33 (88fdee1c2d4aeead)
    ✔ test vector from bitcoind #34 (f6a1ecb50bd7c259)
    ✔ test vector from bitcoind #35 (f7efb74b1dcc49d3)
    ✔ test vector from bitcoind #36 (f2286001af0b0170)
    ✔ test vector from bitcoind #37 (30df2473e1403e2b)
    ✔ test vector from bitcoind #38 (7f21b62267ed5246)
    ✔ test vector from bitcoind #39 (8af0b4cbdbc011be)
    ✔ test vector from bitcoind #40 (40ed8e7bbbd893e1)
    ✔ test vector from bitcoind #41 (136beb95459fe6b1)
    ✔ test vector from bitcoind #42 (9eb8adf2caecb4bf)
    ✔ test vector from bitcoind #43 (5ca70e727d91b1a4)
    ✔ test vector from bitcoind #44 (2be27a686eb7940d)
    ✔ test vector from bitcoind #45 (49c8a6940a461cc7)
    ✔ test vector from bitcoind #46 (7f208df9a5507e98)
    ✔ test vector from bitcoind #47 (5fa09d43c8aef6f6)
    ✔ test vector from bitcoind #48 (713ddeeefcfe0492)
    ✔ test vector from bitcoind #49 (fe42f73a8742676e)
    ✔ test vector from bitcoind #50 (551ce975d58647f1)
    ✔ test vector from bitcoind #51 (069f38fd5d47abff)
    ✔ test vector from bitcoind #52 (6da32416deb45a0d)
    ✔ test vector from bitcoind #53 (76c4013c40bfa148)
    ✔ test vector from bitcoind #54 (fb7eca81d816354b)
    ✔ test vector from bitcoind #55 (8085e904164ab9a8)
    ✔ test vector from bitcoind #56 (9db4e320208185ee)
    ✔ test vector from bitcoind #57 (0133f1a161363b71)
    ✔ test vector from bitcoind #58 (d1df1f4bba2484cf)
    ✔ test vector from bitcoind #59 (40b4f03c68288bdc)
    ✔ test vector from bitcoind #60 (2ef025e907f0fa45)
    ✔ test vector from bitcoind #61 (1f8a3aca573a609f)
    ✔ test vector from bitcoind #62 (0d17a92c8d5041ba)
    ✔ test vector from bitcoind #63 (8221d5dfb75fc301)
    ✔ test vector from bitcoind #64 (13e8b5ab4e5b2cee)
    ✔ test vector from bitcoind #65 (87ddf1f9acb66404)
    ✔ test vector from bitcoind #66 (da8405db28726dc4)
    ✔ test vector from bitcoind #67 (ed53cc766cf7cb80)
    ✔ test vector from bitcoind #68 (e1a2568540999070)
    ✔ test vector from bitcoind #69 (abe441209165d25b)
    ✔ test vector from bitcoind #70 (0dd1bd5c25533bf5)
    ✔ test vector from bitcoind #71 (73fe22099c826c34)
    ✔ test vector from bitcoind #72 (eea96a48ee572aea)
    ✔ test vector from bitcoind #73 (5ec805e74ee934aa)
    ✔ test vector from bitcoind #74 (42f5ba6f5fe1e00e)
    ✔ test vector from bitcoind #75 (8449d5247071325e)
    ✔ test vector from bitcoind #76 (f98f95d0c5ec3ac3)
    ✔ test vector from bitcoind #77 (f79e6b776e2592ba)
    ✔ test vector from bitcoind #78 (771d4d87f1591a13)
    ✔ test vector from bitcoind #79 (726bb88cdf3af2f7)
    ✔ test vector from bitcoind #80 (1e0da47eedbbb381)
    ✔ test vector from bitcoind #81 (55591346aec65298)
    ✔ test vector from bitcoind #82 (f5b38b0f06e246e4)
    ✔ test vector from bitcoind #83 (eb2d8dea38e9175d)
    ✔ test vector from bitcoind #84 (13d12a51598b3485)
    ✔ test vector from bitcoind #85 (53ab197fa7e27b8a)
    ✔ test vector from bitcoind #86 (93c34627f526d73f)
    ✔ test vector from bitcoind #87 (bbc9069b8615f3a5)
    ✔ test vector from bitcoind #88 (5848d93491044d7f)
    ✔ test vector from bitcoind #89 (603a9b61cd30fcea)
    ✔ test vector from bitcoind #90 (3b320dd47f270245)
    ✔ test vector from bitcoind #91 (079fa62e9d9d7654)
    ✔ test vector from bitcoind #92 (2921a0e5e3ba83c5)
    ✔ test vector from bitcoind #93 (4aae6648f856994b)
    ✔ test vector from bitcoind #94 (3f988922d8cd11c7)
    ✔ test vector from bitcoind #95 (bd36a50e0e0a4ecb)
    ✔ test vector from bitcoind #96 (41bead1b073e1e9f)
    ✔ test vector from bitcoind #97 (71dfcd2eb7f2e647)
    ✔ test vector from bitcoind #98 (0d31a221c69bd322)
    ✔ test vector from bitcoind #99 (daec2af5622bbe22)
    ✔ test vector from bitcoind #100 (75a7db0df41485a2)
    ✔ test vector from bitcoind #101 (ced7ef84aad4097e)
    ✔ test vector from bitcoind #102 (c503001c16fbff82)
    ✔ test vector from bitcoind #103 (e84444d91580da41)
    ✔ test vector from bitcoind #104 (ef4bd7622eb7b2bb)
    ✔ test vector from bitcoind #105 (4012f5ff2f1238a0)
    ✔ test vector from bitcoind #106 (e1600e6df8a6160a)
    ✔ test vector from bitcoind #107 (05cf0ec9c61f1a15)
    ✔ test vector from bitcoind #108 (d309da5afd91b7af)
    ✔ test vector from bitcoind #109 (72b7da10704c3ca7)
    ✔ test vector from bitcoind #110 (393aa6c758e0eed1)
    ✔ test vector from bitcoind #111 (60b7544319b42e41)
    ✔ test vector from bitcoind #112 (6a9ac3f7da4c7735)
    ✔ test vector from bitcoind #113 (cfe147982afacde0)
    ✔ test vector from bitcoind #114 (35e94b3776a6729d)
    ✔ test vector from bitcoind #115 (ee4ea49d2aae0dbb)
    ✔ test vector from bitcoind #116 (299dcaac2bdaa627)
    ✔ test vector from bitcoind #117 (a4c0773204ab418a)
    ✔ test vector from bitcoind #118 (cc180c4f797c16a6)
    ✔ test vector from bitcoind #119 (566953eb806d40a9)
    ✔ test vector from bitcoind #120 (6e6307cef4f3a9b3)
    ✔ test vector from bitcoind #121 (577bf2b3520b40ae)
    ✔ test vector from bitcoind #122 (730bc25699b46703)
    ✔ test vector from bitcoind #123 (66c488603b2bc53f)
    ✔ test vector from bitcoind #124 (051c0df7ac688c2c)
    ✔ test vector from bitcoind #125 (ddfd902bba312a06)
    ✔ test vector from bitcoind #126 (96c2b32f0a00a592)
    ✔ test vector from bitcoind #127 (bf078519fa87b79f)
    ✔ test vector from bitcoind #128 (e33d5ee08c0f3c13)
    ✔ test vector from bitcoind #129 (8b57a7c3170c6c02)
    ✔ test vector from bitcoind #130 (3cb5b030e7da0b60)
    ✔ test vector from bitcoind #131 (add7f5da27262f13)
    ✔ test vector from bitcoind #132 (883a6ea3b2cc53fe)
    ✔ test vector from bitcoind #133 (b5dab912bcabedff)
    ✔ test vector from bitcoind #134 (7fc74de39ce6ca46)
    ✔ test vector from bitcoind #135 (ab6baa6da3b2bc85)
    ✔ test vector from bitcoind #136 (91178482112f94d1)
    ✔ test vector from bitcoind #137 (5e1849e7368cf4f0)
    ✔ test vector from bitcoind #138 (e9995065e1fddef7)
    ✔ test vector from bitcoind #139 (0e9c47973ef2c292)
    ✔ test vector from bitcoind #140 (32154c09174a9906)
    ✔ test vector from bitcoind #141 (4605ae5fd3d50f9c)
    ✔ test vector from bitcoind #142 (ff9d7394002f3f19)
    ✔ test vector from bitcoind #143 (59fc2959bb7bb245)
    ✔ test vector from bitcoind #144 (e9f53d531c12cce1)
    ✔ test vector from bitcoind #145 (fb51eb9d7e47d32f)
    ✔ test vector from bitcoind #146 (57a34ddeb1bf36d2)
    ✔ test vector from bitcoind #147 (edb7c74223d1f10f)
    ✔ test vector from bitcoind #148 (f0672638a0e568a9)
    ✔ test vector from bitcoind #149 (722efdd69a7d51d3)
    ✔ test vector from bitcoind #150 (659cd3203095d4a8)
    ✔ test vector from bitcoind #151 (d82d4ccd9b67810f)
    ✔ test vector from bitcoind #152 (8eebac87e60da524)
    ✔ test vector from bitcoind #153 (046de666545330e5)
    ✔ test vector from bitcoind #154 (478ee06501b4965b)
    ✔ test vector from bitcoind #155 (db0329439490efc6)
    ✔ test vector from bitcoind #156 (92364ba3c7a85d4e)
    ✔ test vector from bitcoind #157 (1f4209fd4ce7f13d)
    ✔ test vector from bitcoind #158 (b596f206d7eba22b)
    ✔ test vector from bitcoind #159 (e19b796c14a03736)
    ✔ test vector from bitcoind #160 (6e3e5ba77f760b6b)
    ✔ test vector from bitcoind #161 (fad092fc98f17c2c)
    ✔ test vector from bitcoind #162 (5418cf059b5f1577)
    ✔ test vector from bitcoind #163 (0d66003aff5bf78c)
    ✔ test vector from bitcoind #164 (4e4c9a781f626b59)
    ✔ test vector from bitcoind #165 (a869c18a0edf563d)
    ✔ test vector from bitcoind #166 (b1c50d58b753e8f6)
    ✔ test vector from bitcoind #167 (6b1459536f51482f)
    ✔ test vector from bitcoind #168 (154ff7a9f0875edc)
    ✔ test vector from bitcoind #169 (849033a2321b5755)
    ✔ test vector from bitcoind #170 (8556fe52d1d07823)
    ✔ test vector from bitcoind #171 (d9684685c99ce48f)
    ✔ test vector from bitcoind #172 (7e975a72db5adaa3)
    ✔ test vector from bitcoind #173 (47bc8ab070273e1f)
    ✔ test vector from bitcoind #174 (f3374253d64ac264)
    ✔ test vector from bitcoind #175 (8d7794703dad18e2)
    ✔ test vector from bitcoind #176 (4e6357da0057fb7f)
    ✔ test vector from bitcoind #177 (83deef4a698b62a7)
    ✔ test vector from bitcoind #178 (98ccde2dc14d14f5)
    ✔ test vector from bitcoind #179 (a903c84d8c5e7113)
    ✔ test vector from bitcoind #180 (83c68b3c5a89260c)
    ✔ test vector from bitcoind #181 (9c5fa02abfd34d0f)
    ✔ test vector from bitcoind #182 (f0bd4ca8e97203b9)
    ✔ test vector from bitcoind #183 (5509eba029cc11d7)
    ✔ test vector from bitcoind #184 (4ca73da4fcd5f1b1)
    ✔ test vector from bitcoind #185 (fb018ae54206fdd2)
    ✔ test vector from bitcoind #186 (001b0b176f0451df)
    ✔ test vector from bitcoind #187 (ac87b1b93a6baab6)
    ✔ test vector from bitcoind #188 (0767e09bba8cd66d)
    ✔ test vector from bitcoind #189 (de35c84a58f2458c)
    ✔ test vector from bitcoind #190 (e2fa3e1976aed82c)
    ✔ test vector from bitcoind #191 (7de4ba875b2e584a)
    ✔ test vector from bitcoind #192 (6b77ca70cc452cc8)
    ✔ test vector from bitcoind #193 (bd7d26bb3a98fc8c)
    ✔ test vector from bitcoind #194 (355ccaf30697c9c5)
    ✔ test vector from bitcoind #195 (353ca9619ccb0210)
    ✔ test vector from bitcoind #196 (b35bb1b72d02fab8)
    ✔ test vector from bitcoind #197 (7615b4a7b3be8656)
    ✔ test vector from bitcoind #198 (4f2ccf981598639b)
    ✔ test vector from bitcoind #199 (984efe0d8d12e438)
    ✔ test vector from bitcoind #200 (4a74f365a161bc6c)
    ✔ test vector from bitcoind #201 (08bbb746a596991a)
    ✔ test vector from bitcoind #202 (8ca11838775822f9)
    ✔ test vector from bitcoind #203 (9bc5bb772c553831)
    ✔ test vector from bitcoind #204 (78eb6b24365ac1ed)
    ✔ test vector from bitcoind #205 (f6da59b9deac63e8)
    ✔ test vector from bitcoind #206 (04c5ee48514cd033)
    ✔ test vector from bitcoind #207 (2e42ead953c9f4f8)
    ✔ test vector from bitcoind #208 (d9096de94d70c633)
    ✔ test vector from bitcoind #209 (ed5622ac642d11f9)
    ✔ test vector from bitcoind #210 (f926d4036eac7f01)
    ✔ test vector from bitcoind #211 (255c125b60ee85f4)
    ✔ test vector from bitcoind #212 (5a0a05e32ce4cd05)
    ✔ test vector from bitcoind #213 (52b9e0778206af68)
    ✔ test vector from bitcoind #214 (b6b684e2d2ecec8a)
    ✔ test vector from bitcoind #215 (e5da9a416ea883be)
    ✔ test vector from bitcoind #216 (41ecca1e8152ec55)
    ✔ test vector from bitcoind #217 (ff8a4016dfdd918f)
    ✔ test vector from bitcoind #218 (bad77967f98941af)
    ✔ test vector from bitcoind #219 (df1c87cf3ba70e75)
    ✔ test vector from bitcoind #220 (71c294523c48fd77)
    ✔ test vector from bitcoind #221 (110d90fea9470dfe)
    ✔ test vector from bitcoind #222 (0322ca570446869e)
    ✔ test vector from bitcoind #223 (8b5b3d00d9c658f0)
    ✔ test vector from bitcoind #224 (b79f31c289e95d9d)
    ✔ test vector from bitcoind #225 (89ec7fab7cfe7d8d)
    ✔ test vector from bitcoind #226 (78e01310a228f645)
    ✔ test vector from bitcoind #227 (4cc85cbc2863ee7d)
    ✔ test vector from bitcoind #228 (2d642ceee910abff)
    ✔ test vector from bitcoind #229 (a17b66d6bb427f42)
    ✔ test vector from bitcoind #230 (8e221a6c4bf81ca0)
    ✔ test vector from bitcoind #231 (714d8b14699835b2)
    ✔ test vector from bitcoind #232 (91082410630337a5)
    ✔ test vector from bitcoind #233 (458aec3b5089a585)
    ✔ test vector from bitcoind #234 (bbed77ff0f808aa8)
    ✔ test vector from bitcoind #235 (3212c6d6dd8d9d3b)
    ✔ test vector from bitcoind #236 (c40fd7dfa72321ac)
    ✔ test vector from bitcoind #237 (919144aada50db86)
    ✔ test vector from bitcoind #238 (305fc8ff5dc04ebd)
    ✔ test vector from bitcoind #239 (2420dd722e229ecc)
    ✔ test vector from bitcoind #240 (4370d05c07e231d6)
    ✔ test vector from bitcoind #241 (2f9993e0a84a6ca5)
    ✔ test vector from bitcoind #242 (02040283ef2291d8)
    ✔ test vector from bitcoind #243 (f24be499c58295f3)
    ✔ test vector from bitcoind #244 (1c8655969b241e71)
    ✔ test vector from bitcoind #245 (94338cd47a4639be)
    ✔ test vector from bitcoind #246 (60caf46a7625f303)
    ✔ test vector from bitcoind #247 (c834a5485e68dc13)
    ✔ test vector from bitcoind #248 (99b32b5679d91e0f)
    ✔ test vector from bitcoind #249 (5071f8acf96aea41)
    ✔ test vector from bitcoind #250 (9cb0dd04e9fe287b)
    ✔ test vector from bitcoind #251 (47207b4877772753)
    ✔ test vector from bitcoind #252 (b8f3d255549909c0)
    ✔ test vector from bitcoind #253 (ad01ec9d6dbae325)
    ✔ test vector from bitcoind #254 (595a3c0225456463)
    ✔ test vector from bitcoind #255 (9c051a7092fe17fa)
    ✔ test vector from bitcoind #256 (4d8efb3b99b9064d)
    ✔ test vector from bitcoind #257 (a638cc17fd91f4b1)
    ✔ test vector from bitcoind #258 (c10ccc9db8a92d7d)
    ✔ test vector from bitcoind #259 (0ca673a1ee66f962)
    ✔ test vector from bitcoind #260 (2c8be597620d95ab)
    ✔ test vector from bitcoind #261 (26b22e18d5d9081f)
    ✔ test vector from bitcoind #262 (8e0697d8cd8a9cce)
    ✔ test vector from bitcoind #263 (7cda43f1ff9191c6)
    ✔ test vector from bitcoind #264 (4435e62ff6531ac7)
    ✔ test vector from bitcoind #265 (913060c7454e6c80)
    ✔ test vector from bitcoind #266 (bae189eb3d64aedb)
    ✔ test vector from bitcoind #267 (cfeaa36790bc3987)
    ✔ test vector from bitcoind #268 (ec91eda1149f75bf)
    ✔ test vector from bitcoind #269 (3aad18a209fab8db)
    ✔ test vector from bitcoind #270 (86970af23c89b72a)
    ✔ test vector from bitcoind #271 (d0c4a780e4e0bc22)
    ✔ test vector from bitcoind #272 (fb4bd26a91b5cf22)
    ✔ test vector from bitcoind #273 (8e795aeef18f510d)
    ✔ test vector from bitcoind #274 (b6ed4a3721be3c3c)
    ✔ test vector from bitcoind #275 (935892c6f02948f3)
    ✔ test vector from bitcoind #276 (30c4cd4bd6b291f7)
    ✔ test vector from bitcoind #277 (2707ca714af09494)
    ✔ test vector from bitcoind #278 (4abce77432a86dfe)
    ✔ test vector from bitcoind #279 (48411efeb133c6b7)
    ✔ test vector from bitcoind #280 (b575a04b0bb56e38)
    ✔ test vector from bitcoind #281 (fc93cc056c70d5e0)
    ✔ test vector from bitcoind #282 (e095003ca82af897)
    ✔ test vector from bitcoind #283 (c6ec1b7cb5c16a1b)
    ✔ test vector from bitcoind #284 (5eeb03e03806cd7b)
    ✔ test vector from bitcoind #285 (b8db8d57fe40ab3a)
    ✔ test vector from bitcoind #286 (c6675bf229737e00)
    ✔ test vector from bitcoind #287 (205f3653f0142b35)
    ✔ test vector from bitcoind #288 (3275e98dca37243b)
    ✔ test vector from bitcoind #289 (508129278ef07b43)
    ✔ test vector from bitcoind #290 (fe516df92299e995)
    ✔ test vector from bitcoind #291 (d582c442e0ecc400)
    ✔ test vector from bitcoind #292 (f151f1ec305f698d)
    ✔ test vector from bitcoind #293 (d1b1d79001b4a032)
    ✔ test vector from bitcoind #294 (1d25d16d84d5793b)
    ✔ test vector from bitcoind #295 (f3bbab70b759fe6c)
    ✔ test vector from bitcoind #296 (41617b27321a830c)
    ✔ test vector from bitcoind #297 (20fd0eee5b5716d6)
    ✔ test vector from bitcoind #298 (ba0a2c987fcdd74b)
    ✔ test vector from bitcoind #299 (62cd3413d9d819fb)
    ✔ test vector from bitcoind #300 (37ed6fae36fcb336)
    ✔ test vector from bitcoind #301 (1c9d6816c2086584)
    ✔ test vector from bitcoind #302 (249c4513a49076c6)
    ✔ test vector from bitcoind #303 (2cc1c7514fdc512f)
    ✔ test vector from bitcoind #304 (6beca0e0388f824c)
    ✔ test vector from bitcoind #305 (5990b13945184734)
    ✔ test vector from bitcoind #306 (dbc7935d718328d2)
    ✔ test vector from bitcoind #307 (793a3d3c37f6494f)
    ✔ test vector from bitcoind #308 (b5bd080bbcb8cd65)
    ✔ test vector from bitcoind #309 (0c1fd44476ff28bf)
    ✔ test vector from bitcoind #310 (86f26e23822afd1b)
    ✔ test vector from bitcoind #311 (3cd85f84aae6d702)
    ✔ test vector from bitcoind #312 (961ff413850336d3)
    ✔ test vector from bitcoind #313 (e88ed2eea9143f25)
    ✔ test vector from bitcoind #314 (b8f1e1f35e3e1368)
    ✔ test vector from bitcoind #315 (c49af297dffe2d80)
    ✔ test vector from bitcoind #316 (18da6ceb011cd36f)
    ✔ test vector from bitcoind #317 (3078b1d1a7713c6d)
    ✔ test vector from bitcoind #318 (0e0bed1bf2ff255a)
    ✔ test vector from bitcoind #319 (ab61497afd39e61f)
    ✔ test vector from bitcoind #320 (680336db57347d81)
    ✔ test vector from bitcoind #321 (1c29f110576f4a3b)
    ✔ test vector from bitcoind #322 (c670219a93234929)
    ✔ test vector from bitcoind #323 (716a8180e417228f)
    ✔ test vector from bitcoind #324 (d36ee79fc80db2e6)
    ✔ test vector from bitcoind #325 (eacc47c5a53734d6)
    ✔ test vector from bitcoind #326 (59a34b3ed3a1cce0)
    ✔ test vector from bitcoind #327 (643a7b4c8d832e14)
    ✔ test vector from bitcoind #328 (56d29f5e300ddfed)
    ✔ test vector from bitcoind #329 (1536da582a0b6de0)
    ✔ test vector from bitcoind #330 (6cf9cd409b7185b1)
    ✔ test vector from bitcoind #331 (1efbf3d37a92bc03)
    ✔ test vector from bitcoind #332 (0898b26dd3ca0863)
    ✔ test vector from bitcoind #333 (979782dc3f36d908)
    ✔ test vector from bitcoind #334 (674a4bcb04247f8d)
    ✔ test vector from bitcoind #335 (3afacaca0ef6be9d)
    ✔ test vector from bitcoind #336 (241a23e7b1982d5f)
    ✔ test vector from bitcoind #337 (1326a46f4c21e761)
    ✔ test vector from bitcoind #338 (1ddaab7f973551d7)
    ✔ test vector from bitcoind #339 (925037c7dc7625f3)
    ✔ test vector from bitcoind #340 (7e058ca5dd07640e)
    ✔ test vector from bitcoind #341 (49870a961263354c)
    ✔ test vector from bitcoind #342 (eea7d2212bda2d40)
    ✔ test vector from bitcoind #343 (0090803a20102a77)
    ✔ test vector from bitcoind #344 (5c46f7ac3d6460af)
    ✔ test vector from bitcoind #345 (9cf05990421ea853)
    ✔ test vector from bitcoind #346 (fd44fc98639ca32c)
    ✔ test vector from bitcoind #347 (9a95e692e1f78efd)
    ✔ test vector from bitcoind #348 (62a36c6e8da03720)
    ✔ test vector from bitcoind #349 (476868cecd1763c9)
    ✔ test vector from bitcoind #350 (f64f805f0ff7f237)
    ✔ test vector from bitcoind #351 (c2cefaec2293134a)
    ✔ test vector from bitcoind #352 (d66924d49f03a696)
    ✔ test vector from bitcoind #353 (502967a6f999f7ee)
    ✔ test vector from bitcoind #354 (f58637277d2bc42e)
    ✔ test vector from bitcoind #355 (b098eb9aff1bbd37)
    ✔ test vector from bitcoind #356 (19dd32190ed2a37b)
    ✔ test vector from bitcoind #357 (3a1c6742d4c374f0)
    ✔ test vector from bitcoind #358 (9afe3f4978df6a86)
    ✔ test vector from bitcoind #359 (6629a1e75c6ae8f4)
    ✔ test vector from bitcoind #360 (818a7ceaf963f52b)
    ✔ test vector from bitcoind #361 (dfcf484111801989)
    ✔ test vector from bitcoind #362 (d0f32a6db43378af)
    ✔ test vector from bitcoind #363 (68c7bd717b399b1e)
    ✔ test vector from bitcoind #364 (978dc178ecd03d40)
    ✔ test vector from bitcoind #365 (0d936cceda2f56c7)
    ✔ test vector from bitcoind #366 (2f9b734860033651)
    ✔ test vector from bitcoind #367 (cfa4b7573559b3b1)
    ✔ test vector from bitcoind #368 (880330ccde009915)
    ✔ test vector from bitcoind #369 (bde3dd0575164d7e)
    ✔ test vector from bitcoind #370 (a3d65a8cd0c1eea8)
    ✔ test vector from bitcoind #371 (4eba3055bc2b5876)
    ✔ test vector from bitcoind #372 (6b80d74eb0e7ee59)
    ✔ test vector from bitcoind #373 (164c32a263f357e3)
    ✔ test vector from bitcoind #374 (8858bb47a042243f)
    ✔ test vector from bitcoind #375 (c84fcaf9d779df73)
    ✔ test vector from bitcoind #376 (e562579d1a2b10d1)
    ✔ test vector from bitcoind #377 (fa4676c374ae3a41)
    ✔ test vector from bitcoind #378 (e8e10ed162b1a43b)
    ✔ test vector from bitcoind #379 (a5bc0356f56b2b41)
    ✔ test vector from bitcoind #380 (556c3f90aa81f9b4)
    ✔ test vector from bitcoind #381 (0ef7b6e87c782fa3)
    ✔ test vector from bitcoind #382 (a7aa34bf8a5644f0)
    ✔ test vector from bitcoind #383 (bc46f3f83058ddf5)
    ✔ test vector from bitcoind #384 (f804fc4d81f03900)
    ✔ test vector from bitcoind #385 (270445ab77258ced)
    ✔ test vector from bitcoind #386 (4a3415eb1677ae4e)
    ✔ test vector from bitcoind #387 (d60bbadd2cc06741)
    ✔ test vector from bitcoind #388 (b276584d3514e5b4)
    ✔ test vector from bitcoind #389 (f1f2a489682e42a6)
    ✔ test vector from bitcoind #390 (bdfaff8a4e775379)
    ✔ test vector from bitcoind #391 (c629d93b02037f40)
    ✔ test vector from bitcoind #392 (c1c7df8206e661d5)
    ✔ test vector from bitcoind #393 (39c2aaa2496212b3)
    ✔ test vector from bitcoind #394 (877e347ec7487497)
    ✔ test vector from bitcoind #395 (47585dc25469d04f)
    ✔ test vector from bitcoind #396 (09ed6563a454814a)
    ✔ test vector from bitcoind #397 (c19caada8e71535e)
    ✔ test vector from bitcoind #398 (6a815ba155270af1)
    ✔ test vector from bitcoind #399 (552ff97d7924f51c)
    ✔ test vector from bitcoind #400 (e9a7f21fc2d38be7)
    ✔ test vector from bitcoind #401 (cdf51f6e3a9dc2be)
    ✔ test vector from bitcoind #402 (62094f98234a05bf)
    ✔ test vector from bitcoind #403 (d37532e7b2b8e7db)
    ✔ test vector from bitcoind #404 (5cef9d8e18a2d5a7)
    ✔ test vector from bitcoind #405 (26dc2cba4bd5334e)
    ✔ test vector from bitcoind #406 (3e5aa0200248d8d8)
    ✔ test vector from bitcoind #407 (b5280b9610c0625a)
    ✔ test vector from bitcoind #408 (04c9ef72f33668ca)
    ✔ test vector from bitcoind #409 (8f07ece7d65e509f)
    ✔ test vector from bitcoind #410 (e2358dfb51831ee8)
    ✔ test vector from bitcoind #411 (502a2435fd02898d)
    ✔ test vector from bitcoind #412 (7ba99b289c04718a)
    ✔ test vector from bitcoind #413 (92d53b4390262e6b)
    ✔ test vector from bitcoind #414 (5d366a7f4346ae18)
    ✔ test vector from bitcoind #415 (bbee941bbad95042)
    ✔ test vector from bitcoind #416 (5c5a9c3a5de7dc7a)
    ✔ test vector from bitcoind #417 (a3bdf8771c899097)
    ✔ test vector from bitcoind #418 (8c29ea8ef60c5a92)
    ✔ test vector from bitcoind #419 (d5f1c1cb35956a57)
    ✔ test vector from bitcoind #420 (37b794b05d0687c9)
    ✔ test vector from bitcoind #421 (ea117348e94de863)
    ✔ test vector from bitcoind #422 (a7aff48f3b8aeb7a)
    ✔ test vector from bitcoind #423 (0a281172d306b6a3)
    ✔ test vector from bitcoind #424 (82ebc07b16cff007)
    ✔ test vector from bitcoind #425 (418acc156c2bc76a)
    ✔ test vector from bitcoind #426 (228ca52a0a376fe0)
    ✔ test vector from bitcoind #427 (d2fa7e13c34cecda)
    ✔ test vector from bitcoind #428 (499da7d74032388f)
    ✔ test vector from bitcoind #429 (1125645b49202dca)
    ✔ test vector from bitcoind #430 (5350a31ac954a0b4)
    ✔ test vector from bitcoind #431 (3c05473a816621a3)
    ✔ test vector from bitcoind #432 (936eff8cdfd771be)
    ✔ test vector from bitcoind #433 (69c0b30f4c630a6c)
    ✔ test vector from bitcoind #434 (f8757fbb4448ca34)
    ✔ test vector from bitcoind #435 (e7d873aa079a19ec)
    ✔ test vector from bitcoind #436 (311094b4d73e31ae)
    ✔ test vector from bitcoind #437 (06277201504e6bf8)
    ✔ test vector from bitcoind #438 (7912573937824058)
    ✔ test vector from bitcoind #439 (24cb420a53b4f8bb)
    ✔ test vector from bitcoind #440 (69264faadcd1a581)
    ✔ test vector from bitcoind #441 (bd0e88829afa6bdc)
    ✔ test vector from bitcoind #442 (f99c29a79f1d73d2)
    ✔ test vector from bitcoind #443 (9615541884dfb1fe)
    ✔ test vector from bitcoind #444 (6e3f97955490d93d)
    ✔ test vector from bitcoind #445 (b3b336de141d4f07)
    ✔ test vector from bitcoind #446 (7928ae8e86c0b0ca)
    ✔ test vector from bitcoind #447 (4a92fec1eb03f5bd)
    ✔ test vector from bitcoind #448 (8b7dd0ff12ca0d8f)
    ✔ test vector from bitcoind #449 (8bb7a0129eaf4b8f)
    ✔ test vector from bitcoind #450 (55acd8293ed0be67)
    ✔ test vector from bitcoind #451 (b362da5634f20be7)
    ✔ test vector from bitcoind #452 (2b822737c2affeef)
    ✔ test vector from bitcoind #453 (20732d5073805419)
    ✔ test vector from bitcoind #454 (685d67d84755906d)
    ✔ test vector from bitcoind #455 (123916c6485cf23b)
    ✔ test vector from bitcoind #456 (f43378a0b7822ad6)
    ✔ test vector from bitcoind #457 (ff18c5bffd086e00)
    ✔ test vector from bitcoind #458 (cb6e4322955af12e)
    ✔ test vector from bitcoind #459 (e8d89a302ae62689)
    ✔ test vector from bitcoind #460 (0278adbcc476d135)
    ✔ test vector from bitcoind #461 (b7ca991ab2e20d01)
    ✔ test vector from bitcoind #462 (437e89bb6f70fd2e)
    ✔ test vector from bitcoind #463 (535ba819d74770d4)
    ✔ test vector from bitcoind #464 (d4737f3b58f3e508)
    ✔ test vector from bitcoind #465 (3282a2ec6b8c87c9)
    ✔ test vector from bitcoind #466 (55611a5fb1483bce)
    ✔ test vector from bitcoind #467 (b3ff10f21e71ebc8)
    ✔ test vector from bitcoind #468 (9b360c3310d55c84)
    ✔ test vector from bitcoind #469 (2f482b97178f1728)
    ✔ test vector from bitcoind #470 (6390ab0963cf611e)
    ✔ test vector from bitcoind #471 (f77c3322c97b1681)
    ✔ test vector from bitcoind #472 (5299b0fb7fc16f40)
    ✔ test vector from bitcoind #473 (67483ee62516be17)
    ✔ test vector from bitcoind #474 (48315a95e49277ab)
    ✔ test vector from bitcoind #475 (74d6a2fa7866fd8b)
    ✔ test vector from bitcoind #476 (1bc8ad76f9b7c366)
    ✔ test vector from bitcoind #477 (a575fa4f59a8e90c)
    ✔ test vector from bitcoind #478 (a72a760b361af418)
    ✔ test vector from bitcoind #479 (2c45d021db545df7)
    ✔ test vector from bitcoind #480 (32f3c012eca9a823)
    ✔ test vector from bitcoind #481 (c76146f68f430372)
    ✔ test vector from bitcoind #482 (1d849b92eedb9bf2)
    ✔ test vector from bitcoind #483 (bbee17c858251474)
    ✔ test vector from bitcoind #484 (84af1623366c4db6)
    ✔ test vector from bitcoind #485 (ccfdba36d9445f44)
    ✔ test vector from bitcoind #486 (5532717402a2da01)
    ✔ test vector from bitcoind #487 (9a0435996cc58bdb)
    ✔ test vector from bitcoind #488 (1d1757a782cb5860)
    ✔ test vector from bitcoind #489 (e69dba3efb5c02af)
    ✔ test vector from bitcoind #490 (b0dc030661783dd9)
    ✔ test vector from bitcoind #491 (1dec0d5eb921bf5b)
    ✔ test vector from bitcoind #492 (0a2ff41f6d155d8d)
    ✔ test vector from bitcoind #493 (e05e3d383631a7ed)
    ✔ test vector from bitcoind #494 (e657e2c8ec4ebc76)
    ✔ test vector from bitcoind #495 (da86c260d42a6923)
    ✔ test vector from bitcoind #496 (397c68803b7ce953)
    ✔ test vector from bitcoind #497 (fe1dc9e8554deecf)
    ✔ test vector from bitcoind #498 (950f4b4f72ccdf8a)
    ✔ test vector from bitcoind #499 (d5981bd4467817c1)
    ✔ test vector from bitcoind #500 (076b9f844f6ae429)

  Sighash Witness Program Version 0
    ✔ should create hash for sighash all

  TransactionSignature
    ✔ can be created without the `new` keyword
    ✔ can be retrieved from Transaction#getSignatures
    ✔ fails when trying to create from invalid arguments
    ✔ returns the same object if called with a TransactionSignature
    ✔ gets returned by a P2SH multisig output
    ✔ can be aplied to a Transaction with Transaction#addSignature
    serialization
      ✔ serializes to an object and roundtrips correctly
      ✔ can be deserialized with fromObject
      ✔ can deserialize when signature is a buffer
      ✔ can roundtrip to/from json
      ✔ can parse a previously known json string
      ✔ can deserialize a previously known object

  Transaction
    ✔ should serialize and deserialize correctly a given transaction
    ✔ should parse the version as a signed integer
    ✔ fails if an invalid parameter is passed to constructor
    ✔ can serialize to a plain javascript object
    ✔ will not accept NaN as an amount
    ✔ returns the fee correctly
    ✔ will return zero as the fee for a coinbase
    ✔ serialize to Object roundtrip
    ✔ toObject/fromObject with signatures and custom fee
    ✔ toObject/fromObject with p2sh signatures and custom fee
    ✔ toObject/fromObject with p2wsh signatures and custom fee
    ✔ fromObject with pay-to-public-key previous outputs
    ✔ toObject/fromObject with witness, signatures and custom fee
    ✔ toObject/fromObject with nested witness, signatures and custom fee
    ✔ constructor returns a shallow copy of another transaction
    ✔ should display correctly in console
    ✔ standard hash of transaction should be decoded correctly
    ✔ serializes an empty transaction
    ✔ serializes an empty transaction v2
    ✔ serializes and deserializes correctly
    ✔ deserializes and serializes a taproot tx
    ✔ handles anyone-can-spend utxo
    ✔ handles unsupported utxo in tx object
    ✔ will error if object hash does not match transaction hash
    transaction creation test vector
      ✔ case 1
      ✔ case 2
      ✔ case 3
      ✔ case 4
      ✔ case 5
      ✔ case 6
    adding inputs
      ✔ adds just once one utxo
      isFullySigned
        ✔ works for normal p2pkh
        ✔ works for normal p2wpkh
        ✔ works for wrapped p2wpkh
        ✔ fails when Inputs are not subclassed and isFullySigned is called
        ✔ fails when Inputs are not subclassed and verifySignature is called
        ✔ passes result of input.isValidSignature
    change address
      ✔ can calculate simply the output amount
      ✔ accepts a P2SH address for change
      ✔ accepts a P2WPKH address for change
      ✔ accepts a P2WSH address for change
      ✔ can recalculate the change amount
      ✔ adds no fee if no change is available
      ✔ adds no fee if no money is available
      ✔ adds no change if fee less than DUST_AMOUNT
      ✔ fee can be set up manually
      ✔ fee per kb can be set up manually
      ✔ fee per byte (low fee) can be set up manually
      ✔ fee per byte (high fee) can be set up manually
      ✔ fee per byte can be set up manually
      ✔ fee per byte not enough for change
      ✔ if satoshis are invalid
      ✔ if fee is too small, fail serialization
      ✔ on second call to sign, change is not recalculated
      ✔ getFee() returns the difference between inputs and outputs if no change address set
      ✔ should not under calculate fee
    serialization
      ✔ stores the change address correctly
      ✔ can avoid checked serialize
      ✔ stores the fee set by the user
    checked serialize
      ✔ fails if no change address was set
      ✔ fails if a high fee was set
      ✔ fails if a dust output is created
      ✔ doesn't fail if a dust output is not dust
      ✔ doesn't fail if a dust output is an op_return
      ✔ fails when outputs and fee don't add to total input
      ✔ checks output amount before fee errors
      ✔ will throw fee error with disableMoreOutputThanInput enabled (but not triggered)
      skipping checks
        ✔ can skip the check for too much fee
        ✔ can skip the check for a fee that is too small
        ✔ can skip the check that prevents dust outputs
        ✔ can skip the check that prevents unsigned outputs
        ✔ can skip the check that avoids spending more bitcoins than the inputs for a transaction
    #verify
      ✔ not if _satoshis and _satoshisBN have different values
      ✔ not if _satoshis is negative
      ✔ not if transaction is greater than max block size
      ✔ not if has null input (and not coinbase)
    to and from JSON
      ✔ takes a string that is a valid JSON and deserializes from it
      ✔ serializes the `change` information
      ✔ serializes correctly p2sh multisig signed tx
    serialization of inputs
      ✔ can serialize and deserialize a P2PKH input
      ✔ can serialize and deserialize a P2SH input
      ✔ can serialize and deserialize a P2PWKH input
      ✔ can serialize and deserialize a wrapped P2PWKH input
      ✔ can serialize and deserialize a P2WSH input
    checks on adding inputs
      ✔ fails if no output script is provided
      ✔ fails if no satoshi amount is provided
      ✔ allows output and transaction to be feed as arguments
      ✔ does not allow a threshold number greater than the amount of public keys
      ✔ will add an empty script if not supplied
    removeInput and removeOutput
      ✔ can remove an input by index
      ✔ can remove an input by transaction id
      ✔ fails if the index provided is invalid
      ✔ an output can be removed by index
    handling the nLockTime
      ✔ handles a null locktime
      ✔ handles a simple example
      ✔ accepts a date instance
      ✔ accepts a number instance with a timestamp
      ✔ accepts a block height
      ✔ fails if the block height is too high
      ✔ fails if the date is too early
      ✔ fails if the block height is negative
      ✔ has a non-max sequenceNumber for effective date locktime tx
      ✔ has a non-max sequenceNumber for effective blockheight locktime tx
      ✔ should serialize correctly for date locktime 
      ✔ should serialize correctly for a block height locktime
    inputAmount + outputAmount
      ✔ returns correct values for simple transaction
      ✔ returns correct values for transaction with change
      ✔ returns correct values for coinjoin transaction
    output ordering
      ✔ allows the user to sort outputs according to a criteria
      ✔ allows the user to randomize the output order
      ✔ fails if the provided function does not work as expected
      ✔ shuffle without change
    clearOutputs
      ✔ removes all outputs and maintains the transaction in order
    BIP69 Sorting
      ✔ sorts inputs correctly
      ✔ sorts outputs correctly
      bitcoinjs fixtures
        ✔ Ordered by txId, descending (reverse-byte-order ascending)
        ✔ Ordered by vout, ascending
        ✔ Ordered by txId, then vout
        ✔ BIP69 test vector 1
        ✔ BIP69 test vector 2
        ✔ Ordered by Amount, ascending
        ✔ Ordered by Script, ascending
        ✔ Ordered by Amount, then Script
        ✔ Sorting is irrelevant for equivalent outputs
        ✔ BIP69 test vector 1
        ✔ BIP69 test vector 2
    Replace-by-fee
      #enableRBF
        ✔ only enable inputs not already enabled (0xffffffff)
        ✔ enable for inputs with 0xffffffff and 0xfffffffe
      #isRBF
        ✔ enable and determine opt-in
        ✔ determine opt-out with default sequence number
        ✔ determine opt-out with 0xfffffffe
        ✔ determine opt-out with 0xffffffff
        ✔ determine opt-in with 0xfffffffd (first input)
        ✔ determine opt-in with 0xfffffffd (second input)
    Segregated Witness
      ✔ identify as segwit transaction
      ✔ correctly calculate hash for segwit transaction
      ✔ round trip nested witness p2sh
      verifying
        ✔ will verify these signatures
        Bitcoin Core tests
          ✔ will verify pay-to-compressed publickey (v0) part 1
          ✔ will verify pay-to-compressed publickey (v0) part 2
          ✔ will verify p2sh witness pay-to-compressed pubkey (v0) part 1
          ✔ will verify p2sh witness pay-to-compressed pubkey (v0) part 2
          ✔ will verify witness 2-of-2 multisig (part 1)
          ✔ will verify witness 2-of-2 multisig (part 2)
          ✔ will verify witness 2-of-2 multisig (part 3)
          ✔ will verify p2sh witness 2-of-2 multisig (part 1)
          ✔ will verify p2sh witness 2-of-2 multisig (part 2)
          ✔ will verify p2sh witness 2-of-2 multisig (part 3)
          ✔ will verify witness pay-to-uncompressed-pubkey (v1) part 1
          ✔ will verify witness pay-to-uncompressed-pubkey (v1) part 2
          ✔ will verify p2sh witness pay-to-uncompressed-pubkey (v1) part 1
          ✔ will verify p2sh witness pay-to-uncompressed-pubkey (v1) part 2
      signing
        ✔ will sign with nested p2sh witness program
        ✔ will sign with p2wpkh witness program
        ✔ will sign with p2sh-wrapped-p2wpkh witness program
        ✔ will sign with p2sh-wrapped-p2wpkh witness program (derived redeem script)
        ✔ will sign with p2wsh witness program
        ✔ will sign with p2wsh, p2sh, and nested p2sh
        ✔ will sign with p2pkh, p2wpkh, and wrapped p2wpkh
    Size calculation
      ✔ should correctly calculation the size for a non-segwit tx
      ✔ should correctly calculation the size for a segwit tx
      ✔ should correctly calculation the size for a segwit tx with a mix
    _estimateSize
      ✔ estimate an accurate size - non-segwit
      ✔ estimate an accurate size - segwit
      ✔ estimate an accurate size - wrapped segwit
      ✔ estimate an accurate size - p2sh 2:2 multisig
      ✔ estimate an accurate size - p2sh 2:2 multisig
      ✔ estimate an accurate size - p2wsh multisig
      ✔ estimate an accurate size - p2wsh multisig change
    Taproot
      ✔ vector 0 (368ms)
    getSighash
      ✔ should get sighash for publickey input
      ✔ should get sighash for publickeyhash input
      ✔ should get sighash for wrapped publickeyhash input
      ✔ should get sighash for multisig input
      ✔ should get sighash for multisigscripthash input
      ✔ should get sighash for witness multisigscripthash input
      ✔ should get sighash for taproot input

  UnspentOutput
    ✔ roundtrip from raw data
    ✔ can be created without "new" operand
    ✔ fails if no tx id is provided
    ✔ fails if vout is not a number
    ✔ displays nicely on the console
    ✔ toString returns txid:vout
    ✔ to/from JSON roundtrip
    checking the constructor parameters
      ✔ fails when no amount is defined
      ✔ does not fail when amount is zero

  Unit
    ✔ can be created from a number and unit
    ✔ can be created from a number and exchange rate
    ✔ no "new" is required for creating an instance
    ✔ has property accesors "BTC", "mBTC", "uBTC", "bits", and "satoshis"
    ✔ a string amount is allowed
    ✔ should have constructor helpers
    ✔ converts to satoshis correctly
    ✔ takes into account floating point problems
    ✔ exposes unit codes
    ✔ exposes a method that converts to different units
    ✔ exposes shorthand conversion methods
    ✔ can convert to fiat
    ✔ toString works as expected
    ✔ can be imported and exported from/to JSON
    ✔ importing from invalid JSON fails quickly
    ✔ inspect method displays nicely
    ✔ fails when the unit is not recognized
    ✔ fails when the exchange rate is invalid

  URI
    ✔ parses uri strings correctly (test vector)
    ✔ URIs can be validated statically (test vector)
    ✔ fails on creation with no params
    ✔ do not need new keyword
    ✔ should create instance from object
    ✔ should support double slash scheme
    ✔ should input/output String
    ✔ should input/output JSON
    ✔ should support numeric amounts
    ✔ should support extra arguments
    ✔ should generate a valid URI
    ✔ should be case insensitive to protocol
    ✔ writes correctly the "r" parameter on string serialization
    ✔ displays nicely on the console (#inspect)
    ✔ fails early when fromString isn't provided a string
    ✔ fails early when fromJSON isn't provided a valid JSON string
    instantiation from bitcoin uri
      ✔ parses address
      ✔ parses amount
      ✔ parses a testnet address
      ✔ stores unknown parameters as "extras"
      ✔ throws error when a required feature is not supported
      ✔ has no false negative when checking supported features

  buffer utils
    equals
      ✔ recognizes these two equal buffers
      ✔ no false positive: returns false with two different buffers
      ✔ coverage: quickly realizes a difference in size and returns false
      ✔ "equals" is an an alias for "equal"
    fill
      ✔ checks arguments
      ✔ works correctly for a small buffer
    isBuffer
      ✔ has no false positive
      ✔ has no false negative
    emptyBuffer
      ✔ creates a buffer filled with zeros
      ✔ checks arguments
    single byte buffer <=> integer
      ✔ integerAsSingleByteBuffer should return a buffer of length 1
      ✔ should check the type
      ✔ works correctly for edge cases
      ✔ does a round trip
    4byte buffer integer <=> integer
      ✔ integerAsBuffer should return a buffer of length 4
      ✔ is little endian
      ✔ should check the type
      ✔ works correctly for edge cases
      ✔ does a round trip
    reverse
      ✔ reverses a buffer

  js utils
    isValidJSON
      ✔ does not mistake an integer as valid json object
      ✔ correctly validates a json object
      ✔ correctly validates an array json object
    isNaturalNumber
      ✔ false for float
      ✔ false for string float
      ✔ false for string integer
      ✔ false for negative integer
      ✔ false for negative integer string
      ✔ false for infinity
      ✔ false for NaN
      ✔ true for zero
      ✔ true for positive integer

  preconditions
    ✔ can be used to assert state
    ✔ throws no false negative
    ✔ can be used to check an argument
    ✔ can be used to check an argument type
    ✔ has no false negatives when used to check an argument type
    ✔ can be used to check an argument type for a class
    ✔ has no false negatives when checking a type for a class
    ✔ formats correctly a message on InvalidArgument()
    ✔ formats correctly a message on checkArgument


  4694 passing (1m)
  1 pending


=============================== Coverage summary ===============================
Statements   : 92.84% ( 5790/6236 )
Branches     : 87.13% ( 2695/3093 )
Functions    : 97.12% ( 744/766 )
Lines        : 92.8% ( 5724/6168 )
================================================================================

Execution of 1 workers started at 2026-09-07T18:23:21.716Z

2026-09-07T18:23:22.294Z ERROR webdriver: Failed downloading chromedriver v150.0.7871.187 using {"cacheDir":"/var/folders/f7/yknfv21d71xchryp2k7g8l1r0000gp/T","buildId":"150.0.7871.187","platform":"mac_arm","browser":"chromedriver","unpack":true}: Got status code 404, retrying ...
Error: Error: Error: Got status code 404
Failed downloading chromedriver v150.0.7871.187 using {"cacheDir":"/var/folders/f7/yknfv21d71xchryp2k7g8l1r0000gp/T","buildId":"150.0.7871.187","platform":"mac_arm","browser":"chromedriver","unpack":true}: Got status code 404
    at file:///Users/bpmj/dev/bitcore/packages/bitcore-build/node_modules/@wdio/utils/build/node.js:100:13
    at process.processTicksAndRejections (node:internal/process/task_queues:105:5)
    at async _install (file:///Users/bpmj/dev/bitcore/packages/bitcore-build/node_modules/@wdio/utils/build/node.js:96:3)
    at async _install (file:///Users/bpmj/dev/bitcore/packages/bitcore-build/node_modules/@wdio/utils/build/node.js:96:3)
    at async setupChromedriver (file:///Users/bpmj/dev/bitcore/packages/bitcore-build/node_modules/@wdio/utils/build/node.js:211:7)
    at async Promise.all (index 0)
    at async Promise.all (index 0)
    at async Launcher.run (file:///Users/bpmj/dev/bitcore/packages/bitcore-build/node_modules/@wdio/cli/build/index.js:2222:7)
Error: Error: Got status code 404
Failed downloading chromedriver v150.0.7871.187 using {"cacheDir":"/var/folders/f7/yknfv21d71xchryp2k7g8l1r0000gp/T","buildId":"150.0.7871.187","platform":"mac_arm","browser":"chromedriver","unpack":true}: Got status code 404
    at file:///Users/bpmj/dev/bitcore/packages/bitcore-build/node_modules/@wdio/utils/build/node.js:100:13
    at process.processTicksAndRejections (node:internal/process/task_queues:105:5)
    at async _install (file:///Users/bpmj/dev/bitcore/packages/bitcore-build/node_modules/@wdio/utils/build/node.js:96:3)
    at async _install (file:///Users/bpmj/dev/bitcore/packages/bitcore-build/node_modules/@wdio/utils/build/node.js:96:3)
    at async setupChromedriver (file:///Users/bpmj/dev/bitcore/packages/bitcore-build/node_modules/@wdio/utils/build/node.js:211:7)
    at async Promise.all (index 0)
    at async Promise.all (index 0)
    at async Launcher.run (file:///Users/bpmj/dev/bitcore/packages/bitcore-build/node_modules/@wdio/cli/build/index.js:2222:7)
[14:23:22] The following tasks did not complete: test
[14:23:22] Did you forget to signal async completion?
/Users/bpmj/dev/bitcore/packages/bitcore-build/node_modules/async-done/index.js:18
    throw err;
    ^

Error [ERR_UNHANDLED_ERROR]: Unhandled error. ({
  uid: 4,
  name: '<anonymous>',
  branch: false,
  error: [PluginError: Command `"/Users/bpmj/dev/bitcore/packages/bitcore-build/node_modules/@wdio/cli/bin/wdio.js" run "/Users/bpmj/dev/bitcore/packages/bitcore-build/wdio.conf.js"` failed with exit code 1] {
    plugin: 'gulp-shell',
    showProperties: true,
    showStack: false,
    __safety: { toString: [Function: bound ] }
  },
  duration: [ 1, 432537375 ],
  time: 1788805402607
})
    at Gulp.emit (node:events:507:17)
    at Gulp.emit (node:domain:489:12)
    at Object.error (/Users/bpmj/dev/bitcore/packages/bitcore-build/node_modules/undertaker/lib/helpers/createExtensions.js:61:10)
    at handler (/Users/bpmj/dev/bitcore/packages/bitcore-build/node_modules/now-and-later/lib/mapSeries.js:47:14)
    at f (/Users/bpmj/dev/bitcore/packages/bitcore-build/node_modules/once/once.js:25:25)
    at f (/Users/bpmj/dev/bitcore/packages/bitcore-build/node_modules/once/once.js:25:25)
    at tryCatch (/Users/bpmj/dev/bitcore/packages/bitcore-build/node_modules/async-done/index.js:24:15)
    at done (/Users/bpmj/dev/bitcore/packages/bitcore-build/node_modules/async-done/index.js:40:12)
    at /Users/bpmj/dev/bitcore/packages/bitcore-build/node_modules/async/dist/async.js:473:16
    at iterateeCallback (/Users/bpmj/dev/bitcore/packages/bitcore-build/node_modules/async/dist/async.js:988:17) {
  code: 'ERR_UNHANDLED_ERROR',
  context: {
    uid: 4,
    name: '<anonymous>',
    branch: false,
    error: [PluginError: Command `"/Users/bpmj/dev/bitcore/packages/bitcore-build/node_modules/@wdio/cli/bin/wdio.js" run "/Users/bpmj/dev/bitcore/packages/bitcore-build/wdio.conf.js"` failed with exit code 1] {
      plugin: 'gulp-shell',
      showProperties: true,
      showStack: false,
      __safety: { toString: [Function: bound ] }
    },
    duration: [ 1, 432537375 ],
    time: 1788805402607
  }
}

Node.js v22.16.0
