
> test:bitcore-lib-ltc
> cd ./packages/bitcore-lib-ltc && npm run test


> @bitpay-labs/bitcore-lib-ltc@11.10.4 test
> gulp --tasks && gulp test

[14:57:00] Tasks for ~/dev/bitcore/packages/bitcore-lib-ltc/gulpfile.js
[14:57:00] ├── test:karma
[14:57:00] ├── test:webdriverio
[14:57:00] ├── noop
[14:57:00] ├── browser:uncompressed
[14:57:00] ├── browser:terser
[14:57:00] ├── browser:compressed
[14:57:00] ├── browser:maketests
[14:57:00] ├── browser
[14:57:00] ├── test:node
[14:57:00] ├── watch:test
[14:57:00] ├── watch:test:node
[14:57:00] ├── watch:test:browser
[14:57:00] ├── watch:lint
[14:57:00] ├── watch:browser
[14:57:00] ├── test:browser
[14:57:00] ├── test
[14:57:00] ├── default
[14:57:00] └── release:install
[14:57:00] Using gulpfile ~/dev/bitcore/packages/bitcore-lib-ltc/gulpfile.js
[14:57:00] Starting 'test'...


  Address
    ✔ can't build without data
    ✔ should throw an error because of bad network param
    ✔ should throw an error because of bad type param
    ✔ throws an error if it couldn't instantiate
    ✔ can roundtrip from/to a object
    ✔ will use the default network for an object
    bitcoind compliance
      ✔ should describe address LbRY3MfWxhv1W88P3DcH94WLpDGZ3qV8aP as valid
      ✔ should describe address MDpbgJxvdDJk7YH5BVzsUfsKse3N9YCE3o as valid
      ✔ should describe address mphsD9aLCQ9kpysu4ecCwAvHWYcsbt31u9 as valid
      ✔ should describe address mphsD9aLCQ9kpysu4ecCwAvHWYcsbt31u9 as valid
      ✔ should describe address Qg23fQdzYjbW3mo4MtJDMkZsWQgm3kVemM as valid
      ✔ should describe address Laq1dYLSYPifTjCeT9DCr1Puiy7k7Ewy5B as valid
      ✔ should describe address MGrt3HGGHwL5vZ3ecCzdMEbmnFKcE9EeJW as valid
      ✔ should describe address mhoT6gsCtPmeY5m5S93FPv5y11Zft7mDAv as valid
      ✔ should describe address QdieUEwPPkt5beUreupi9njiiqzpPqTKWP as valid
      ✔ should describe address LcCLxZSuwCMonMGeBcHqQ1SbsKyWKtVmBB as valid
      ✔ should describe address MKuuxLCpf575SnN6ouhfUmnDYbvyDTQBet as valid
      ✔ should describe address mgpyL2ueFkKYo8DigPfqi9mGaXhTpBfXFK as valid
      ✔ should describe address QaRx8KN1Rnh661srYaspaq1whQPdUpq4pF as valid
      ✔ should describe address LbCdD5HhF8mtzqpAhAL44hRUpVXGthe3wv as valid
      ✔ should describe address MQrxASS6brp3bASypWeKFqTCFbvJLcwQPE as valid
      ✔ should describe address n3cBcftzi5PyYRCaqjnHB9LS9C1r8AUKtT as valid
      ✔ should describe address QQo4rKLgyqkBLFsSEWFrgBwrH9eGhmcfbT as valid
      ✔ should describe address LXbHo4W9BDZYwv6v9x57kLZ2r9YNyqBgWA as valid
      ✔ should describe address MQS7zSkUt9PcbchboBEkg97g7ZojRxoXPW as valid
      ✔ should describe address moJfnqA4SviQhxStcqR4PFvCU2bjYEx873 as valid
      ✔ should describe address QV5Ti6jZKGQF7D7erT2dkpFXf3UgfKAw9h as valid
      ✔ should describe address LiRGLiaD9yaUNZbe9GKptX5PybiQZzioED as valid
      ✔ should describe address M7wQbFTJZextk1bjbWc1c2WgNmAj41meXv as valid
      ✔ should describe address mfkrC62Px74E6mpQS137ecE6c3A7LzFMV7 as valid
      ✔ should describe address QeEUMazrWFAp7UTwHgxQ9aVtdER4e4E9aY as valid
      ✔ should describe address LeZc1mA2SgaNTJ4WE8pKegNKbZekqovqvK as valid
      ✔ should describe address M825mF1bLC3hPL6ZmaEVqZ2pouU5iRE72D as valid
      ✔ should describe address ltc1qw508d6qejxtdg4y5r3zarvary0c5xw7kgmn4n9 as valid
      ✔ should describe address rltc1qw508d6qejxtdg4y5r3zarvary0c5xw7k693xs3 as valid
      ✔ should describe address tltc1qrp33g0q5c5txsp9arysrx4k6zdkfs4nce4xj0gdcccefvpysxf3qsnr4fp as valid
      ✔ should describe address tltc1qqqqqp399et2xygdj5xreqhjjvcmzhxw4aywxecjdzew6hylgvsesu9tmgm as valid
      ✔ should describe address rltc1qqqqqp399et2xygdj5xreqhjjvcmzhxw4aywxecjdzew6hylgvsesxuhrdn as valid
      ✔ should describe input ... as invalid
      ✔ should describe input x... as invalid
      ✔ should describe input gZXdHjj9QC... as invalid
      ✔ should describe input 6vFieKyF36... as invalid
      ✔ should describe input cQWGj8MhCt... as invalid
      ✔ should describe input JBoefAMfPK... as invalid
      ✔ should describe input TbxPvvXwEt... as invalid
      ✔ should describe input 2NUDYkhC7d... as invalid
      ✔ should describe input LgcotVvFQg... as invalid
      ✔ should describe input 5mfqm4pggS... as invalid
      ✔ should describe input 2U4ajn8ASm... as invalid
      ✔ should describe input 2PGCEn9m7V... as invalid
      ✔ should describe input 2iKcv8HMvV... as invalid
      ✔ should describe input uDpgjm6HCQ... as invalid
      ✔ should describe input 4MxF1GvQDo... as invalid
      ✔ should describe input cQcyPZ6SYh... as invalid
      ✔ should describe input 5ngBnqMF5s... as invalid
      ✔ should describe input cRSUJiBwxS... as invalid
      ✔ should describe input 2KtV23FPhB... as invalid
      ✔ should describe input 25xmYrwhzc... as invalid
      ✔ should describe input 5mqiJJe7ej... as invalid
      ✔ should describe input cN6EEuVvKa... as invalid
      ✔ should describe input wVwfGNa9Bk... as invalid
      ✔ should describe input HfLPJ1eL8K... as invalid
      ✔ should describe input Yk5B6MRro1... as invalid
      ✔ should describe input LbW5JEaVWM... as invalid
      ✔ should describe input FwVS4Xy2KU... as invalid
      ✔ should describe input T3Xe7hU6cg... as invalid
      ✔ should describe input M8LH9iCJBT... as invalid
      ✔ should describe input JKAsgoe5RR... as invalid
      ✔ should describe input 7sTp4xUuNR... as invalid
      ✔ should describe input cUSxdRJwpE... as invalid
      ✔ should describe input JKSnxB43og... as invalid
      ✔ should describe input tJgWcJ8FqG... as invalid
      ✔ should describe input 2UDnhZGfuH... as invalid
      ✔ should describe input JCK4Kx3L6Z... as invalid
      ✔ should describe input AbnXu1Rgae... as invalid
      ✔ should describe input 928wcz8UaX... as invalid
      ✔ should describe input Qp7EyuWueg... as invalid
      ✔ should describe input 6R9r5RHQdN... as invalid
      ✔ should describe input 271T9hGPSe... as invalid
      ✔ should describe input 2x7WjATScg... as invalid
      ✔ should describe input 2jwUaPdB93... as invalid
      ✔ should describe input 7VkJFJwgtT... as invalid
      ✔ should describe input T4UVQQSBJd... as invalid
      ✔ should describe input 2UA3wL1KGh... as invalid
      ✔ should describe input gcBstMZS9m... as invalid
      ✔ should describe input 5mqKtSZGj3... as invalid
      ✔ should describe input 31q9AKvsdw... as invalid
      ✔ should describe input 2A1q1YsMZo... as invalid
      ✔ should describe input tc1qw508d6... as invalid
      ✔ should describe input bc1qw508d6... as invalid
      ✔ should describe input BC13W508D6... as invalid
      ✔ should describe input bc1rw5uspc... as invalid
      ✔ should describe input bc10w508d6... as invalid
      ✔ should describe input BC1QR508D6... as invalid
      ✔ should describe input tb1qrp33g0... as invalid
      ✔ should describe input bc1zw508d6... as invalid
      ✔ should describe input tb1qrp33g0... as invalid
      ✔ should describe input bc1gmk9yu... as invalid
      ✔ should describe input ltc1pw508d... as invalid
      ✔ should describe input ltc1sw50qz... as invalid
      ✔ should describe input ltc1zw508d... as invalid
    validation
      ✔ getValidationError detects network mismatchs
      ✔ isValid returns true on a valid address
      ✔ isValid returns false on network mismatch
      ✔ validates correctly the P2PKH test vector
      ✔ validates correctly the P2SH test vector
      ✔ validates correctly the P2SH testnet test vector
      ✔ rejects correctly the P2PKH livenet test vector with "testnet" parameter
      ✔ validates correctly the P2PKH livenet test vector with "livenet" parameter
      ✔ should not validate if checksum is invalid
      ✔ should not validate on a network mismatch
      ✔ should not validate on a type mismatch
      ✔ should not validate on non-base58 characters
      ✔ testnet addresses are validated correctly
      ✔ addresses with whitespace are validated correctly
      ✔ testnet addresses are also valid regtest addresses
    instantiation
      ✔ can be instantiated from another address
    encodings
      ✔ should make an address from a buffer
      ✔ should make an address from a string
      ✔ should make an address using a non-string network
      ✔ should throw with bad network param
      ✔ should error because of unrecognized data format
      ✔ should error because of incorrect format for pubkey hash
      ✔ should error because of incorrect format for script hash
      ✔ should error because of incorrect type for transform buffer
      ✔ should error because of incorrect length buffer for transform buffer
      ✔ should error because of incorrect type for pubkey transform
      ✔ should error because of incorrect type for script transform
      ✔ should error because of incorrect type for string transform
      ✔ should make an address from a pubkey hash buffer
      ✔ should make an address using the default network
      ✔ should throw an error for invalid length hashBuffer
      ✔ should make this address from a compressed pubkey
      ✔ should use the default network for pubkey
      ✔ should make this address from an uncompressed pubkey
      ✔ should classify from a custom network
      ✔ should derive from this known address string livenet
      ✔ should derive from this known address string testnet
      ✔ should derive from this known address string livenet scripthash
      ✔ should derive from this known address string testnet scripthash
      from a script
        ✔ should fail to build address from a non p2sh,p2pkh script
        ✔ should make this address from a p2pkh output script
        ✔ should make this address from a p2sh input script
        ✔ returns the same address if the script is a pay to public key hash out
        ✔ returns the same address if the script is a pay to script hash out
    #toBuffer
      ✔ 3c3fa3d4adcaf8f52d5b1843975e122548269937 corresponds to hash 16VZnHwRhwrExfeHFHGjwrgEMq8VcYPs9r
    #object
      ✔ roundtrip to-from-to
      ✔ will fail with invalid state
    #toString
      ✔ livenet pubkeyhash address
      ✔ scripthash address
      ✔ testnet scripthash address
      ✔ testnet pubkeyhash address
    #inspect
      ✔ should output formatted output correctly
    questions about the address
      ✔ should detect a P2SH address
      ✔ should detect a Pay To PubkeyHash address
    creating a P2SH address from public keys
      ✔ can create an address from a set of public keys
      ✔ works on testnet also
      ✔ can create an address from a set of public keys with a nested witness program
      ✔ can also be created by Address.createMultisig
      ✔ fails if invalid array is provided

  Block
    ✔ should make a new block
    ✔ should not make an empty block
    #constructor
      ✔ should set these known values
      ✔ should properly deserialize blocks
    #fromRawBlock
      - should instantiate from a raw block binary
      - should instantiate from raw block buffer
    #fromJSON
      ✔ should set these known values
      ✔ should set these known values
    #toJSON
      ✔ should recover these known values
    #fromString/#toString
      ✔ should output/input a block hex string
    #fromBuffer
      ✔ should make a block from this known buffer
      ✔ should instantiate from block buffer from the network
    #fromBufferReader
      ✔ should make a block from this known buffer
    #toBuffer
      ✔ should recover a block from this known buffer
    #toBufferWriter
      ✔ should recover a block from this known buffer
      ✔ doesn't create a bufferWriter if one provided
    #toObject
      ✔ should recover a block from genesis block buffer
      ✔ roundtrips correctly
    #_getHash
      ✔ should return the correct hash of the genesis block
    #id
      ✔ should return the correct id of the genesis block
      ✔ "hash" should be the same as "id"
    #inspect
      ✔ should return the correct inspect of the genesis block
    #merkleRoot
      - should describe as valid merkle root
      ✔ should describe as invalid merkle root
      ✔ should get a null hash merkle root

  BlockHeader
    ✔ should make a new blockheader
    ✔ should not make an empty block
    ✔ coverage: caches the "_id" property
    #constructor
      ✔ should set all the variables
      ✔ will throw an error if the argument object hash property doesn't match
    version
      ✔ is interpreted as an int32le
    #fromObject
      ✔ should set all the variables
    #toJSON
      ✔ should set all the variables
    #fromJSON
      ✔ should parse this known json string
    #fromString/#toString
      ✔ should output/input a block hex string
    #fromBuffer
      ✔ should parse this known buffer
    #fromBufferReader
      ✔ should parse this known buffer
    #toBuffer
      ✔ should output this known buffer
    #toBufferWriter
      ✔ should output this known buffer
      ✔ doesn't create a bufferWriter if one provided
    #inspect
      ✔ should return the correct inspect of the genesis block
      ✔ should return the correct inspect of testnet block 1856255
    #fromRawBlock
      ✔ should instantiate from a raw block binary
      ✔ should instantiate from raw block buffer
      ✔ should instantiate from raw block with verification
      ✔ should fail network verification from raw block
    #validTimestamp
      ✔ should validate timestamp as true
      ✔ should validate timestamp as false
    #validProofOfWork
      ✔ should validate proof-of-work as true
      ✔ should validate proof of work as false because incorrect proof of work
    #getDifficulty
      ✔ should get the correct difficulty for block 1856255
      ✔ should get the correct difficulty for testnet block 552065
      ✔ should get the correct difficulty for livenet block 373043
      ✔ should get the correct difficulty for livenet block 340000
      ✔ should use exponent notation if difficulty is larger than Javascript number

  MerkleBlock
    #constructor
      ✔ should make a new merkleblock from buffer
      ✔ should make a new merkleblock from object
      ✔ should make a new merkleblock from JSON
      ✔ should not make an empty block
    #fromObject
      ✔ should set these known values
      ✔ should set these known values
      ✔ accepts an object as argument
    #toJSON
      ✔ should recover these known values
    #fromBuffer
      ✔ should make a block from this known buffer
    #fromBufferReader
      ✔ should make a block from this known buffer
    #toBuffer
      ✔ should recover a block from this known buffer
    #toBufferWriter
      ✔ should recover a block from this known buffer
      ✔ doesn't create a bufferWriter if one provided
    #validMerkleTree
      ✔ should validate good merkleblocks
      ✔ should not validate merkleblocks with too many hashes
      ✔ should not validate merkleblocks with too few bit flags
    #hasTransaction
      ✔ should find transactions via hash string
      ✔ should find transactions via Transaction object
      ✔ should not find non-existant Transaction object
      ✔ should not match with merkle nodes

  BN
    ✔ should create a bn
    ✔ should parse this number
    ✔ should parse numbers below and at bn.js internal word size
    #add
      ✔ should add two small numbers together
    #sub
      ✔ should subtract a small number
    #gt
      ✔ should say 1 is greater than 0
      ✔ should say a big number is greater than a small big number
      ✔ should say a big number is great than a standard number
    to/from ScriptNumBuffer
      ✔ rountrips correctly for 0
      ✔ rountrips correctly for 1
      ✔ rountrips correctly for 10
      ✔ rountrips correctly for 256
      ✔ rountrips correctly for 1000
      ✔ rountrips correctly for 65536
      ✔ rountrips correctly for 65537
      ✔ rountrips correctly for -1
      ✔ rountrips correctly for -1000
      ✔ rountrips correctly for -65536
      ✔ rountrips correctly for -65537
    #fromString
      ✔ should make BN from a string
      ✔ should work with hex string
    #toString
      ✔ should make a string
    @fromBuffer
      ✔ should work with big endian
      ✔ should work with big endian 256
      ✔ should work with little endian if we specify the size
      ✔ should work with Uint8Array input
      ✔ should throw on invalid input: Array
      ✔ should throw on invalid input: string
      ✔ should throw on invalid input: Uint16Array
    #toBuffer
      ✔ should create a 4 byte buffer
      ✔ should create a 4 byte buffer in little endian
      ✔ should create a 2 byte buffer even if you ask for a 1 byte
      ✔ should create a 4 byte buffer even if you ask for a 1 byte

  ECDSA
    #calci
      ✔ calculates i correctly
      ✔ calulates this known i
    #getRandomK
      ✔ should generate a new random k when called twice in a row
      ✔ should generate a random k that is (almost always) greater than this relatively small number
    #getDeterministicK
      ✔ should generate the same deterministic k
      ✔ should generate the same deterministic k if badrs is set
      ✔ should compute this test vector correctly
    #recoverPublicKey
      ✔ should calculate the correct public key
      ✔ should calculate the correct public key for this signature with low s
      ✔ should calculate the correct public key for this signature with high s
    #verificationError
      ✔ should return an error if the hash is invalid
      ✔ should return an error if r, s are invalid
      ✔ should return an error if the signature is incorrect
    #sign
      ✔ should create a valid signature
      ✔ should create a valid signature defaulting to deterministicK
      ✔ should create a valid signature explicitly using deterministicK
      ✔ should create a valid signature using randomK
      ✔ should not re-use k values
      ✔ should should throw an error if hashbuf is not 32 bytes
      ✔ should generate right K
      ✔ should generate correct signature for Uint8Array input
      ✔ should throw on improper input: Array
      ✔ should throw on improper input: Uint16Array
    #verify
      ✔ should verify a signature that was just signed
      ✔ should verify this known good signature
      ✔ should verify a valid signature, and unverify an invalid signature
      ✔ should work with big and little endian
    vectors
      ✔ should validate valid vector 0
      ✔ should validate valid vector 1
      ✔ should validate valid vector 2
      ✔ should validate valid vector 3
      ✔ should validate valid vector 4
      ✔ should validate valid vector 5
      ✔ should validate valid vector 6
      ✔ should validate invalid.sigError vector 0: The wrong signature
      ✔ should validate invalid.sigError vector 1: Invalid r value (< 0)
      ✔ should validate invalid.sigError vector 2: Invalid r value (== 0)
      ✔ should validate invalid.sigError vector 3: Invalid r value (>= n)
      ✔ should validate invalid.sigError vector 4: Invalid s value (< 0)
      ✔ should validate invalid.sigError vector 5: Invalid s value (== 0)
      ✔ should validate invalid.sigError vector 6: Invalid s value (>= n)
      ✔ should validate invalid.sigError vector 7: Invalid r, s values (r = s = -n)
      ✔ should validate deterministicK vector 0
      ✔ should validate deterministicK vector 1
      ✔ should validate deterministicK vector 2
      ✔ should validate deterministicK vector 3
      ✔ should validate deterministicK vector 4
      ✔ should validate deterministicK vector 5
      ✔ should validate deterministicK vector 6
      ✔ should validate deterministicK vector 7
      ✔ should validate deterministicK vector 8
      ✔ should validate deterministicK vector 9

  Hash
    @sha1
      ✔ calculates the hash of this buffer correctly
      ✔ throws an error when the input is not a buffer
    #sha256
      ✔ calculates the hash of this buffer correctly
      ✔ fails when the input is not a buffer
    #sha256hmac
      ✔ computes this known big key correctly
      ✔ computes this known empty test vector correctly
      ✔ computes this known non-empty test vector correctly
    #sha256sha256
      ✔ calculates the hash of this buffer correctly
      ✔ fails when the input is not a buffer
    #sha256ripemd160
      ✔ calculates the hash of this buffer correctly
      ✔ fails when the input is not a buffer
    #ripemd160
      ✔ calculates the hash of this buffer correctly
      ✔ fails when the input is not a buffer
    #sha512
      ✔ calculates the hash of this buffer correctly
      ✔ fails when the input is not a buffer
    #sha512hmac
      ✔ calculates this known empty test vector correctly
      ✔ calculates this known non-empty test vector correctly
    #scrypt
      ✔ calculates scrypt hash correctly

  Point
    ✔ should create a point
    ✔ should create a point when called with "new"
    #getX
      ✔ should return x
      ✔ should be convertable to a buffer
    #getY
      ✔ should return y
      ✔ should be convertable to a buffer
    #add
      ✔ should accurately add g to itself
    #mul
      ✔ should accurately multiply g by 2
      ✔ should accurately multiply g by n-1
      ✔ should accurately multiply g by n+1
    @fromX
      ✔ should return g
    #validate
      ✔ should describe this point as valid
      ✔ should describe this point as invalid because of zero y
      ✔ should describe this point as invalid because of invalid y
      ✔ should describe this point as invalid because out of curve bounds
      ✔ should describe this point as invalid because out of curve bounds

  Random
    @getRandomBuffer
      ✔ should return a buffer
      ✔ should not equate two 256 bit random buffers
      ✔ should generate 100 8 byte buffers in a row that are not equal

  Signature
    ✔ should make a blank signature
    ✔ should work with conveniently setting r, s
    #set
      ✔ should set compressed
      ✔ should set nhashtype
    #fromCompact
      ✔ should create a signature from a compressed signature
      ✔ should create a signature from an uncompressed signature
    #fromDER
      ✔ should parse this DER format signature
    #fromString
      ✔ should parse this DER format signature in hex
    #toTxFormat
      ✔ should parse this known signature and rebuild it with updated zero-padded sighash types
    #fromTxFormat
      ✔ should convert from this known tx-format buffer
      ✔ should parse this known signature and rebuild it
    #parseDER
      ✔ should parse this signature generated in node
      ✔ should parse this 69 byte signature
      ✔ should parse this 68 byte signature
      ✔ should parse this signature from script_valid.json
    #toDER
      ✔ should convert these known r and s values into a known signature
    #toString
      ✔ should convert this signature in to hex DER
    @isTxDER
      ✔ should know this is a DER signature
      ✔ should know this is not a DER signature
      bitcoind fixtures
        ✔ should be valid for fixture #0
        ✔ should be valid for fixture #1
        ✔ should be valid for fixture #2
        ✔ should be valid for fixture #3
        ✔ should be valid for fixture #4
        ✔ should be invalid for fixture #0
        ✔ should be invalid for fixture #1
        ✔ should be invalid for fixture #2
        ✔ should be invalid for fixture #3
        ✔ should be invalid for fixture #4
        ✔ should be invalid for fixture #5
        ✔ should be invalid for fixture #6
        ✔ should be invalid for fixture #7
        ✔ should be invalid for fixture #8
        ✔ should be invalid for fixture #9
        ✔ should be invalid for fixture #10
        ✔ should be invalid for fixture #11
        ✔ should be invalid for fixture #12
        ✔ should be invalid for fixture #13
        ✔ should be invalid for fixture #14
    #hasLowS
      ✔ should detect high and low S
    #hasDefinedHashtype
      ✔ should reject invalid sighash types and accept valid ones

  Documentation
    - major and minor versions should match

  Base58
    ✔ should make an instance with "new"
    ✔ validates characters with no false negatives
    ✔ validates characters from buffer
    ✔ some characters are invalid (no false positives)
    ✔ should make an instance without "new"
    ✔ should allow this handy syntax
    #set
      ✔ should set a blank buffer
    @encode
      ✔ should encode the buffer accurately
      ✔ should throw an error when the Input is not a buffer
    @decode
      ✔ should decode this encoded value correctly
      ✔ should throw an error when Input is not a string
    #fromBuffer
      ✔ should not fail
      ✔ should set buffer
    #fromString
      ✔ should convert this known string to a buffer
    #toBuffer
      ✔ should return the buffer
    #toString
      ✔ should return the buffer

  Base58Check
    ✔ should make an instance with "new"
    ✔ can validate a serialized string
    ✔ should make an instance without "new"
    ✔ should allow this handy syntax
    #set
      ✔ should set a buf
    @encode
      ✔ should encode the buffer accurately
      ✔ should throw an error when the input is not a buffer
    @decode
      ✔ should decode this encoded value correctly
      ✔ should throw an error when input is not a string
      ✔ should throw an error when input is too short
      ✔ should throw an error when there is a checksum mismatch
    #fromBuffer
      ✔ should not fail
      ✔ should set buffer
    #fromString
      ✔ should convert this known string to a buffer
    #toBuffer
      ✔ should return the buffer
    #toString
      ✔ should return the buffer

  BufferReader
    ✔ should make a new BufferReader
    ✔ should create a new bufferreader with a buffer
    ✔ should fail for invalid object
    #set
      ✔ should set pos
    #eof
      ✔ should return true for a blank br
    read
      ✔ should return the same buffer
      ✔ should return a buffer of this length
      ✔ should work with 0 length
    readVarLengthBuffer
      ✔ returns correct buffer
      ✔ fails on length too big
    #readUInt8
      ✔ should return 1
    #readUInt16BE
      ✔ should return 1
    #readUInt16LE
      ✔ should return 1
    #readUInt32BE
      ✔ should return 1
    #readUInt32LE
      ✔ should return 1
    #readUInt64BEBN
      ✔ should return 1
      ✔ should return 2^64
    #readUInt64LEBN
      ✔ should return 1
      ✔ should return 10BTC
      ✔ should return 2^30
      ✔ should return 2^32 + 1
      ✔ should return max number of satoshis
      ✔ should return 2^53 - 1
      ✔ should return 2^53
      ✔ should return 0
      ✔ should return 2^64
    #readVarintBuf
      ✔ should read a 1 byte varint
      ✔ should read a 3 byte varint
      ✔ should read a 5 byte varint
      ✔ should read a 9 byte varint
    #readVarintNum
      ✔ should read a 1 byte varint
      ✔ should read a 3 byte varint
      ✔ should read a 5 byte varint
      ✔ should throw an error on a 9 byte varint over the javascript uint precision limit
      ✔ should not throw an error on a 9 byte varint not over the javascript uint precision limit
    #readVarintBN
      ✔ should read a 1 byte varint
      ✔ should read a 3 byte varint
      ✔ should read a 5 byte varint
      ✔ should read a 9 byte varint
    #reverse
      ✔ should reverse this [0, 1]

  BufferWriter
    ✔ should create a new buffer writer
    #set
      ✔ set bufs
    #toBuffer
      ✔ should concat these two bufs
    #concat
      ✔ should concat these two bufs
    #write
      ✔ should write a buffer
    #writeUInt8
      ✔ should write 1
    #writeUInt16BE
      ✔ should write 1
    #writeUInt16LE
      ✔ should write 1
    #writeUInt32BE
      ✔ should write 1
    #writeUInt32LE
      ✔ should write 1
    #writeUInt64BEBN
      ✔ should write 1
    #writeUInt64LEBN
      ✔ should write 1
    #writeVarint
      ✔ should write a 1 byte varint
      ✔ should write a 3 byte varint
      ✔ should write a 5 byte varint
      ✔ should write a 9 byte varint
      ✔ should read back the same value it wrote for a 9 byte varint
    #writeVarintBN
      ✔ should write a 1 byte varint
      ✔ should write a 3 byte varint
      ✔ should write a 5 byte varint
      ✔ should write a 9 byte varint

  Varint
    ✔ should make a new varint
    #set
      ✔ should set a buffer
    #fromString
      ✔ should set a buffer
    #toString
      ✔ should return a buffer
    #fromBuffer
      ✔ should set a buffer
    #fromBufferReader
      ✔ should set a buffer reader
    #fromBN
      ✔ should set a number
    #fromNumber
      ✔ should set a number
    #toBuffer
      ✔ should return a buffer
    #toBN
      ✔ should return a buffer
    #toNumber
      ✔ should return a buffer

  HDKeys building with static methods
    ✔ HDPublicKey fromJSON checks that a valid JSON is provided
    ✔ HDPublicKey fromString checks that a string is provided
    ✔ HDPublicKey fromObject checks that an object is provided
    ✔ HDPrivateKey fromJSON checks that a valid JSON is provided
    ✔ HDPrivateKey fromString checks that a string is provided
    ✔ HDPrivateKey fromObject checks that an object is provided

  BIP32 compliance
    ✔ should initialize test vector 1 from the extended public key
    ✔ should initialize test vector 1 from the extended private key
    ✔ can initialize a public key from an extended private key
    ✔ toString should be equal to the `xpubkey` member
    ✔ toString should be equal to the `xpubkey` member
    ✔ should get the extended public key from the extended private key for test vector 1
    ✔ should get m/0' ext. private key from test vector 1
    ✔ should get m/0' ext. public key from test vector 1
    ✔ should get m/0'/1 ext. private key from test vector 1
    ✔ should get m/0'/1 ext. public key from test vector 1
    ✔ should get m/0'/1 ext. public key from m/0' public key from test vector 1
    ✔ should get m/0'/1/2' ext. private key from test vector 1
    ✔ should get m/0'/1/2' ext. public key from test vector 1
    ✔ should get m/0'/1/2'/2 ext. private key from test vector 1
    ✔ should get m/0'/1/2'/2 ext. public key from m/0'/1/2' public key from test vector 1
    ✔ should get m/0'/1/2h/2 ext. public key from test vector 1
    ✔ should get m/0'/1/2h/2/1000000000 ext. private key from test vector 1
    ✔ should get m/0'/1/2h/2/1000000000 ext. public key from test vector 1
    ✔ should get m/0'/1/2'/2/1000000000 ext. public key from m/0'/1/2'/2 public key from test vector 1
    ✔ should initialize test vector 2 from the extended public key
    ✔ should initialize test vector 2 from the extended private key
    ✔ should get the extended public key from the extended private key for test vector 2
    ✔ should get m/0 ext. private key from test vector 2
    ✔ should get m/0 ext. public key from test vector 2
    ✔ should get m/0 ext. public key from m public key from test vector 2
    ✔ should get m/0/2147483647h ext. private key from test vector 2
    ✔ should get m/0/2147483647h ext. public key from test vector 2
    ✔ should get m/0/2147483647h/1 ext. private key from test vector 2
    ✔ should get m/0/2147483647h/1 ext. public key from test vector 2
    ✔ should get m/0/2147483647h/1 ext. public key from m/0/2147483647h public key from test vector 2
    ✔ should get m/0/2147483647h/1/2147483646h ext. private key from test vector 2
    ✔ should get m/0/2147483647h/1/2147483646h ext. public key from test vector 2
    ✔ should get m/0/2147483647h/1/2147483646h/2 ext. private key from test vector 2
    ✔ should get m/0/2147483647h/1/2147483646h/2 ext. public key from test vector 2
    ✔ should get m/0/2147483647h/1/2147483646h/2 ext. public key from m/0/2147483647h/2147483646h public key from test vector 2
    ✔ should use full 32 bytes for private key data that is hashed (as per bip32)
    ✔ should NOT use full 32 bytes for private key data that is hashed with nonCompliant flag
    edge cases
      ✔ will handle edge case that derived private key is invalid
      ✔ will handle edge case that a derive public key is invalid
    seed
      ✔ should initialize a new BIP32 correctly from test vector 1 seed
      ✔ should initialize a new BIP32 correctly from test vector 2 seed

  HDPrivate key interface
    ✔ should make a new private key from random
    ✔ should make a new private key from random for testnet
    ✔ should not be able to change read-only properties
    ✔ should error with an invalid checksum
    ✔ can be rebuilt from a json generated by itself
    ✔ builds a json keeping the structure and same members
    ✔ inspect() displays correctly
    ✔ fails when trying to derive with an invalid argument
    ✔ catches early invalid paths
    ✔ allows derivation of hardened keys by passing a very big number
    ✔ returns itself with 'm' parameter
    ✔ returns InvalidArgument if invalid data is given to getSerializedError
    ✔ returns InvalidLength if data of invalid length is given to getSerializedError
    ✔ returns InvalidNetworkArgument if an invalid network is provided
    ✔ recognizes that the wrong network was asked for
    ✔ recognizes the correct network
    ✔ correctly errors if an invalid checksum is provided
    ✔ correctly validates the checksum
    ✔ shouldn't matter if derivations are made with strings or numbers
    ✔ should make a new private key from random for testnet
    ✔ should make a new private key from random for testnet when passing specific network "testnet4"
    instantiation
      ✔ invalid argument: can not instantiate from a number
      ✔ allows no-new calling
      ✔ allows the use of a copy constructor
    public key
      ✔ matches the network
      ✔ cache for xpubkey works
    on creation from seed
      ✔ converts correctly from an hexa string
      ✔ fails when argument is not a buffer or string
      ✔ fails when argument doesn't provide enough entropy
      ✔ fails when argument provides too much entropy
    validates paths
      ✔ validates correct paths
      ✔ rejects illegal path m/-1/12
      ✔ rejects illegal path bad path
      ✔ rejects illegal path K
      ✔ rejects illegal path m/
      ✔ rejects illegal path m/12asd
      ✔ rejects illegal path m/1/2//3
      ✔ generates deriving indexes correctly
    conversion to/from buffer
      ✔ should roundtrip to/from a buffer
    conversion to plain object/json
      ✔ toObject leaves no Buffer instances
      ✔ roundtrips toObject
      ✔ roundtrips to JSON and to Object
      ✔ recovers state from JSON
      ✔ recovers state from Object

  HDPublicKey interface
    ✔ toString() returns the same value as .xpubkey
    ✔ publicKey property matches network
    ✔ inspect() displays correctly
    creation formats
      ✔ returns same argument if already an instance of HDPublicKey
      ✔ returns the correct xpubkey for a xprivkey
      ✔ allows to call the argument with no "new" keyword
      ✔ fails when user doesn't supply an argument
      ✔ should not be able to change read-only properties
      ✔ doesn't recognize an invalid argument
      ✔ can be generated from a json
      ✔ can generate a json that has a particular structure
      ✔ builds from a buffer object
      ✔ checks the checksum
      xpubkey string serialization errors
        ✔ fails on invalid length
        ✔ fails on invalid base58 encoding
        ✔ user can ask if a string is valid
    error checking on serialization
      ✔ throws invalid argument when argument is not a string or buffer
      ✔ if a network is provided, validates that data corresponds to it
      ✔ recognizes invalid network arguments
      ✔ recognizes a valid network
    conversion to/from buffer
      ✔ should roundtrip to an equivalent object
    conversion to different formats
      ✔ roundtrips to JSON and to Object
      ✔ recovers state from Object
    derivation
      ✔ derivation is the same whether deriving with number or string
      ✔ allows special parameters m, M
      ✔ doesn't allow object arguments for derivation
      ✔ needs first argument for derivation
      ✔ doesn't allow other parameters like m' or M' or "s"
      ✔ can't derive hardened keys
      ✔ can't derive hardened keys via second argument
      ✔ validates correct paths
      ✔ rejects illegal paths

  #versionGuard
    ✔ global._litecore should be defined
    ✔ throw an error if version is already defined

  Networks
    ✔ should contain all Networks
    ✔ should not replace testnet network with regtest
    ✔ will get network based on string "regtest" value
    ✔ should be able to define a custom Network
    ✔ can remove a custom network
    ✔ should not set a network map for an undefined value
    ✔ can remove a custom network by name
    ✔ should have constant name for livenet and testnet
    ✔ should have constant alias for livenet and testnet
    ✔ should have constant pubkeyhash for livenet and testnet
    ✔ should have constant scripthash for livenet and testnet
    ✔ should have constant xpubkey for livenet and testnet
    ✔ should have constant xprivkey for livenet and testnet
    ✔ tests only for the specified key
    ✔ can test for multiple keys
    ✔ converts to string using the "name" property
    ✔ network object should be immutable
    ✔ should have not have network magic or port for testnet
    ✔ should have network magic and port for testnet variant "testnet4"

  Opcode
    ✔ should create a new Opcode
    ✔ should convert to a string with this handy syntax
    ✔ should convert to a number with this handy syntax
    #fromNumber
      ✔ should work for 0
      ✔ should fail for non-number
    #set
      ✔ should work for object
      ✔ should fail for empty-object
    #toNumber
      ✔ should work for 0
    #buffer
      ✔ should correctly input/output a buffer
    #fromString
      ✔ should work for OP_0
      ✔ should fail for invalid string
      ✔ should fail for non-string
    #toString
      ✔ should work for OP_0
      ✔ should not work for non-opcode
    @map
      ✔ should have a map containing 118 elements
    @reverseMap
      ✔ should exist and have op 185
    @smallInt
      ✔ should work for small int OP_0
      ✔ should work for small int OP_1
      ✔ should work for small int OP_2
      ✔ should work for small int OP_3
      ✔ should work for small int OP_4
      ✔ should work for small int OP_5
      ✔ should work for small int OP_6
      ✔ should work for small int OP_7
      ✔ should work for small int OP_8
      ✔ should work for small int OP_9
      ✔ should work for small int OP_10
      ✔ should work for small int OP_11
      ✔ should work for small int OP_12
      ✔ should work for small int OP_13
      ✔ should work for small int OP_14
      ✔ should work for small int OP_15
      ✔ should work for small int OP_16
      ✔ with not number
      ✔ with n equal -1
      ✔ with n equal 17
    @isSmallIntOp
      ✔ should work for small int OP_0
      ✔ should work for small int OP_1
      ✔ should work for small int OP_2
      ✔ should work for small int OP_3
      ✔ should work for small int OP_4
      ✔ should work for small int OP_5
      ✔ should work for small int OP_6
      ✔ should work for small int OP_7
      ✔ should work for small int OP_8
      ✔ should work for small int OP_9
      ✔ should work for small int OP_10
      ✔ should work for small int OP_11
      ✔ should work for small int OP_12
      ✔ should work for small int OP_13
      ✔ should work for small int OP_14
      ✔ should work for small int OP_15
      ✔ should work for small int OP_16
      ✔ should work for non-small ints
    #inspect
      ✔ should output opcode by name, hex, and decimal

  PrivateKey
    ✔ should create a new random private key
    ✔ should create a privatekey from hexa string
    ✔ should create a privatekey from a non-standard hex string
    ✔ should create a new random testnet private key with only one argument
    ✔ should create a private key from a custom network WIF string
    ✔ should create a new random testnet private key with empty data
    ✔ should create a private key from WIF string
    ✔ should create a private key from WIF buffer
    ✔ coverage: public key cache
    ✔ creates an address as expected from WIF, livenet
    ✔ creates an address as expected from WIF, testnet
    bitcoind compliance
      ✔ should describe input ... as invalid
      ✔ should describe input x... as invalid
      ✔ should describe input gZXdHjj9QC... as invalid
      ✔ should describe input 6vFieKyF36... as invalid
      ✔ should describe input cQWGj8MhCt... as invalid
      ✔ should describe input JBoefAMfPK... as invalid
      ✔ should describe input TbxPvvXwEt... as invalid
      ✔ should describe input 2NUDYkhC7d... as invalid
      ✔ should describe input LgcotVvFQg... as invalid
      ✔ should describe input 5mfqm4pggS... as invalid
      ✔ should describe input 2U4ajn8ASm... as invalid
      ✔ should describe input 2PGCEn9m7V... as invalid
      ✔ should describe input 2iKcv8HMvV... as invalid
      ✔ should describe input uDpgjm6HCQ... as invalid
      ✔ should describe input 4MxF1GvQDo... as invalid
      ✔ should describe input cQcyPZ6SYh... as invalid
      ✔ should describe input 5ngBnqMF5s... as invalid
      ✔ should describe input cRSUJiBwxS... as invalid
      ✔ should describe input 2KtV23FPhB... as invalid
      ✔ should describe input 25xmYrwhzc... as invalid
      ✔ should describe input 5mqiJJe7ej... as invalid
      ✔ should describe input cN6EEuVvKa... as invalid
      ✔ should describe input wVwfGNa9Bk... as invalid
      ✔ should describe input HfLPJ1eL8K... as invalid
      ✔ should describe input Yk5B6MRro1... as invalid
      ✔ should describe input LbW5JEaVWM... as invalid
      ✔ should describe input FwVS4Xy2KU... as invalid
      ✔ should describe input T3Xe7hU6cg... as invalid
      ✔ should describe input M8LH9iCJBT... as invalid
      ✔ should describe input JKAsgoe5RR... as invalid
      ✔ should describe input 7sTp4xUuNR... as invalid
      ✔ should describe input cUSxdRJwpE... as invalid
      ✔ should describe input JKSnxB43og... as invalid
      ✔ should describe input tJgWcJ8FqG... as invalid
      ✔ should describe input 2UDnhZGfuH... as invalid
      ✔ should describe input JCK4Kx3L6Z... as invalid
      ✔ should describe input AbnXu1Rgae... as invalid
      ✔ should describe input 928wcz8UaX... as invalid
      ✔ should describe input Qp7EyuWueg... as invalid
      ✔ should describe input 6R9r5RHQdN... as invalid
      ✔ should describe input 271T9hGPSe... as invalid
      ✔ should describe input 2x7WjATScg... as invalid
      ✔ should describe input 2jwUaPdB93... as invalid
      ✔ should describe input 7VkJFJwgtT... as invalid
      ✔ should describe input T4UVQQSBJd... as invalid
      ✔ should describe input 2UA3wL1KGh... as invalid
      ✔ should describe input gcBstMZS9m... as invalid
      ✔ should describe input 5mqKtSZGj3... as invalid
      ✔ should describe input 31q9AKvsdw... as invalid
      ✔ should describe input 2A1q1YsMZo... as invalid
      ✔ should describe input tc1qw508d6... as invalid
      ✔ should describe input bc1qw508d6... as invalid
      ✔ should describe input BC13W508D6... as invalid
      ✔ should describe input bc1rw5uspc... as invalid
      ✔ should describe input bc10w508d6... as invalid
      ✔ should describe input BC1QR508D6... as invalid
      ✔ should describe input tb1qrp33g0... as invalid
      ✔ should describe input bc1zw508d6... as invalid
      ✔ should describe input tb1qrp33g0... as invalid
      ✔ should describe input bc1gmk9yu... as invalid
      ✔ should describe input ltc1pw508d... as invalid
      ✔ should describe input ltc1sw50qz... as invalid
      ✔ should describe input ltc1zw508d... as invalid
    instantiation
      ✔ should not be able to instantiate private key greater than N
      ✔ should not be able to instantiate private key because of network mismatch
      ✔ should not be able to instantiate private key WIF is too long
      ✔ should not be able to instantiate private key WIF because of unknown network byte
      ✔ should not be able to instantiate private key WIF because of network mismatch
      ✔ can be instantiated from a hex string
      ✔ should not be able to instantiate because of unrecognized data
      ✔ should not be able to instantiate with unknown network
      ✔ should not create a zero private key
      ✔ should create a livenet private key
      ✔ should create a default network private key
      ✔ returns the same instance if a PrivateKey is provided (immutable)
    #json/object
      ✔ should input/output json
      ✔ input json should correctly initialize network field
      ✔ fails on invalid argument
      ✔ also accepts an object as argument
    #toString
      ✔ should output this address correctly
    #toAddress
      ✔ should output this known livenet address correctly
      ✔ should output this known testnet address correctly
      ✔ creates network specific address
    #inspect
      ✔ should output known livenet address for console
      ✔ should output known testnet address for console
      ✔ outputs "uncompressed" for uncompressed imported WIFs
    #getValidationError
      ✔ should get an error because private key greater than N
      ✔ should validate as false because private key greater than N
      ✔ should recognize that undefined is an invalid private key
      ✔ should validate as true
    buffer serialization
      ✔ returns an expected value when creating a PrivateKey from a buffer
      ✔ roundtrips correctly when using toBuffer/fromBuffer
      ✔ should return buffer with length equal 32
    #toBigNumber
      ✔ should output known BN
    #fromRandom
      ✔ should set bn gt 0 and lt n, and should be compressed
    #fromWIF
      ✔ should parse this compressed testnet address correctly
    #toWIF
      ✔ should parse this compressed testnet address correctly
    #fromString
      ✔ should parse this uncompressed testnet address correctly
    #toString
      ✔ should parse this uncompressed livenet address correctly
    #toPublicKey
      ✔ should convert this known PrivateKey to known PublicKey
      ✔ should have a "publicKey" property
      ✔ should convert this known PrivateKey to known PublicKey and preserve compressed=true
      ✔ should convert this known PrivateKey to known PublicKey and preserve compressed=false

  PublicKey
    validating errors on creation
      ✔ errors if data is missing
      ✔ errors if an invalid point is provided
      ✔ errors if a point not on the secp256k1 curve is provided
      ✔ errors if the argument is of an unrecognized type
    instantiation
      ✔ from a private key
      ✔ problematic secp256k1 public keys
      ✔ from a compressed public key
      ✔ from another publicKey
      ✔ sets the network to defaultNetwork if none provided
      ✔ from a hex encoded DER string
      ✔ from a hex encoded DER buffer
      ✔ from a point
    #getValidationError
      ✔ should recieve an invalid point error
      ✔ should recieve a boolean as false
      ✔ should recieve a boolean as true for uncompressed
      ✔ should recieve a boolean as true for compressed
    #fromPoint
      ✔ should instantiate from a point
      ✔ should error because paramater is not a point
    #json/object
      ✔ should input/ouput json
      ✔ fails if "y" is not provided
      ✔ fails if invalid JSON is provided
      ✔ works for X starting with 0x00
    #fromPrivateKey
      ✔ should make a public key from a privkey
      ✔ should error because not an instance of privkey
    #fromBuffer
      ✔ should parse this uncompressed public key
      ✔ should parse this compressed public key
      ✔ should throw an error on this invalid public key
      ✔ should throw error because not a buffer
      ✔ should throw error because buffer is the incorrect length
    #fromDER
      ✔ should parse this uncompressed public key
      ✔ should parse this compressed public key
      ✔ should throw an error on this invalid public key
    #fromString
      ✔ should parse this known valid public key
    #fromX
      ✔ should create this known public key
      ✔ should error because odd was not included as a param
    #toBuffer
      ✔ should return this compressed DER format
      ✔ should return this uncompressed DER format
    #toDER
      ✔ should return this compressed DER format
      ✔ should return this uncompressed DER format
    #toAddress
      ✔ should output this known mainnet address correctly
      ✔ should output this known testnet address correctly
    #toString
      ✔ should print this known public key
    #inspect
      ✔ should output known uncompressed pubkey for console
      ✔ should output known compressed pubkey for console
      ✔ should output known compressed pubkey with network for console
    #validate
      ✔ should not have an error if pubkey is valid
      ✔ should throw an error if pubkey is invalid
      ✔ should throw an error if pubkey is invalid
      ✔ should throw an error if pubkey is infinity

  Interpreter
    ✔ should make a new interp
    @castToBool
      ✔ should cast these bufs to bool correctly
    #verifyWitnessProgram
      ✔ will return true if witness program greater than 0
      ✔ will return false with error if witness length is 0
      ✔ will return false if program hash mismatch (version 0, 32 byte program)
      ✔ will return false if witness stack doesn't have two items (version 0, 20 byte program)
      ✔ will return false if program wrong length for version 0
      ✔ will return false with discourage upgradable witness program
      ✔ will return false with error if stack doesn't have exactly one item
      ✔ will return false if last item in stack casts to false
    #verify
      ✔ should verify these trivial scripts
      ✔ should verify these simple transaction
    bitcoind script evaluation fixtures
      ✔ should EVAL_FALSE script_tests vector #980:  0 0x206e340b9cffb37a989ca544e6bb780a2c78901d3fb33738768511a30617afa01d (Invalid witness script)
      ✔ should WITNESS_PROGRAM_MISMATCH script_tests vector #981:  0 0x206e340b9cffb37a989ca544e6bb780a2c78901d3fb33738768511a30617afa01d (Witness script hash mismatch)
      ✔ should OK script_tests vector #982:  0 0x206e340b9cffb37a989ca544e6bb780a2c78901d3fb33738768511a30617afa01d (Invalid witness script without WITNESS)
      ✔ should OK script_tests vector #983:  0 0x206e340b9cffb37a989ca544e6bb780a2c78901d3fb33738768511a30617afa01d (Witness script hash mismatch without WITNESS)
      ✔ should OK script_tests vector #1069:  0 0x20 0xb95237b48faaa69eb078e1170be3b5cbb3fddf16d0a991e14ad274f7b33a4f64 (Basic P2WSH)
      ✔ should OK script_tests vector #1070:  0 0x14 0x91b24bf9f5288532960ac687abb035127b1d28a5 (Basic P2WPKH)
      ✔ should OK script_tests vector #1071: 0x22 0x0020b95237b48faaa69eb078e1170be3b5cbb3fddf16d0a991e14ad274f7b33a4f64 HASH160 0x14 0xf386c2ba255cc56d20cfa6ea8b062f8b59945518 EQUAL (Basic P2SH(P2WSH))
      ✔ should OK script_tests vector #1072: 0x16 0x001491b24bf9f5288532960ac687abb035127b1d28a5 HASH160 0x14 0x17743beb429c55c942d2ec703b98c4d57c2df5c6 EQUAL (Basic P2SH(P2WPKH))
      ✔ should EVAL_FALSE script_tests vector #1073:  0 0x20 0xac8ebd9e52c17619a381fa4f71aebb696087c6ef17c960fd0587addad99c0610 (Basic P2WSH with the wrong key)
      ✔ should EVAL_FALSE script_tests vector #1074:  0 0x14 0x7cf9c846cd4882efec4bf07e44ebdad495c94f4b (Basic P2WPKH with the wrong key)
      ✔ should EVAL_FALSE script_tests vector #1075: 0x22 0x0020ac8ebd9e52c17619a381fa4f71aebb696087c6ef17c960fd0587addad99c0610 HASH160 0x14 0x61039a003883787c0d6ebc66d97fdabe8e31449d EQUAL (Basic P2SH(P2WSH) with the wrong key)
      ✔ should EVAL_FALSE script_tests vector #1076: 0x16 0x00147cf9c846cd4882efec4bf07e44ebdad495c94f4b HASH160 0x14 0x4e0c2aed91315303fc6a1dc4c7bc21c88f75402e EQUAL (Basic P2SH(P2WPKH) with the wrong key)
      ✔ should OK script_tests vector #1077:  0 0x20 0xac8ebd9e52c17619a381fa4f71aebb696087c6ef17c960fd0587addad99c0610 (Basic P2WSH with the wrong key but no WITNESS)
      ✔ should OK script_tests vector #1078:  0 0x14 0x7cf9c846cd4882efec4bf07e44ebdad495c94f4b (Basic P2WPKH with the wrong key but no WITNESS)
      ✔ should OK script_tests vector #1079: 0x22 0x0020ac8ebd9e52c17619a381fa4f71aebb696087c6ef17c960fd0587addad99c0610 HASH160 0x14 0x61039a003883787c0d6ebc66d97fdabe8e31449d EQUAL (Basic P2SH(P2WSH) with the wrong key but no WITNESS)
      ✔ should OK script_tests vector #1080: 0x16 0x00147cf9c846cd4882efec4bf07e44ebdad495c94f4b HASH160 0x14 0x4e0c2aed91315303fc6a1dc4c7bc21c88f75402e EQUAL (Basic P2SH(P2WPKH) with the wrong key but no WITNESS)
      ✔ should EVAL_FALSE script_tests vector #1081:  0 0x20 0xb95237b48faaa69eb078e1170be3b5cbb3fddf16d0a991e14ad274f7b33a4f64 (Basic P2WSH with wrong value)
      ✔ should EVAL_FALSE script_tests vector #1082:  0 0x14 0x91b24bf9f5288532960ac687abb035127b1d28a5 (Basic P2WPKH with wrong value)
      ✔ should EVAL_FALSE script_tests vector #1083: 0x22 0x0020b95237b48faaa69eb078e1170be3b5cbb3fddf16d0a991e14ad274f7b33a4f64 HASH160 0x14 0xf386c2ba255cc56d20cfa6ea8b062f8b59945518 EQUAL (Basic P2SH(P2WSH) with wrong value)
      ✔ should EVAL_FALSE script_tests vector #1084: 0x16 0x001491b24bf9f5288532960ac687abb035127b1d28a5 HASH160 0x14 0x17743beb429c55c942d2ec703b98c4d57c2df5c6 EQUAL (Basic P2SH(P2WPKH) with wrong value)
      ✔ should DISCOURAGE_UPGRADABLE_WITNESS_PROGRAM script_tests vector #1085:  1 0x14 0x91b24bf9f5288532960ac687abb035127b1d28a5 (P2WPKH with future witness version)
      ✔ should WITNESS_PROGRAM_WRONG_LENGTH script_tests vector #1086:  0 0x1f 0xb34b78da162751647974d5cb7410aa428ad339dbf7d1e16e833f68a0cbf1c3 (P2WPKH with wrong witness program length)
      ✔ should WITNESS_PROGRAM_MISMATCH script_tests vector #1088:  0 0x20 0xb95237b48faaa69eb078e1170be3b5cbb3fddf16d0a991e14ad274f7b33a4f64 (P2WSH with witness program mismatch)
      ✔ should WITNESS_PROGRAM_MISMATCH script_tests vector #1089:  0 0x14 0x91b24bf9f5288532960ac687abb035127b1d28a5 (P2WPKH with witness program mismatch)
      ✔ should WITNESS_MALLEATED script_tests vector #1090: 11 0 0x14 0x91b24bf9f5288532960ac687abb035127b1d28a5 (P2WPKH with non-empty scriptSig)
      ✔ should WITNESS_MALLEATED_P2SH script_tests vector #1091: 11 0x16 0x00147cf9c846cd4882efec4bf07e44ebdad495c94f4b HASH160 0x14 0x4e0c2aed91315303fc6a1dc4c7bc21c88f75402e EQUAL (P2SH(P2WPKH) with superfluous push in scriptSig)
      ✔ should WITNESS_UNEXPECTED script_tests vector #1092: 0x47 0x304402200a5c6163f07b8d3b013c4d1d6dba25e780b39658d79ba37af7057a3b7f15ffa102201fd9b4eaa9943f734928b99a83592c2e7bf342ea2680f6a2bb705167966b742001 0x41 0x0479be667ef9dcbbac55a06295ce870b07029bfcdb2dce28d959f2815b16f81798483ada7726a3c4655da4fbfc0e1108a8fd17b448a68554199c47d08ffb10d4b8 CHECKSIG (P2PK with witness)
      ✔ should OK script_tests vector #1093:  0 0x20 0x1863143c14c5166804bd19203356da136c985678cd4d27a1b8c6329604903262 (Basic P2WSH with compressed key)
      ✔ should OK script_tests vector #1094:  0 0x14 0x751e76e8199196d454941c45d1b3a323f1433bd6 (Basic P2WPKH with compressed key)
      ✔ should OK script_tests vector #1095: 0x22 0x00201863143c14c5166804bd19203356da136c985678cd4d27a1b8c6329604903262 HASH160 0x14 0xe4300531190587e3880d4c3004f5355d88ff928d EQUAL (Basic P2SH(P2WSH) with compressed key)
      ✔ should OK script_tests vector #1096: 0x16 0x0014751e76e8199196d454941c45d1b3a323f1433bd6 HASH160 0x14 0xbcfeb728b584253d5f3f70bcb780e9ef218a68f4 EQUAL (Basic P2SH(P2WPKH) with compressed key)
      ✔ should WITNESS_PUBKEYTYPE script_tests vector #1097:  0 0x20 0xb95237b48faaa69eb078e1170be3b5cbb3fddf16d0a991e14ad274f7b33a4f64 (Basic P2WSH)
      ✔ should WITNESS_PUBKEYTYPE script_tests vector #1098:  0 0x14 0x91b24bf9f5288532960ac687abb035127b1d28a5 (Basic P2WPKH)
      ✔ should WITNESS_PUBKEYTYPE script_tests vector #1099: 0x22 0x0020b95237b48faaa69eb078e1170be3b5cbb3fddf16d0a991e14ad274f7b33a4f64 HASH160 0x14 0xf386c2ba255cc56d20cfa6ea8b062f8b59945518 EQUAL (Basic P2SH(P2WSH))
      ✔ should WITNESS_PUBKEYTYPE script_tests vector #1100: 0x16 0x001491b24bf9f5288532960ac687abb035127b1d28a5 HASH160 0x14 0x17743beb429c55c942d2ec703b98c4d57c2df5c6 EQUAL (Basic P2SH(P2WPKH))
      ✔ should OK script_tests vector #1101:  0 0x20 0x06c24420938f0fa3c1cb2707d867154220dca365cdbfa0dd2a83854730221460 (P2WSH CHECKMULTISIG with compressed keys)
      ✔ should OK script_tests vector #1102: 0x22 0x002006c24420938f0fa3c1cb2707d867154220dca365cdbfa0dd2a83854730221460 HASH160 0x14 0x26282aad7c29369d15fed062a778b6100d31a340 EQUAL (P2SH(P2WSH) CHECKMULTISIG with compressed keys)
      ✔ should OK script_tests vector #1103:  0 0x20 0x06c24420938f0fa3c1cb2707d867154220dca365cdbfa0dd2a83854730221460 (P2WSH CHECKMULTISIG with compressed keys)
      ✔ should OK script_tests vector #1104: 0x22 0x002006c24420938f0fa3c1cb2707d867154220dca365cdbfa0dd2a83854730221460 HASH160 0x14 0x26282aad7c29369d15fed062a778b6100d31a340 EQUAL (P2SH(P2WSH) CHECKMULTISIG with compressed keys)
      ✔ should OK script_tests vector #1105:  0 0x20 0x08a6665ebfd43b02323423e764e185d98d1587f903b81507dbb69bfc41005efa (P2WSH CHECKMULTISIG with first key uncompressed and signing with the first key)
      ✔ should OK script_tests vector #1106: 0x22 0x002008a6665ebfd43b02323423e764e185d98d1587f903b81507dbb69bfc41005efa HASH160 0x14 0x6f5ecd4b83b77f3c438f5214eff96454934fc5d1 EQUAL (P2SH(P2WSH) CHECKMULTISIG first key uncompressed and signing with the first key)
      ✔ should WITNESS_PUBKEYTYPE script_tests vector #1107:  0 0x20 0x08a6665ebfd43b02323423e764e185d98d1587f903b81507dbb69bfc41005efa (P2WSH CHECKMULTISIG with first key uncompressed and signing with the first key)
      ✔ should WITNESS_PUBKEYTYPE script_tests vector #1108: 0x22 0x002008a6665ebfd43b02323423e764e185d98d1587f903b81507dbb69bfc41005efa HASH160 0x14 0x6f5ecd4b83b77f3c438f5214eff96454934fc5d1 EQUAL (P2SH(P2WSH) CHECKMULTISIG with first key uncompressed and signing with the first key)
      ✔ should OK script_tests vector #1109:  0 0x20 0x08a6665ebfd43b02323423e764e185d98d1587f903b81507dbb69bfc41005efa (P2WSH CHECKMULTISIG with first key uncompressed and signing with the second key)
      ✔ should OK script_tests vector #1110: 0x22 0x002008a6665ebfd43b02323423e764e185d98d1587f903b81507dbb69bfc41005efa HASH160 0x14 0x6f5ecd4b83b77f3c438f5214eff96454934fc5d1 EQUAL (P2SH(P2WSH) CHECKMULTISIG with first key uncompressed and signing with the second key)
      ✔ should WITNESS_PUBKEYTYPE script_tests vector #1111:  0 0x20 0x08a6665ebfd43b02323423e764e185d98d1587f903b81507dbb69bfc41005efa (P2WSH CHECKMULTISIG with first key uncompressed and signing with the second key)
      ✔ should WITNESS_PUBKEYTYPE script_tests vector #1112: 0x22 0x002008a6665ebfd43b02323423e764e185d98d1587f903b81507dbb69bfc41005efa HASH160 0x14 0x6f5ecd4b83b77f3c438f5214eff96454934fc5d1 EQUAL (P2SH(P2WSH) CHECKMULTISIG with first key uncompressed and signing with the second key)
      ✔ should OK script_tests vector #1113:  0 0x20 0x230828ed48871f0f362ce9432aa52f620f442cc8d9ce7a8b5e798365595a38bb (P2WSH CHECKMULTISIG with second key uncompressed and signing with the first key)
      ✔ should OK script_tests vector #1114: 0x22 0x0020230828ed48871f0f362ce9432aa52f620f442cc8d9ce7a8b5e798365595a38bb HASH160 0x14 0x3478e7019ce61a68148f87549579b704cbe4c393 EQUAL (P2SH(P2WSH) CHECKMULTISIG second key uncompressed and signing with the first key)
      ✔ should OK script_tests vector #1115:  0 0x20 0x230828ed48871f0f362ce9432aa52f620f442cc8d9ce7a8b5e798365595a38bb (P2WSH CHECKMULTISIG with second key uncompressed and signing with the first key should pass as the uncompressed key is not used)
      ✔ should OK script_tests vector #1116: 0x22 0x0020230828ed48871f0f362ce9432aa52f620f442cc8d9ce7a8b5e798365595a38bb HASH160 0x14 0x3478e7019ce61a68148f87549579b704cbe4c393 EQUAL (P2SH(P2WSH) CHECKMULTISIG with second key uncompressed and signing with the first key should pass as the uncompressed key is not used)
      ✔ should OK script_tests vector #1117:  0 0x20 0x230828ed48871f0f362ce9432aa52f620f442cc8d9ce7a8b5e798365595a38bb (P2WSH CHECKMULTISIG with second key uncompressed and signing with the second key)
      ✔ should OK script_tests vector #1118: 0x22 0x0020230828ed48871f0f362ce9432aa52f620f442cc8d9ce7a8b5e798365595a38bb HASH160 0x14 0x3478e7019ce61a68148f87549579b704cbe4c393 EQUAL (P2SH(P2WSH) CHECKMULTISIG with second key uncompressed and signing with the second key)
      ✔ should WITNESS_PUBKEYTYPE script_tests vector #1119:  0 0x20 0x230828ed48871f0f362ce9432aa52f620f442cc8d9ce7a8b5e798365595a38bb (P2WSH CHECKMULTISIG with second key uncompressed and signing with the second key)
      ✔ should WITNESS_PUBKEYTYPE script_tests vector #1120: 0x22 0x0020230828ed48871f0f362ce9432aa52f620f442cc8d9ce7a8b5e798365595a38bb HASH160 0x14 0x3478e7019ce61a68148f87549579b704cbe4c393 EQUAL (P2SH(P2WSH) CHECKMULTISIG with second key uncompressed and signing with the second key)
      ✔ should OK script_tests vector #1148:  0 0x20 0xc7eaf06d5ae01a58e376e126eb1e6fab2036076922b96b2711ffbec1e590665d
      ✔ should OK script_tests vector #1149:  0 0x20 0xc7eaf06d5ae01a58e376e126eb1e6fab2036076922b96b2711ffbec1e590665d
      ✔ should OK script_tests vector #1150:  0 0x20 0xc7eaf06d5ae01a58e376e126eb1e6fab2036076922b96b2711ffbec1e590665d
      ✔ should CLEANSTACK script_tests vector #1151:  0 0x20 0xc7eaf06d5ae01a58e376e126eb1e6fab2036076922b96b2711ffbec1e590665d
      ✔ should CLEANSTACK script_tests vector #1152:  0 0x20 0xc7eaf06d5ae01a58e376e126eb1e6fab2036076922b96b2711ffbec1e590665d
      ✔ should OK script_tests vector #1153:  0 0x20 0xc7eaf06d5ae01a58e376e126eb1e6fab2036076922b96b2711ffbec1e590665d
      ✔ should MINIMALIF script_tests vector #1154:  0 0x20 0xc7eaf06d5ae01a58e376e126eb1e6fab2036076922b96b2711ffbec1e590665d
      ✔ should MINIMALIF script_tests vector #1155:  0 0x20 0xc7eaf06d5ae01a58e376e126eb1e6fab2036076922b96b2711ffbec1e590665d
      ✔ should CLEANSTACK script_tests vector #1156:  0 0x20 0xc7eaf06d5ae01a58e376e126eb1e6fab2036076922b96b2711ffbec1e590665d
      ✔ should MINIMALIF script_tests vector #1157:  0 0x20 0xc7eaf06d5ae01a58e376e126eb1e6fab2036076922b96b2711ffbec1e590665d
      ✔ should UNBALANCED_CONDITIONAL script_tests vector #1158:  0 0x20 0xc7eaf06d5ae01a58e376e126eb1e6fab2036076922b96b2711ffbec1e590665d
      ✔ should UNBALANCED_CONDITIONAL script_tests vector #1159:  0 0x20 0xc7eaf06d5ae01a58e376e126eb1e6fab2036076922b96b2711ffbec1e590665d
      ✔ should CLEANSTACK script_tests vector #1160:  0 0x20 0xf913eacf2e38a5d6fc3a8311d72ae704cb83866350a984dd3e5eb76d2a8c28e8
      ✔ should CLEANSTACK script_tests vector #1161:  0 0x20 0xf913eacf2e38a5d6fc3a8311d72ae704cb83866350a984dd3e5eb76d2a8c28e8
      ✔ should CLEANSTACK script_tests vector #1162:  0 0x20 0xf913eacf2e38a5d6fc3a8311d72ae704cb83866350a984dd3e5eb76d2a8c28e8
      ✔ should OK script_tests vector #1163:  0 0x20 0xf913eacf2e38a5d6fc3a8311d72ae704cb83866350a984dd3e5eb76d2a8c28e8
      ✔ should OK script_tests vector #1164:  0 0x20 0xf913eacf2e38a5d6fc3a8311d72ae704cb83866350a984dd3e5eb76d2a8c28e8
      ✔ should CLEANSTACK script_tests vector #1165:  0 0x20 0xf913eacf2e38a5d6fc3a8311d72ae704cb83866350a984dd3e5eb76d2a8c28e8
      ✔ should MINIMALIF script_tests vector #1166:  0 0x20 0xf913eacf2e38a5d6fc3a8311d72ae704cb83866350a984dd3e5eb76d2a8c28e8
      ✔ should MINIMALIF script_tests vector #1167:  0 0x20 0xf913eacf2e38a5d6fc3a8311d72ae704cb83866350a984dd3e5eb76d2a8c28e8
      ✔ should OK script_tests vector #1168:  0 0x20 0xf913eacf2e38a5d6fc3a8311d72ae704cb83866350a984dd3e5eb76d2a8c28e8
      ✔ should MINIMALIF script_tests vector #1169:  0 0x20 0xf913eacf2e38a5d6fc3a8311d72ae704cb83866350a984dd3e5eb76d2a8c28e8
      ✔ should UNBALANCED_CONDITIONAL script_tests vector #1170:  0 0x20 0xf913eacf2e38a5d6fc3a8311d72ae704cb83866350a984dd3e5eb76d2a8c28e8
      ✔ should UNBALANCED_CONDITIONAL script_tests vector #1171:  0 0x20 0xf913eacf2e38a5d6fc3a8311d72ae704cb83866350a984dd3e5eb76d2a8c28e8
      ✔ should OK script_tests vector #1172: 0x22 0x0020c7eaf06d5ae01a58e376e126eb1e6fab2036076922b96b2711ffbec1e590665d HASH160 0x14 0x9b27ee6d9010c21bf837b334d043be5d150e7ba7 EQUAL
      ✔ should OK script_tests vector #1173: 0x22 0x0020c7eaf06d5ae01a58e376e126eb1e6fab2036076922b96b2711ffbec1e590665d HASH160 0x14 0x9b27ee6d9010c21bf837b334d043be5d150e7ba7 EQUAL
      ✔ should OK script_tests vector #1174: 0x22 0x0020c7eaf06d5ae01a58e376e126eb1e6fab2036076922b96b2711ffbec1e590665d HASH160 0x14 0x9b27ee6d9010c21bf837b334d043be5d150e7ba7 EQUAL
      ✔ should CLEANSTACK script_tests vector #1175: 0x22 0x0020c7eaf06d5ae01a58e376e126eb1e6fab2036076922b96b2711ffbec1e590665d HASH160 0x14 0x9b27ee6d9010c21bf837b334d043be5d150e7ba7 EQUAL
      ✔ should CLEANSTACK script_tests vector #1176: 0x22 0x0020c7eaf06d5ae01a58e376e126eb1e6fab2036076922b96b2711ffbec1e590665d HASH160 0x14 0x9b27ee6d9010c21bf837b334d043be5d150e7ba7 EQUAL
      ✔ should OK script_tests vector #1177: 0x22 0x0020c7eaf06d5ae01a58e376e126eb1e6fab2036076922b96b2711ffbec1e590665d HASH160 0x14 0x9b27ee6d9010c21bf837b334d043be5d150e7ba7 EQUAL
      ✔ should MINIMALIF script_tests vector #1178: 0x22 0x0020c7eaf06d5ae01a58e376e126eb1e6fab2036076922b96b2711ffbec1e590665d HASH160 0x14 0x9b27ee6d9010c21bf837b334d043be5d150e7ba7 EQUAL
      ✔ should MINIMALIF script_tests vector #1179: 0x22 0x0020c7eaf06d5ae01a58e376e126eb1e6fab2036076922b96b2711ffbec1e590665d HASH160 0x14 0x9b27ee6d9010c21bf837b334d043be5d150e7ba7 EQUAL
      ✔ should CLEANSTACK script_tests vector #1180: 0x22 0x0020c7eaf06d5ae01a58e376e126eb1e6fab2036076922b96b2711ffbec1e590665d HASH160 0x14 0x9b27ee6d9010c21bf837b334d043be5d150e7ba7 EQUAL
      ✔ should MINIMALIF script_tests vector #1181: 0x22 0x0020c7eaf06d5ae01a58e376e126eb1e6fab2036076922b96b2711ffbec1e590665d HASH160 0x14 0x9b27ee6d9010c21bf837b334d043be5d150e7ba7 EQUAL
      ✔ should UNBALANCED_CONDITIONAL script_tests vector #1182: 0x22 0x0020c7eaf06d5ae01a58e376e126eb1e6fab2036076922b96b2711ffbec1e590665d HASH160 0x14 0x9b27ee6d9010c21bf837b334d043be5d150e7ba7 EQUAL
      ✔ should UNBALANCED_CONDITIONAL script_tests vector #1183: 0x22 0x0020c7eaf06d5ae01a58e376e126eb1e6fab2036076922b96b2711ffbec1e590665d HASH160 0x14 0x9b27ee6d9010c21bf837b334d043be5d150e7ba7 EQUAL
      ✔ should CLEANSTACK script_tests vector #1184: 0x22 0x0020f913eacf2e38a5d6fc3a8311d72ae704cb83866350a984dd3e5eb76d2a8c28e8 HASH160 0x14 0xdbb7d1c0a56b7a9c423300c8cca6e6e065baf1dc EQUAL
      ✔ should CLEANSTACK script_tests vector #1185: 0x22 0x0020f913eacf2e38a5d6fc3a8311d72ae704cb83866350a984dd3e5eb76d2a8c28e8 HASH160 0x14 0xdbb7d1c0a56b7a9c423300c8cca6e6e065baf1dc EQUAL
      ✔ should CLEANSTACK script_tests vector #1186: 0x22 0x0020f913eacf2e38a5d6fc3a8311d72ae704cb83866350a984dd3e5eb76d2a8c28e8 HASH160 0x14 0xdbb7d1c0a56b7a9c423300c8cca6e6e065baf1dc EQUAL
      ✔ should OK script_tests vector #1187: 0x22 0x0020f913eacf2e38a5d6fc3a8311d72ae704cb83866350a984dd3e5eb76d2a8c28e8 HASH160 0x14 0xdbb7d1c0a56b7a9c423300c8cca6e6e065baf1dc EQUAL
      ✔ should OK script_tests vector #1188: 0x22 0x0020f913eacf2e38a5d6fc3a8311d72ae704cb83866350a984dd3e5eb76d2a8c28e8 HASH160 0x14 0xdbb7d1c0a56b7a9c423300c8cca6e6e065baf1dc EQUAL
      ✔ should CLEANSTACK script_tests vector #1189: 0x22 0x0020f913eacf2e38a5d6fc3a8311d72ae704cb83866350a984dd3e5eb76d2a8c28e8 HASH160 0x14 0xdbb7d1c0a56b7a9c423300c8cca6e6e065baf1dc EQUAL
      ✔ should MINIMALIF script_tests vector #1190: 0x22 0x0020f913eacf2e38a5d6fc3a8311d72ae704cb83866350a984dd3e5eb76d2a8c28e8 HASH160 0x14 0xdbb7d1c0a56b7a9c423300c8cca6e6e065baf1dc EQUAL
      ✔ should MINIMALIF script_tests vector #1191: 0x22 0x0020f913eacf2e38a5d6fc3a8311d72ae704cb83866350a984dd3e5eb76d2a8c28e8 HASH160 0x14 0xdbb7d1c0a56b7a9c423300c8cca6e6e065baf1dc EQUAL
      ✔ should OK script_tests vector #1192: 0x22 0x0020f913eacf2e38a5d6fc3a8311d72ae704cb83866350a984dd3e5eb76d2a8c28e8 HASH160 0x14 0xdbb7d1c0a56b7a9c423300c8cca6e6e065baf1dc EQUAL
      ✔ should MINIMALIF script_tests vector #1193: 0x22 0x0020f913eacf2e38a5d6fc3a8311d72ae704cb83866350a984dd3e5eb76d2a8c28e8 HASH160 0x14 0xdbb7d1c0a56b7a9c423300c8cca6e6e065baf1dc EQUAL
      ✔ should UNBALANCED_CONDITIONAL script_tests vector #1194: 0x22 0x0020f913eacf2e38a5d6fc3a8311d72ae704cb83866350a984dd3e5eb76d2a8c28e8 HASH160 0x14 0xdbb7d1c0a56b7a9c423300c8cca6e6e065baf1dc EQUAL
      ✔ should UNBALANCED_CONDITIONAL script_tests vector #1195: 0x22 0x0020f913eacf2e38a5d6fc3a8311d72ae704cb83866350a984dd3e5eb76d2a8c28e8 HASH160 0x14 0xdbb7d1c0a56b7a9c423300c8cca6e6e065baf1dc EQUAL
    bitcoind transaction evaluation fixtures
      ✔ should pass tx_valid vector 1
      ✔ should pass tx_valid vector 2
      ✔ should pass tx_valid vector 3
      ✔ should pass tx_valid vector 4
      ✔ should pass tx_valid vector 5
      ✔ should pass tx_valid vector 6
      ✔ should pass tx_valid vector 7
      ✔ should pass tx_valid vector 8
      ✔ should pass tx_valid vector 9
      ✔ should pass tx_valid vector 10
      ✔ should pass tx_valid vector 11
      ✔ should pass tx_valid vector 12
      ✔ should pass tx_valid vector 13
      ✔ should pass tx_valid vector 14
      ✔ should pass tx_valid vector 15
      ✔ should pass tx_valid vector 16
      ✔ should pass tx_valid vector 17
      ✔ should pass tx_valid vector 18
      ✔ should pass tx_valid vector 19
      ✔ should pass tx_valid vector 20
      ✔ should pass tx_valid vector 21
      ✔ should pass tx_valid vector 22
      ✔ should pass tx_valid vector 23
      ✔ should pass tx_valid vector 24
      ✔ should pass tx_valid vector 25
      ✔ should pass tx_valid vector 26
      ✔ should pass tx_valid vector 27
      ✔ should pass tx_valid vector 28
      ✔ should pass tx_valid vector 29
      ✔ should pass tx_valid vector 30
      ✔ should pass tx_valid vector 31
      ✔ should pass tx_valid vector 32
      ✔ should pass tx_valid vector 33
      ✔ should pass tx_valid vector 34
      ✔ should pass tx_valid vector 35
      ✔ should pass tx_valid vector 36
      ✔ should pass tx_valid vector 37
      ✔ should pass tx_valid vector 38
      ✔ should pass tx_valid vector 39
      ✔ should pass tx_valid vector 40
      ✔ should pass tx_valid vector 41
      ✔ should pass tx_valid vector 42
      ✔ should pass tx_valid vector 43
      ✔ should pass tx_valid vector 44
      ✔ should pass tx_valid vector 45
      ✔ should pass tx_valid vector 46
      ✔ should pass tx_valid vector 47
      ✔ should pass tx_valid vector 48
      ✔ should pass tx_valid vector 49
      ✔ should pass tx_valid vector 50
      ✔ should pass tx_valid vector 51
      ✔ should pass tx_valid vector 52
      ✔ should pass tx_valid vector 53
      ✔ should pass tx_valid vector 54
      ✔ should pass tx_valid vector 55
      ✔ should pass tx_valid vector 56
      ✔ should pass tx_valid vector 57
      ✔ should pass tx_valid vector 58
      ✔ should pass tx_valid vector 59
      ✔ should pass tx_valid vector 60
      ✔ should pass tx_valid vector 61
      ✔ should pass tx_valid vector 62
      ✔ should pass tx_valid vector 63
      ✔ should pass tx_valid vector 64
      ✔ should pass tx_valid vector 65
      ✔ should pass tx_valid vector 66
      ✔ should pass tx_valid vector 67
      ✔ should pass tx_valid vector 68
      ✔ should pass tx_valid vector 69
      ✔ should pass tx_valid vector 70
      ✔ should pass tx_valid vector 71
      ✔ should pass tx_valid vector 72
      ✔ should pass tx_valid vector 73
      ✔ should pass tx_valid vector 74
      ✔ should pass tx_valid vector 75
      ✔ should pass tx_valid vector 76
      ✔ should pass tx_valid vector 77
      ✔ should pass tx_valid vector 78
      ✔ should pass tx_valid vector 79
      ✔ should pass tx_valid vector 80
      ✔ should pass tx_valid vector 81
      ✔ should pass tx_valid vector 82
      ✔ should pass tx_valid vector 83
      ✔ should pass tx_valid vector 84
      ✔ should pass tx_valid vector 85
      ✔ should pass tx_valid vector 86
      ✔ should pass tx_valid vector 87
      ✔ should pass tx_valid vector 88
      ✔ should pass tx_valid vector 89
      ✔ should pass tx_valid vector 90
      ✔ should pass tx_valid vector 91
      ✔ should pass tx_valid vector 92
      ✔ should pass tx_valid vector 93
      ✔ should pass tx_valid vector 94
      ✔ should pass tx_valid vector 95
      ✔ should pass tx_valid vector 96
      ✔ should pass tx_valid vector 97
      ✔ should pass tx_valid vector 98
      ✔ should pass tx_valid vector 99
      ✔ should pass tx_valid vector 100
      ✔ should pass tx_valid vector 101
      ✔ should pass tx_valid vector 102 (40ms)
      ✔ should pass tx_valid vector 103
      ✔ should pass tx_valid vector 104
      ✔ should pass tx_valid vector 105
      ✔ should pass tx_valid vector 106
      ✔ should pass tx_valid vector 107
      ✔ should pass tx_valid vector 108
      ✔ should pass tx_valid vector 109
      ✔ should pass tx_valid vector 110
      ✔ should pass tx_valid vector 111
      ✔ should pass tx_valid vector 112
      ✔ should pass tx_valid vector 113
      ✔ should pass tx_valid vector 114
      ✔ should pass tx_valid vector 115
      ✔ should pass tx_valid vector 116
      ✔ should pass tx_valid vector 117
      ✔ should pass tx_valid vector 118
      ✔ should pass tx_valid vector 119
      ✔ should pass tx_valid vector 120
      ✔ should pass tx_invalid vector 1
      ✔ should pass tx_invalid vector 2
      ✔ should pass tx_invalid vector 3
      ✔ should pass tx_invalid vector 4
      ✔ should pass tx_invalid vector 5
      ✔ should pass tx_invalid vector 6
      ✔ should pass tx_invalid vector 7
      ✔ should pass tx_invalid vector 8
      ✔ should pass tx_invalid vector 9
      ✔ should pass tx_invalid vector 10
      ✔ should pass tx_invalid vector 11
      ✔ should pass tx_invalid vector 12
      ✔ should pass tx_invalid vector 13
      ✔ should pass tx_invalid vector 14
      ✔ should pass tx_invalid vector 15
      ✔ should pass tx_invalid vector 16
      ✔ should pass tx_invalid vector 17
      ✔ should pass tx_invalid vector 18
      ✔ should pass tx_invalid vector 19
      ✔ should pass tx_invalid vector 20
      ✔ should pass tx_invalid vector 21
      ✔ should pass tx_invalid vector 22
      ✔ should pass tx_invalid vector 23
      ✔ should pass tx_invalid vector 24
      ✔ should pass tx_invalid vector 25
      ✔ should pass tx_invalid vector 26
      ✔ should pass tx_invalid vector 27
      ✔ should pass tx_invalid vector 28
      ✔ should pass tx_invalid vector 29
      ✔ should pass tx_invalid vector 30
      ✔ should pass tx_invalid vector 31
      ✔ should pass tx_invalid vector 32
      ✔ should pass tx_invalid vector 33
      ✔ should pass tx_invalid vector 34
      ✔ should pass tx_invalid vector 35
      ✔ should pass tx_invalid vector 36
      ✔ should pass tx_invalid vector 37
      ✔ should pass tx_invalid vector 38
      ✔ should pass tx_invalid vector 39
      ✔ should pass tx_invalid vector 40
      ✔ should pass tx_invalid vector 41
      ✔ should pass tx_invalid vector 42
      ✔ should pass tx_invalid vector 43
      ✔ should pass tx_invalid vector 44
      ✔ should pass tx_invalid vector 45
      ✔ should pass tx_invalid vector 46
      ✔ should pass tx_invalid vector 47
      ✔ should pass tx_invalid vector 48
      ✔ should pass tx_invalid vector 49
      ✔ should pass tx_invalid vector 50
      ✔ should pass tx_invalid vector 51
      ✔ should pass tx_invalid vector 52
      ✔ should pass tx_invalid vector 53
      ✔ should pass tx_invalid vector 54
      ✔ should pass tx_invalid vector 55
      ✔ should pass tx_invalid vector 56
      ✔ should pass tx_invalid vector 57
      ✔ should pass tx_invalid vector 58
      ✔ should pass tx_invalid vector 59
      ✔ should pass tx_invalid vector 60
      ✔ should pass tx_invalid vector 61
      ✔ should pass tx_invalid vector 62
      ✔ should pass tx_invalid vector 63
      ✔ should pass tx_invalid vector 64
      ✔ should pass tx_invalid vector 65
      ✔ should pass tx_invalid vector 66
      ✔ should pass tx_invalid vector 67
      ✔ should pass tx_invalid vector 68
      ✔ should pass tx_invalid vector 69
      ✔ should pass tx_invalid vector 70
      ✔ should pass tx_invalid vector 71
      ✔ should pass tx_invalid vector 72
      ✔ should pass tx_invalid vector 73
      ✔ should pass tx_invalid vector 74
      ✔ should pass tx_invalid vector 75
      ✔ should pass tx_invalid vector 76
      ✔ should pass tx_invalid vector 77
      ✔ should pass tx_invalid vector 78
      ✔ should pass tx_invalid vector 79
      ✔ should pass tx_invalid vector 80
      ✔ should pass tx_invalid vector 81
      ✔ should pass tx_invalid vector 82
      ✔ should pass tx_invalid vector 83
      ✔ should pass tx_invalid vector 84
      ✔ should pass tx_invalid vector 85
      ✔ should pass tx_invalid vector 86
      ✔ should pass tx_invalid vector 87
      ✔ should pass tx_invalid vector 88
      ✔ should pass tx_invalid vector 89
      ✔ should pass tx_invalid vector 90
      ✔ should pass tx_invalid vector 91
      ✔ should pass tx_invalid vector 92

  Script
    ✔ should make a new script
    ✔ should make a new script when from is null
    #set
      ✔ should be object
      ✔ chunks should be array
      ✔ set chunks
    #fromBuffer
      ✔ should parse this buffer containing an OP code
      ✔ should parse this buffer containing another OP code
      ✔ should parse this buffer containing three bytes of data
      ✔ should parse this buffer containing OP_PUSHDATA1 and three bytes of data
      ✔ should parse this buffer containing OP_PUSHDATA2 and three bytes of data
      ✔ should parse this buffer containing OP_PUSHDATA4 and three bytes of data
      ✔ should parse this buffer an OP code, data, and another OP code
    #toBuffer
      ✔ should output this buffer containing an OP code
      ✔ should output this buffer containing another OP code
      ✔ should output this buffer containing three bytes of data
      ✔ should output this buffer containing OP_PUSHDATA1 and three bytes of data
      ✔ should output this buffer containing OP_PUSHDATA2 and three bytes of data
      ✔ should output this buffer containing OP_PUSHDATA4 and three bytes of data
      ✔ should output this buffer an OP code, data, and another OP code
    #fromASM
      ✔ should parse this known script in ASM
    #fromString
      ✔ should parse these known scripts
    #toString
      ✔ should work with an empty script
      ✔ should output this buffer an OP code, data, and another OP code
      ✔ should output this known script as ASM
      ✔ should output this known script with pushdata1 opcode as ASM
      ✔ should OP_1NEGATE opcode as -1 with ASM
    toHex
      ✔ should return an hexa string "03010203" as expected from [3, 1, 2, 3]
    #isDataOut
      ✔ should know this is a (blank) OP_RETURN script
      ✔ validates that this 40-byte OP_RETURN is standard
      ✔ validates that this 80-byte OP_RETURN is standard
      ✔ validates that this 40-byte long OP_CHECKMULTISIG is not standard op_return
      ✔ validates that this 81-byte OP_RETURN is not a valid standard OP_RETURN
    #isPublicKeyIn
      ✔ correctly identify scriptSig as a public key in
    #isPublicKeyHashIn
      ✔ should identify this known pubkeyhashin (uncompressed pubkey version)
      ✔ should identify this known pubkeyhashin (hybrid pubkey version w/06)
      ✔ should identify this known pubkeyhashin (hybrid pubkey version w/07)
      ✔ should identify this known pubkeyhashin (compressed pubkey w/ 0x02)
      ✔ should identify this known pubkeyhashin (compressed pubkey w/ 0x03)
      ✔ should identify this known non-pubkeyhashin (bad ops length)
      ✔ should identify this known pubkey
      ✔ should identify this known non-pubkeyhashin (bad version)
      ✔ should identify this known non-pubkeyhashin (bad signature version)
      ✔ should identify this known non-pubkeyhashin (no public key)
      ✔ should identify this known non-pubkeyhashin (no signature)
    #isPublicKeyHashOut
      ✔ should identify this known pubkeyhashout as pubkeyhashout
      ✔ should identify this known non-pubkeyhashout as not pubkeyhashout 1
      ✔ should identify this known non-pubkeyhashout as not pubkeyhashout 2
    #isMultisigOut
      ✔ should identify known multisig out 1
      ✔ should identify known multisig out 2
      ✔ should identify known multisig out 3
      ✔ should identify non-multisig out 1
      ✔ should identify non-multisig out 2
    #isMultisigIn
      ✔ should identify multisig in 1
      ✔ should identify multisig in 2
      ✔ should identify non-multisig in 1
      ✔ should identify non-multisig in 2
    #isScriptHashIn
      ✔ should identify this known scripthashin
      ✔ should identify this known non-scripthashin
      ✔ should identify this problematic non-scripthashin scripts
      ✔ identifies this other problematic non-p2sh in
    #isScripthashOut
      ✔ should identify this known p2shout as p2shout
      ✔ should identify result of .isScriptHashOut() as p2sh
      ✔ should identify these known non-p2shout as not p2shout
    #isWitnessScriptHashOut
      ✔ should recognize this script as p2wsh
      ✔ should NOT identify as p2wsh
    #isWitnessPublicKeyHashOut
      ✔ should identify as p2wpkh
      ✔ should NOT identify as p2wpkh
    #isWitnessProgram
      ✔ will default values to empty object
      ✔ will return false if script is data push longer than 40 bytes
      ✔ will return false if first byte op_code is greater than OP_16
      ✔ will return true with datapush of 20
      ✔ will return true with datapush of 32
    #isPushOnly
      ✔ should know these scripts are or aren't push only
    #classifyInput
      ✔ shouldn't classify public key hash out
      ✔ should classify public key hash in
      ✔ shouldn't classify script hash out
      ✔ should classify script hash in
      ✔ shouldn't classify MULTISIG out
      ✔ should classify MULTISIG in
      ✔ shouldn't classify OP_RETURN data out
      ✔ shouldn't classify public key out
      ✔ should classify public key in
      ✔ should classify unknown
      ✔ should classify scriptHashIn, eventhough it's opreturn
    #classifyOutput
      ✔ should classify public key hash out
      ✔ shouldn't classify public key hash in
      ✔ should classify script hash out
      ✔ shouldn't classify script hash in
      ✔ should classify MULTISIG out
      ✔ shouldn't classify MULTISIG in
      ✔ should classify OP_RETURN data out
      ✔ should classify public key out
      ✔ shouldn't classify public key in
      ✔ should classify unknown
      ✔ should classify opreturn eventhough it also looks like a scriptHashIn
    #classify
      ✔ should classify public key hash out
      ✔ should classify public key hash in
      ✔ should classify script hash out
      ✔ should classify script hash in
      ✔ should classify MULTISIG out
      ✔ should classify MULTISIG in
      ✔ should classify OP_RETURN data out
      ✔ should classify public key out
      ✔ should classify public key in
      ✔ should classify unknown
      ✔ should classify opreturn eventhough it also looks like a scriptHashIn
      ✔ should classify scriptHashIn eventhough it is opreturn when script is marked is input
      ✔ should classify unknown eventhough it is public key hash when marked as input
      ✔ should classify unknown eventhough it is public key hash in when marked as output
    #add and #prepend
      ✔ should add these ops
      ✔ should prepend these ops
      ✔ should add and prepend correctly
      ✔ should add these push data
      ✔ should add both pushdata and non-pushdata chunks
      ✔ should work for no data OP_RETURN
      ✔ works with objects
      ✔ works with another script
      ✔ fails with wrong type
    #isStandard
      ✔ should classify correctly standard script
      ✔ should classify correctly non standard script
    #buildMultisigOut
      ✔ should create sorted script by default
      ✔ should fail when number of required signatures is greater than number of pubkeys
      ✔ should create unsorted script if specified
      ✔ should create 1-of-1
      ✔ should create 1-of-2
      ✔ should create 2-of-2
      ✔ should create 1-of-3
      ✔ should create 2-of-3
      ✔ should create 3-of-3
      ✔ should create 1-of-4
      ✔ should create 2-of-4
      ✔ should create 3-of-4
      ✔ should create 4-of-4
      ✔ should create 1-of-5
      ✔ should create 2-of-5
      ✔ should create 3-of-5
      ✔ should create 4-of-5
      ✔ should create 5-of-5
    #buildWitnessMultisigOutFromScript
      ✔ it will build nested witness scriptSig
    #buildPublicKeyHashOut
      ✔ should create script from livenet address
      ✔ should create script from testnet address
      ✔ should create script from public key
    #buildPublicKeyOut
      ✔ should create script from public key
    #buildDataOut
      ✔ should create script from no data
      ✔ should create script from empty data
      ✔ should create script from some data
      ✔ should create script from string
      ✔ should create script from a hex string
    #buildScriptHashOut
      ✔ should create script from another script
      ✔ inherits network property from other script
      ✔ inherits network property from an address
    #toScriptHashOut
      ✔ should create script from another script
    #removeCodeseparators
      ✔ should remove any OP_CODESEPARATORs
    #findAndDelete
      ✔ should find and delete this buffer
      ✔ should do nothing
    #checkMinimalPush
      ✔ should check these minimal pushes
    getData returns associated data
      ✔ works with this testnet transaction
      ✔ for a P2PKH address
      ✔ for a P2SH address
      ✔ for a standard opreturn output
      ✔ fails if content is not recognized
    toAddress
      ✔ priorize the network argument
      ✔ use the inherited network
      ✔ uses default network
      ✔ for a P2PKH address
      ✔ for a P2SH address
      ✔ fails if content is not recognized
      ✔ works for p2pkh output
      ✔ works for p2pkh input
      ✔ works for p2sh output
      ✔ works for p2sh input
      ✔ works for OP_RETURN script
    equals
      ✔ returns true for same script
      ✔ returns false for different chunks sizes
      ✔ returns false for different opcodes
      ✔ returns false for different data
      ✔ returns false for different data
    #getSignatureOperationsCount
      ✔ should return zero for empty scripts
      ✔ should handle multi-sig multisig scripts from string
      ✔ should handle multi-sig-out scripts from utility function
      ✔ should handle P2SH-multisig-in scripts from utility
      ✔ should default the one and only argument to true

  Transaction deserialization
    valid transaction test case
      ✔ vector #0
      ✔ vector #0
      ✔ vector #0
      ✔ vector #0
      ✔ vector #0
      ✔ vector #0
      ✔ vector #0
      ✔ vector #0
      ✔ vector #0
      ✔ vector #0
      ✔ vector #0
      ✔ vector #0
      ✔ vector #0
      ✔ vector #0
      ✔ vector #0
      ✔ vector #0
      ✔ vector #0
      ✔ vector #0
      ✔ vector #0
      ✔ vector #0
      ✔ vector #0
      ✔ vector #0
      ✔ vector #0
      ✔ vector #0
      ✔ vector #0
      ✔ vector #0
      ✔ vector #0
      ✔ vector #0
      ✔ vector #0
      ✔ vector #0
      ✔ vector #0
      ✔ vector #0
      ✔ vector #0
      ✔ vector #0
      ✔ vector #0
      ✔ vector #0
      ✔ vector #0
      ✔ vector #0
      ✔ vector #0
      ✔ vector #0
      ✔ vector #0
      ✔ vector #0
      ✔ vector #0
      ✔ vector #0
      ✔ vector #0
      ✔ vector #0
      ✔ vector #0
      ✔ vector #0
      ✔ vector #0
      ✔ vector #0
      ✔ vector #0
      ✔ vector #0
      ✔ vector #0
      ✔ vector #0
      ✔ vector #0
      ✔ vector #0
      ✔ vector #0
      ✔ vector #0
      ✔ vector #0
      ✔ vector #0
      ✔ vector #0
      ✔ vector #0
      ✔ vector #0
      ✔ vector #0
      ✔ vector #0
      ✔ vector #0
      ✔ vector #0
      ✔ vector #0
      ✔ vector #0
      ✔ vector #0
      ✔ vector #0
      ✔ vector #0
      ✔ vector #0
      ✔ vector #0
      ✔ vector #0
      ✔ vector #0
      ✔ vector #0
      ✔ vector #0
      ✔ vector #0
      ✔ vector #0
      ✔ vector #0
      ✔ vector #0
      ✔ vector #0
      ✔ vector #0
      ✔ vector #0
      ✔ vector #0
      ✔ vector #0
      ✔ vector #0
      ✔ vector #0
      ✔ vector #0
      ✔ vector #0
      ✔ vector #0
      ✔ vector #0
      ✔ vector #0
      ✔ vector #0
      ✔ vector #0
      ✔ vector #0
      ✔ vector #0
      ✔ vector #0
      ✔ vector #0
      ✔ vector #0
      ✔ vector #0
      ✔ vector #0
      ✔ vector #0
      ✔ vector #0
      ✔ vector #0
      ✔ vector #0
      ✔ vector #0
      ✔ vector #0
      ✔ vector #0
      ✔ vector #0
      ✔ vector #0
      ✔ vector #0
      ✔ vector #0
      ✔ vector #0
      ✔ vector #0
      ✔ vector #0
      ✔ vector #0
      ✔ vector #0
      ✔ vector #0
      ✔ vector #0
      ✔ vector #0
      ✔ vector #0
      ✔ vector #0
      ✔ vector #0
      ✔ vector #0
      ✔ vector #0
      ✔ vector #0
      ✔ vector #0
      ✔ vector #0
      ✔ vector #0
      ✔ vector #0
      ✔ vector #0
      ✔ vector #0
      ✔ vector #0
      ✔ vector #0
      ✔ vector #0
      ✔ vector #0
      ✔ vector #0
      ✔ vector #0
      ✔ vector #0
      ✔ vector #0
      ✔ vector #0
      ✔ vector #0
      ✔ vector #0
      ✔ vector #0
      ✔ vector #0
      ✔ vector #0
      ✔ vector #0
      ✔ vector #0
      ✔ vector #0
      ✔ vector #0
      ✔ vector #0
      ✔ vector #0
      ✔ vector #0
      ✔ vector #0
      ✔ vector #0
      ✔ vector #0
      ✔ vector #0
      ✔ vector #0
      ✔ vector #0
      ✔ vector #0
      ✔ vector #0
      ✔ vector #0
      ✔ vector #0
      ✔ vector #0
      ✔ vector #0
      ✔ vector #0
      ✔ vector #0
      ✔ vector #0
      ✔ vector #0
      ✔ vector #0
      ✔ vector #0
      ✔ vector #0
      ✔ vector #0
      ✔ vector #0
      ✔ vector #0
      ✔ vector #0
      ✔ vector #0
      ✔ vector #0
      ✔ vector #0
      ✔ vector #0
      ✔ vector #0
      ✔ vector #0
      ✔ vector #0
      ✔ vector #0
      ✔ vector #0
      ✔ vector #0
      ✔ vector #0
      ✔ vector #0
      ✔ vector #0
      ✔ vector #0
      ✔ vector #0
      ✔ vector #0
      ✔ vector #0
      ✔ vector #0
      ✔ vector #0
      ✔ vector #0
      ✔ vector #0
      ✔ vector #0
      ✔ vector #0
      ✔ vector #0
      ✔ vector #0
      ✔ vector #0
      ✔ vector #0
      ✔ vector #0
      ✔ vector #0
      ✔ vector #0
      ✔ vector #0
      ✔ vector #0
      ✔ vector #0
      ✔ vector #0
      ✔ vector #0
      ✔ vector #0
      ✔ vector #0
      ✔ vector #0
      ✔ vector #0
      ✔ vector #0
      ✔ vector #0
      ✔ vector #0
      ✔ vector #0
      ✔ vector #0
      ✔ vector #0
      ✔ vector #0
      ✔ vector #0
      ✔ vector #0
      ✔ vector #0
      ✔ vector #0
      ✔ vector #0
      ✔ vector #0
      ✔ vector #0
      ✔ vector #0
      ✔ vector #0
      ✔ vector #0
      ✔ vector #0
      ✔ vector #0
      ✔ vector #0
      ✔ vector #0
      ✔ vector #0
      ✔ vector #0
      ✔ vector #0
      ✔ vector #0
      ✔ vector #0
      ✔ vector #0
      ✔ vector #0
      ✔ vector #0
      ✔ vector #0
    invalid transaction test case
      ✔ invalid vector #0
      ✔ invalid vector #0
      ✔ invalid vector #0
      ✔ invalid vector #0
      ✔ invalid vector #0
      ✔ invalid vector #0
      ✔ invalid vector #0
      ✔ invalid vector #0
      ✔ invalid vector #0
      ✔ invalid vector #0
      ✔ invalid vector #0
      ✔ invalid vector #0
      ✔ invalid vector #0
      ✔ invalid vector #0
      ✔ invalid vector #0
      ✔ invalid vector #0
      ✔ invalid vector #0
      ✔ invalid vector #0
      ✔ invalid vector #0
      ✔ invalid vector #0
      ✔ invalid vector #0
      ✔ invalid vector #0
      ✔ invalid vector #0
      ✔ invalid vector #0
      ✔ invalid vector #0
      ✔ invalid vector #0
      ✔ invalid vector #0
      ✔ invalid vector #0
      ✔ invalid vector #0
      ✔ invalid vector #0
      ✔ invalid vector #0
      ✔ invalid vector #0
      ✔ invalid vector #0
      ✔ invalid vector #0
      ✔ invalid vector #0
      ✔ invalid vector #0
      ✔ invalid vector #0
      ✔ invalid vector #0
      ✔ invalid vector #0
      ✔ invalid vector #0
      ✔ invalid vector #0
      ✔ invalid vector #0
      ✔ invalid vector #0
      ✔ invalid vector #0
      ✔ invalid vector #0
      ✔ invalid vector #0
      ✔ invalid vector #0
      ✔ invalid vector #0
      ✔ invalid vector #0
      ✔ invalid vector #0
      ✔ invalid vector #0
      ✔ invalid vector #0
      ✔ invalid vector #0
      ✔ invalid vector #0
      ✔ invalid vector #0
      ✔ invalid vector #0
      ✔ invalid vector #0
      ✔ invalid vector #0
      ✔ invalid vector #0
      ✔ invalid vector #0
      ✔ invalid vector #0
      ✔ invalid vector #0
      ✔ invalid vector #0
      ✔ invalid vector #0
      ✔ invalid vector #0
      ✔ invalid vector #0
      ✔ invalid vector #0
      ✔ invalid vector #0
      ✔ invalid vector #0
      ✔ invalid vector #0
      ✔ invalid vector #0
      ✔ invalid vector #0
      ✔ invalid vector #0
      ✔ invalid vector #0
      ✔ invalid vector #0
      ✔ invalid vector #0
      ✔ invalid vector #0
      ✔ invalid vector #0
      ✔ invalid vector #0
      ✔ invalid vector #0
      ✔ invalid vector #0
      ✔ invalid vector #0
      ✔ invalid vector #0
      ✔ invalid vector #0
      ✔ invalid vector #0
      ✔ invalid vector #0
      ✔ invalid vector #0
      ✔ invalid vector #0
      ✔ invalid vector #0
      ✔ invalid vector #0
      ✔ invalid vector #0
      ✔ invalid vector #0
      ✔ invalid vector #0
      ✔ invalid vector #0
      ✔ invalid vector #0
      ✔ invalid vector #0
      ✔ invalid vector #0
      ✔ invalid vector #0
      ✔ invalid vector #0
      ✔ invalid vector #0
      ✔ invalid vector #0
      ✔ invalid vector #0
      ✔ invalid vector #0
      ✔ invalid vector #0
      ✔ invalid vector #0
      ✔ invalid vector #0
      ✔ invalid vector #0
      ✔ invalid vector #0
      ✔ invalid vector #0
      ✔ invalid vector #0
      ✔ invalid vector #0
      ✔ invalid vector #0
      ✔ invalid vector #0
      ✔ invalid vector #0
      ✔ invalid vector #0
      ✔ invalid vector #0
      ✔ invalid vector #0
      ✔ invalid vector #0
      ✔ invalid vector #0
      ✔ invalid vector #0
      ✔ invalid vector #0
      ✔ invalid vector #0
      ✔ invalid vector #0
      ✔ invalid vector #0
      ✔ invalid vector #0
      ✔ invalid vector #0
      ✔ invalid vector #0
      ✔ invalid vector #0
      ✔ invalid vector #0
      ✔ invalid vector #0
      ✔ invalid vector #0
      ✔ invalid vector #0
      ✔ invalid vector #0
      ✔ invalid vector #0
      ✔ invalid vector #0
      ✔ invalid vector #0
      ✔ invalid vector #0
      ✔ invalid vector #0
      ✔ invalid vector #0
      ✔ invalid vector #0
      ✔ invalid vector #0
      ✔ invalid vector #0
      ✔ invalid vector #0
      ✔ invalid vector #0
      ✔ invalid vector #0
      ✔ invalid vector #0
      ✔ invalid vector #0
      ✔ invalid vector #0
      ✔ invalid vector #0
      ✔ invalid vector #0
      ✔ invalid vector #0
      ✔ invalid vector #0
      ✔ invalid vector #0
      ✔ invalid vector #0
      ✔ invalid vector #0
      ✔ invalid vector #0
      ✔ invalid vector #0
      ✔ invalid vector #0
      ✔ invalid vector #0
      ✔ invalid vector #0
      ✔ invalid vector #0
      ✔ invalid vector #0
      ✔ invalid vector #0
      ✔ invalid vector #0
      ✔ invalid vector #0
      ✔ invalid vector #0
      ✔ invalid vector #0
      ✔ invalid vector #0
      ✔ invalid vector #0
      ✔ invalid vector #0
      ✔ invalid vector #0
      ✔ invalid vector #0
      ✔ invalid vector #0
      ✔ invalid vector #0
      ✔ invalid vector #0
      ✔ invalid vector #0
      ✔ invalid vector #0
      ✔ invalid vector #0
      ✔ invalid vector #0
      ✔ invalid vector #0
      ✔ invalid vector #0
      ✔ invalid vector #0
      ✔ invalid vector #0
      ✔ invalid vector #0
      ✔ invalid vector #0
      ✔ invalid vector #0
      ✔ invalid vector #0
      ✔ invalid vector #0
      ✔ invalid vector #0
      ✔ invalid vector #0
      ✔ invalid vector #0
      ✔ invalid vector #0
      ✔ invalid vector #0
      ✔ invalid vector #0
      ✔ invalid vector #0
      ✔ invalid vector #0
      ✔ invalid vector #0
      ✔ invalid vector #0

  Transaction.Input
    ✔ has abstract methods: "getSignatures", "isFullySigned", "addSignature", "clearSignatures"
    ✔ detects coinbase transactions
    ✔ _estimateSize returns correct size
    instantiation
      ✔ works without new
      ✔ fails with no script info
      ✔ fromObject should work
      ✔ fromObject should work

  MultiSigInput
    ✔ can count missing signatures
    ✔ can count missing signatures, signed with key 3 and 1
    ✔ returns a list of public keys with missing signatures
    ✔ can clear all signatures
    ✔ can estimate how heavy is the output going to be
    ✔ uses SIGHASH_ALL by default
    ✔ roundtrips to/from object
    ✔ roundtrips to/from object when not signed
    ✔ can parse list of signature buffers, from TX signed with key 1 and 2
    ✔ can parse list of signature buffers, from TX signed with key 3 and 1

  MultiSigScriptHashInput
    ✔ can count missing signatures
    ✔ returns a list of public keys with missing signatures
    ✔ can clear all signatures
    ✔ can estimate how heavy is the output going to be
    ✔ uses SIGHASH_ALL by default
    ✔ roundtrips to/from object
    ✔ roundtrips to/from object when not signed
    ✔ will get the scriptCode for nested witness
    ✔ will get the satoshis buffer for nested witness
    P2WSH
      ✔ can count missing signatures
      ✔ returns a list of public keys with missing signatures
      ✔ can clear all signatures
      ✔ can estimate how heavy is the output going to be
      ✔ uses SIGHASH_ALL by default
      ✔ roundtrips to/from object
      ✔ roundtrips to/from object when not signed
      ✔ will get the scriptCode
      ✔ will get the satoshis buffer

  PublicKeyInput
    ✔ will correctly sign a publickey out transaction
    ✔ count can count missing signatures
    ✔ it's size can be estimated
    ✔ it's signature can be removed
    ✔ returns an empty array if private key mismatches

  PublicKeyHashInput
    ✔ can count missing signatures
    ✔ it's size can be estimated
    ✔ it's signature can be removed
    ✔ returns an empty array if private key mismatches

  Output
    ✔ throws error with unrecognized argument
    ✔ can be assigned a satoshi amount in big number
    ✔ can be assigned a satoshi amount with a string
    ✔ deserializes correctly a simple output
    ✔ can instantiate from an object
    ✔ can set a script from a buffer
    ✔ has a inspect property
    ✔ toBufferWriter
    ✔ roundtrips to/from object
    ✔ toObject will handle an invalid (null) script
    ✔ #toObject roundtrip will handle an invalid (null) script
    ✔ inspect will work with an invalid (null) script
    ✔ roundtrips to/from JSON
    ✔ setScript fails with invalid input
    ✔ sets script to null if it is an InvalidBuffer
    ✔ should throw an error if Script throws an error that is not InvalidBuffer
    will error if output is not a positive integer
      ✔ -100
      ✔ 1.1
      ✔ NaN
      ✔ Infinity

  sighash
    ✔ test vector from bitcoind #1 (31af167a6cf3f9d5)
    ✔ test vector from bitcoind #2 (48d6a1bd2cd9eec5)
    ✔ test vector from bitcoind #3 (2a3d95b09237b720)
    ✔ test vector from bitcoind #4 (06e328de263a87b0)
    ✔ test vector from bitcoind #5 (f03aa4fc5f97e826)
    ✔ test vector from bitcoind #6 (746306f322de2b4b)
    ✔ test vector from bitcoind #7 (5c9d3a2ce9365bb7)
    ✔ test vector from bitcoind #8 (c336b2f7d3702fbb)
    ✔ test vector from bitcoind #9 (29aa6d2d752d3310)
    ✔ test vector from bitcoind #10 (bf5fdc314ded2372)
    ✔ test vector from bitcoind #11 (191ab180b0d75376)
    ✔ test vector from bitcoind #12 (b6632ac53578a741)
    ✔ test vector from bitcoind #13 (6e3735d37a4b28c4)
    ✔ test vector from bitcoind #14 (d76d0fc0abfa72d6)
    ✔ test vector from bitcoind #15 (6e48f3da3a4ac07e)
    ✔ test vector from bitcoind #16 (c6076b6a45e6fcfb)
    ✔ test vector from bitcoind #17 (aeb8c5a62e8a0b57)
    ✔ test vector from bitcoind #18 (a6e6cb69f409ec14)
    ✔ test vector from bitcoind #19 (7ca0f75e6530ec9f)
    ✔ test vector from bitcoind #20 (58294f0d7f2e68fe)
    ✔ test vector from bitcoind #21 (8b300032a1915a4a)
    ✔ test vector from bitcoind #22 (d55ed1e6c53510f2)
    ✔ test vector from bitcoind #23 (2765bbdcd3ebb8b1)
    ✔ test vector from bitcoind #24 (663c999a52288c99)
    ✔ test vector from bitcoind #25 (b9c3aee8515a4a3b)
    ✔ test vector from bitcoind #26 (be567cb47170b34f)
    ✔ test vector from bitcoind #27 (2149e79c3f4513da)
    ✔ test vector from bitcoind #28 (32db877b6b1ca556)
    ✔ test vector from bitcoind #29 (edf73e2396694e58)
    ✔ test vector from bitcoind #30 (f0a2deee7fd8a3a9)
    ✔ test vector from bitcoind #31 (aa418d096929394c)
    ✔ test vector from bitcoind #32 (eb9ceecc3b401224)
    ✔ test vector from bitcoind #33 (88fdee1c2d4aeead)
    ✔ test vector from bitcoind #34 (f6a1ecb50bd7c259)
    ✔ test vector from bitcoind #35 (f7efb74b1dcc49d3)
    ✔ test vector from bitcoind #36 (f2286001af0b0170)
    ✔ test vector from bitcoind #37 (30df2473e1403e2b)
    ✔ test vector from bitcoind #38 (7f21b62267ed5246)
    ✔ test vector from bitcoind #39 (8af0b4cbdbc011be)
    ✔ test vector from bitcoind #40 (40ed8e7bbbd893e1)
    ✔ test vector from bitcoind #41 (136beb95459fe6b1)
    ✔ test vector from bitcoind #42 (9eb8adf2caecb4bf)
    ✔ test vector from bitcoind #43 (5ca70e727d91b1a4)
    ✔ test vector from bitcoind #44 (2be27a686eb7940d)
    ✔ test vector from bitcoind #45 (49c8a6940a461cc7)
    ✔ test vector from bitcoind #46 (7f208df9a5507e98)
    ✔ test vector from bitcoind #47 (5fa09d43c8aef6f6)
    ✔ test vector from bitcoind #48 (713ddeeefcfe0492)
    ✔ test vector from bitcoind #49 (fe42f73a8742676e)
    ✔ test vector from bitcoind #50 (551ce975d58647f1)
    ✔ test vector from bitcoind #51 (069f38fd5d47abff)
    ✔ test vector from bitcoind #52 (6da32416deb45a0d)
    ✔ test vector from bitcoind #53 (76c4013c40bfa148)
    ✔ test vector from bitcoind #54 (fb7eca81d816354b)
    ✔ test vector from bitcoind #55 (8085e904164ab9a8)
    ✔ test vector from bitcoind #56 (9db4e320208185ee)
    ✔ test vector from bitcoind #57 (0133f1a161363b71)
    ✔ test vector from bitcoind #58 (d1df1f4bba2484cf)
    ✔ test vector from bitcoind #59 (40b4f03c68288bdc)
    ✔ test vector from bitcoind #60 (2ef025e907f0fa45)
    ✔ test vector from bitcoind #61 (1f8a3aca573a609f)
    ✔ test vector from bitcoind #62 (0d17a92c8d5041ba)
    ✔ test vector from bitcoind #63 (8221d5dfb75fc301)
    ✔ test vector from bitcoind #64 (13e8b5ab4e5b2cee)
    ✔ test vector from bitcoind #65 (87ddf1f9acb66404)
    ✔ test vector from bitcoind #66 (da8405db28726dc4)
    ✔ test vector from bitcoind #67 (ed53cc766cf7cb80)
    ✔ test vector from bitcoind #68 (e1a2568540999070)
    ✔ test vector from bitcoind #69 (abe441209165d25b)
    ✔ test vector from bitcoind #70 (0dd1bd5c25533bf5)
    ✔ test vector from bitcoind #71 (73fe22099c826c34)
    ✔ test vector from bitcoind #72 (eea96a48ee572aea)
    ✔ test vector from bitcoind #73 (5ec805e74ee934aa)
    ✔ test vector from bitcoind #74 (42f5ba6f5fe1e00e)
    ✔ test vector from bitcoind #75 (8449d5247071325e)
    ✔ test vector from bitcoind #76 (f98f95d0c5ec3ac3)
    ✔ test vector from bitcoind #77 (f79e6b776e2592ba)
    ✔ test vector from bitcoind #78 (771d4d87f1591a13)
    ✔ test vector from bitcoind #79 (726bb88cdf3af2f7)
    ✔ test vector from bitcoind #80 (1e0da47eedbbb381)
    ✔ test vector from bitcoind #81 (55591346aec65298)
    ✔ test vector from bitcoind #82 (f5b38b0f06e246e4)
    ✔ test vector from bitcoind #83 (eb2d8dea38e9175d)
    ✔ test vector from bitcoind #84 (13d12a51598b3485)
    ✔ test vector from bitcoind #85 (53ab197fa7e27b8a)
    ✔ test vector from bitcoind #86 (93c34627f526d73f)
    ✔ test vector from bitcoind #87 (bbc9069b8615f3a5)
    ✔ test vector from bitcoind #88 (5848d93491044d7f)
    ✔ test vector from bitcoind #89 (603a9b61cd30fcea)
    ✔ test vector from bitcoind #90 (3b320dd47f270245)
    ✔ test vector from bitcoind #91 (079fa62e9d9d7654)
    ✔ test vector from bitcoind #92 (2921a0e5e3ba83c5)
    ✔ test vector from bitcoind #93 (4aae6648f856994b)
    ✔ test vector from bitcoind #94 (3f988922d8cd11c7)
    ✔ test vector from bitcoind #95 (bd36a50e0e0a4ecb)
    ✔ test vector from bitcoind #96 (41bead1b073e1e9f)
    ✔ test vector from bitcoind #97 (71dfcd2eb7f2e647)
    ✔ test vector from bitcoind #98 (0d31a221c69bd322)
    ✔ test vector from bitcoind #99 (daec2af5622bbe22)
    ✔ test vector from bitcoind #100 (75a7db0df41485a2)
    ✔ test vector from bitcoind #101 (ced7ef84aad4097e)
    ✔ test vector from bitcoind #102 (c503001c16fbff82)
    ✔ test vector from bitcoind #103 (e84444d91580da41)
    ✔ test vector from bitcoind #104 (ef4bd7622eb7b2bb)
    ✔ test vector from bitcoind #105 (4012f5ff2f1238a0)
    ✔ test vector from bitcoind #106 (e1600e6df8a6160a)
    ✔ test vector from bitcoind #107 (05cf0ec9c61f1a15)
    ✔ test vector from bitcoind #108 (d309da5afd91b7af)
    ✔ test vector from bitcoind #109 (72b7da10704c3ca7)
    ✔ test vector from bitcoind #110 (393aa6c758e0eed1)
    ✔ test vector from bitcoind #111 (60b7544319b42e41)
    ✔ test vector from bitcoind #112 (6a9ac3f7da4c7735)
    ✔ test vector from bitcoind #113 (cfe147982afacde0)
    ✔ test vector from bitcoind #114 (35e94b3776a6729d)
    ✔ test vector from bitcoind #115 (ee4ea49d2aae0dbb)
    ✔ test vector from bitcoind #116 (299dcaac2bdaa627)
    ✔ test vector from bitcoind #117 (a4c0773204ab418a)
    ✔ test vector from bitcoind #118 (cc180c4f797c16a6)
    ✔ test vector from bitcoind #119 (566953eb806d40a9)
    ✔ test vector from bitcoind #120 (6e6307cef4f3a9b3)
    ✔ test vector from bitcoind #121 (577bf2b3520b40ae)
    ✔ test vector from bitcoind #122 (730bc25699b46703)
    ✔ test vector from bitcoind #123 (66c488603b2bc53f)
    ✔ test vector from bitcoind #124 (051c0df7ac688c2c)
    ✔ test vector from bitcoind #125 (ddfd902bba312a06)
    ✔ test vector from bitcoind #126 (96c2b32f0a00a592)
    ✔ test vector from bitcoind #127 (bf078519fa87b79f)
    ✔ test vector from bitcoind #128 (e33d5ee08c0f3c13)
    ✔ test vector from bitcoind #129 (8b57a7c3170c6c02)
    ✔ test vector from bitcoind #130 (3cb5b030e7da0b60)
    ✔ test vector from bitcoind #131 (add7f5da27262f13)
    ✔ test vector from bitcoind #132 (883a6ea3b2cc53fe)
    ✔ test vector from bitcoind #133 (b5dab912bcabedff)
    ✔ test vector from bitcoind #134 (7fc74de39ce6ca46)
    ✔ test vector from bitcoind #135 (ab6baa6da3b2bc85)
    ✔ test vector from bitcoind #136 (91178482112f94d1)
    ✔ test vector from bitcoind #137 (5e1849e7368cf4f0)
    ✔ test vector from bitcoind #138 (e9995065e1fddef7)
    ✔ test vector from bitcoind #139 (0e9c47973ef2c292)
    ✔ test vector from bitcoind #140 (32154c09174a9906)
    ✔ test vector from bitcoind #141 (4605ae5fd3d50f9c)
    ✔ test vector from bitcoind #142 (ff9d7394002f3f19)
    ✔ test vector from bitcoind #143 (59fc2959bb7bb245)
    ✔ test vector from bitcoind #144 (e9f53d531c12cce1)
    ✔ test vector from bitcoind #145 (fb51eb9d7e47d32f)
    ✔ test vector from bitcoind #146 (57a34ddeb1bf36d2)
    ✔ test vector from bitcoind #147 (edb7c74223d1f10f)
    ✔ test vector from bitcoind #148 (f0672638a0e568a9)
    ✔ test vector from bitcoind #149 (722efdd69a7d51d3)
    ✔ test vector from bitcoind #150 (659cd3203095d4a8)
    ✔ test vector from bitcoind #151 (d82d4ccd9b67810f)
    ✔ test vector from bitcoind #152 (8eebac87e60da524)
    ✔ test vector from bitcoind #153 (046de666545330e5)
    ✔ test vector from bitcoind #154 (478ee06501b4965b)
    ✔ test vector from bitcoind #155 (db0329439490efc6)
    ✔ test vector from bitcoind #156 (92364ba3c7a85d4e)
    ✔ test vector from bitcoind #157 (1f4209fd4ce7f13d)
    ✔ test vector from bitcoind #158 (b596f206d7eba22b)
    ✔ test vector from bitcoind #159 (e19b796c14a03736)
    ✔ test vector from bitcoind #160 (6e3e5ba77f760b6b)
    ✔ test vector from bitcoind #161 (fad092fc98f17c2c)
    ✔ test vector from bitcoind #162 (5418cf059b5f1577)
    ✔ test vector from bitcoind #163 (0d66003aff5bf78c)
    ✔ test vector from bitcoind #164 (4e4c9a781f626b59)
    ✔ test vector from bitcoind #165 (a869c18a0edf563d)
    ✔ test vector from bitcoind #166 (b1c50d58b753e8f6)
    ✔ test vector from bitcoind #167 (6b1459536f51482f)
    ✔ test vector from bitcoind #168 (154ff7a9f0875edc)
    ✔ test vector from bitcoind #169 (849033a2321b5755)
    ✔ test vector from bitcoind #170 (8556fe52d1d07823)
    ✔ test vector from bitcoind #171 (d9684685c99ce48f)
    ✔ test vector from bitcoind #172 (7e975a72db5adaa3)
    ✔ test vector from bitcoind #173 (47bc8ab070273e1f)
    ✔ test vector from bitcoind #174 (f3374253d64ac264)
    ✔ test vector from bitcoind #175 (8d7794703dad18e2)
    ✔ test vector from bitcoind #176 (4e6357da0057fb7f)
    ✔ test vector from bitcoind #177 (83deef4a698b62a7)
    ✔ test vector from bitcoind #178 (98ccde2dc14d14f5)
    ✔ test vector from bitcoind #179 (a903c84d8c5e7113)
    ✔ test vector from bitcoind #180 (83c68b3c5a89260c)
    ✔ test vector from bitcoind #181 (9c5fa02abfd34d0f)
    ✔ test vector from bitcoind #182 (f0bd4ca8e97203b9)
    ✔ test vector from bitcoind #183 (5509eba029cc11d7)
    ✔ test vector from bitcoind #184 (4ca73da4fcd5f1b1)
    ✔ test vector from bitcoind #185 (fb018ae54206fdd2)
    ✔ test vector from bitcoind #186 (001b0b176f0451df)
    ✔ test vector from bitcoind #187 (ac87b1b93a6baab6)
    ✔ test vector from bitcoind #188 (0767e09bba8cd66d)
    ✔ test vector from bitcoind #189 (de35c84a58f2458c)
    ✔ test vector from bitcoind #190 (e2fa3e1976aed82c)
    ✔ test vector from bitcoind #191 (7de4ba875b2e584a)
    ✔ test vector from bitcoind #192 (6b77ca70cc452cc8)
    ✔ test vector from bitcoind #193 (bd7d26bb3a98fc8c)
    ✔ test vector from bitcoind #194 (355ccaf30697c9c5)
    ✔ test vector from bitcoind #195 (353ca9619ccb0210)
    ✔ test vector from bitcoind #196 (b35bb1b72d02fab8)
    ✔ test vector from bitcoind #197 (7615b4a7b3be8656)
    ✔ test vector from bitcoind #198 (4f2ccf981598639b)
    ✔ test vector from bitcoind #199 (984efe0d8d12e438)
    ✔ test vector from bitcoind #200 (4a74f365a161bc6c)
    ✔ test vector from bitcoind #201 (08bbb746a596991a)
    ✔ test vector from bitcoind #202 (8ca11838775822f9)
    ✔ test vector from bitcoind #203 (9bc5bb772c553831)
    ✔ test vector from bitcoind #204 (78eb6b24365ac1ed)
    ✔ test vector from bitcoind #205 (f6da59b9deac63e8)
    ✔ test vector from bitcoind #206 (04c5ee48514cd033)
    ✔ test vector from bitcoind #207 (2e42ead953c9f4f8)
    ✔ test vector from bitcoind #208 (d9096de94d70c633)
    ✔ test vector from bitcoind #209 (ed5622ac642d11f9)
    ✔ test vector from bitcoind #210 (f926d4036eac7f01)
    ✔ test vector from bitcoind #211 (255c125b60ee85f4)
    ✔ test vector from bitcoind #212 (5a0a05e32ce4cd05)
    ✔ test vector from bitcoind #213 (52b9e0778206af68)
    ✔ test vector from bitcoind #214 (b6b684e2d2ecec8a)
    ✔ test vector from bitcoind #215 (e5da9a416ea883be)
    ✔ test vector from bitcoind #216 (41ecca1e8152ec55)
    ✔ test vector from bitcoind #217 (ff8a4016dfdd918f)
    ✔ test vector from bitcoind #218 (bad77967f98941af)
    ✔ test vector from bitcoind #219 (df1c87cf3ba70e75)
    ✔ test vector from bitcoind #220 (71c294523c48fd77)
    ✔ test vector from bitcoind #221 (110d90fea9470dfe)
    ✔ test vector from bitcoind #222 (0322ca570446869e)
    ✔ test vector from bitcoind #223 (8b5b3d00d9c658f0)
    ✔ test vector from bitcoind #224 (b79f31c289e95d9d)
    ✔ test vector from bitcoind #225 (89ec7fab7cfe7d8d)
    ✔ test vector from bitcoind #226 (78e01310a228f645)
    ✔ test vector from bitcoind #227 (4cc85cbc2863ee7d)
    ✔ test vector from bitcoind #228 (2d642ceee910abff)
    ✔ test vector from bitcoind #229 (a17b66d6bb427f42)
    ✔ test vector from bitcoind #230 (8e221a6c4bf81ca0)
    ✔ test vector from bitcoind #231 (714d8b14699835b2)
    ✔ test vector from bitcoind #232 (91082410630337a5)
    ✔ test vector from bitcoind #233 (458aec3b5089a585)
    ✔ test vector from bitcoind #234 (bbed77ff0f808aa8)
    ✔ test vector from bitcoind #235 (3212c6d6dd8d9d3b)
    ✔ test vector from bitcoind #236 (c40fd7dfa72321ac)
    ✔ test vector from bitcoind #237 (919144aada50db86)
    ✔ test vector from bitcoind #238 (305fc8ff5dc04ebd)
    ✔ test vector from bitcoind #239 (2420dd722e229ecc)
    ✔ test vector from bitcoind #240 (4370d05c07e231d6)
    ✔ test vector from bitcoind #241 (2f9993e0a84a6ca5)
    ✔ test vector from bitcoind #242 (02040283ef2291d8)
    ✔ test vector from bitcoind #243 (f24be499c58295f3)
    ✔ test vector from bitcoind #244 (1c8655969b241e71)
    ✔ test vector from bitcoind #245 (94338cd47a4639be)
    ✔ test vector from bitcoind #246 (60caf46a7625f303)
    ✔ test vector from bitcoind #247 (c834a5485e68dc13)
    ✔ test vector from bitcoind #248 (99b32b5679d91e0f)
    ✔ test vector from bitcoind #249 (5071f8acf96aea41)
    ✔ test vector from bitcoind #250 (9cb0dd04e9fe287b)
    ✔ test vector from bitcoind #251 (47207b4877772753)
    ✔ test vector from bitcoind #252 (b8f3d255549909c0)
    ✔ test vector from bitcoind #253 (ad01ec9d6dbae325)
    ✔ test vector from bitcoind #254 (595a3c0225456463)
    ✔ test vector from bitcoind #255 (9c051a7092fe17fa)
    ✔ test vector from bitcoind #256 (4d8efb3b99b9064d)
    ✔ test vector from bitcoind #257 (a638cc17fd91f4b1)
    ✔ test vector from bitcoind #258 (c10ccc9db8a92d7d)
    ✔ test vector from bitcoind #259 (0ca673a1ee66f962)
    ✔ test vector from bitcoind #260 (2c8be597620d95ab)
    ✔ test vector from bitcoind #261 (26b22e18d5d9081f)
    ✔ test vector from bitcoind #262 (8e0697d8cd8a9cce)
    ✔ test vector from bitcoind #263 (7cda43f1ff9191c6)
    ✔ test vector from bitcoind #264 (4435e62ff6531ac7)
    ✔ test vector from bitcoind #265 (913060c7454e6c80)
    ✔ test vector from bitcoind #266 (bae189eb3d64aedb)
    ✔ test vector from bitcoind #267 (cfeaa36790bc3987)
    ✔ test vector from bitcoind #268 (ec91eda1149f75bf)
    ✔ test vector from bitcoind #269 (3aad18a209fab8db)
    ✔ test vector from bitcoind #270 (86970af23c89b72a)
    ✔ test vector from bitcoind #271 (d0c4a780e4e0bc22)
    ✔ test vector from bitcoind #272 (fb4bd26a91b5cf22)
    ✔ test vector from bitcoind #273 (8e795aeef18f510d)
    ✔ test vector from bitcoind #274 (b6ed4a3721be3c3c)
    ✔ test vector from bitcoind #275 (935892c6f02948f3)
    ✔ test vector from bitcoind #276 (30c4cd4bd6b291f7)
    ✔ test vector from bitcoind #277 (2707ca714af09494)
    ✔ test vector from bitcoind #278 (4abce77432a86dfe)
    ✔ test vector from bitcoind #279 (48411efeb133c6b7)
    ✔ test vector from bitcoind #280 (b575a04b0bb56e38)
    ✔ test vector from bitcoind #281 (fc93cc056c70d5e0)
    ✔ test vector from bitcoind #282 (e095003ca82af897)
    ✔ test vector from bitcoind #283 (c6ec1b7cb5c16a1b)
    ✔ test vector from bitcoind #284 (5eeb03e03806cd7b)
    ✔ test vector from bitcoind #285 (b8db8d57fe40ab3a)
    ✔ test vector from bitcoind #286 (c6675bf229737e00)
    ✔ test vector from bitcoind #287 (205f3653f0142b35)
    ✔ test vector from bitcoind #288 (3275e98dca37243b)
    ✔ test vector from bitcoind #289 (508129278ef07b43)
    ✔ test vector from bitcoind #290 (fe516df92299e995)
    ✔ test vector from bitcoind #291 (d582c442e0ecc400)
    ✔ test vector from bitcoind #292 (f151f1ec305f698d)
    ✔ test vector from bitcoind #293 (d1b1d79001b4a032)
    ✔ test vector from bitcoind #294 (1d25d16d84d5793b)
    ✔ test vector from bitcoind #295 (f3bbab70b759fe6c)
    ✔ test vector from bitcoind #296 (41617b27321a830c)
    ✔ test vector from bitcoind #297 (20fd0eee5b5716d6)
    ✔ test vector from bitcoind #298 (ba0a2c987fcdd74b)
    ✔ test vector from bitcoind #299 (62cd3413d9d819fb)
    ✔ test vector from bitcoind #300 (37ed6fae36fcb336)
    ✔ test vector from bitcoind #301 (1c9d6816c2086584)
    ✔ test vector from bitcoind #302 (249c4513a49076c6)
    ✔ test vector from bitcoind #303 (2cc1c7514fdc512f)
    ✔ test vector from bitcoind #304 (6beca0e0388f824c)
    ✔ test vector from bitcoind #305 (5990b13945184734)
    ✔ test vector from bitcoind #306 (dbc7935d718328d2)
    ✔ test vector from bitcoind #307 (793a3d3c37f6494f)
    ✔ test vector from bitcoind #308 (b5bd080bbcb8cd65)
    ✔ test vector from bitcoind #309 (0c1fd44476ff28bf)
    ✔ test vector from bitcoind #310 (86f26e23822afd1b)
    ✔ test vector from bitcoind #311 (3cd85f84aae6d702)
    ✔ test vector from bitcoind #312 (961ff413850336d3)
    ✔ test vector from bitcoind #313 (e88ed2eea9143f25)
    ✔ test vector from bitcoind #314 (b8f1e1f35e3e1368)
    ✔ test vector from bitcoind #315 (c49af297dffe2d80)
    ✔ test vector from bitcoind #316 (18da6ceb011cd36f)
    ✔ test vector from bitcoind #317 (3078b1d1a7713c6d)
    ✔ test vector from bitcoind #318 (0e0bed1bf2ff255a)
    ✔ test vector from bitcoind #319 (ab61497afd39e61f)
    ✔ test vector from bitcoind #320 (680336db57347d81)
    ✔ test vector from bitcoind #321 (1c29f110576f4a3b)
    ✔ test vector from bitcoind #322 (c670219a93234929)
    ✔ test vector from bitcoind #323 (716a8180e417228f)
    ✔ test vector from bitcoind #324 (d36ee79fc80db2e6)
    ✔ test vector from bitcoind #325 (eacc47c5a53734d6)
    ✔ test vector from bitcoind #326 (59a34b3ed3a1cce0)
    ✔ test vector from bitcoind #327 (643a7b4c8d832e14)
    ✔ test vector from bitcoind #328 (56d29f5e300ddfed)
    ✔ test vector from bitcoind #329 (1536da582a0b6de0)
    ✔ test vector from bitcoind #330 (6cf9cd409b7185b1)
    ✔ test vector from bitcoind #331 (1efbf3d37a92bc03)
    ✔ test vector from bitcoind #332 (0898b26dd3ca0863)
    ✔ test vector from bitcoind #333 (979782dc3f36d908)
    ✔ test vector from bitcoind #334 (674a4bcb04247f8d)
    ✔ test vector from bitcoind #335 (3afacaca0ef6be9d)
    ✔ test vector from bitcoind #336 (241a23e7b1982d5f)
    ✔ test vector from bitcoind #337 (1326a46f4c21e761)
    ✔ test vector from bitcoind #338 (1ddaab7f973551d7)
    ✔ test vector from bitcoind #339 (925037c7dc7625f3)
    ✔ test vector from bitcoind #340 (7e058ca5dd07640e)
    ✔ test vector from bitcoind #341 (49870a961263354c)
    ✔ test vector from bitcoind #342 (eea7d2212bda2d40)
    ✔ test vector from bitcoind #343 (0090803a20102a77)
    ✔ test vector from bitcoind #344 (5c46f7ac3d6460af)
    ✔ test vector from bitcoind #345 (9cf05990421ea853)
    ✔ test vector from bitcoind #346 (fd44fc98639ca32c)
    ✔ test vector from bitcoind #347 (9a95e692e1f78efd)
    ✔ test vector from bitcoind #348 (62a36c6e8da03720)
    ✔ test vector from bitcoind #349 (476868cecd1763c9)
    ✔ test vector from bitcoind #350 (f64f805f0ff7f237)
    ✔ test vector from bitcoind #351 (c2cefaec2293134a)
    ✔ test vector from bitcoind #352 (d66924d49f03a696)
    ✔ test vector from bitcoind #353 (502967a6f999f7ee)
    ✔ test vector from bitcoind #354 (f58637277d2bc42e)
    ✔ test vector from bitcoind #355 (b098eb9aff1bbd37)
    ✔ test vector from bitcoind #356 (19dd32190ed2a37b)
    ✔ test vector from bitcoind #357 (3a1c6742d4c374f0)
    ✔ test vector from bitcoind #358 (9afe3f4978df6a86)
    ✔ test vector from bitcoind #359 (6629a1e75c6ae8f4)
    ✔ test vector from bitcoind #360 (818a7ceaf963f52b)
    ✔ test vector from bitcoind #361 (dfcf484111801989)
    ✔ test vector from bitcoind #362 (d0f32a6db43378af)
    ✔ test vector from bitcoind #363 (68c7bd717b399b1e)
    ✔ test vector from bitcoind #364 (978dc178ecd03d40)
    ✔ test vector from bitcoind #365 (0d936cceda2f56c7)
    ✔ test vector from bitcoind #366 (2f9b734860033651)
    ✔ test vector from bitcoind #367 (cfa4b7573559b3b1)
    ✔ test vector from bitcoind #368 (880330ccde009915)
    ✔ test vector from bitcoind #369 (bde3dd0575164d7e)
    ✔ test vector from bitcoind #370 (a3d65a8cd0c1eea8)
    ✔ test vector from bitcoind #371 (4eba3055bc2b5876)
    ✔ test vector from bitcoind #372 (6b80d74eb0e7ee59)
    ✔ test vector from bitcoind #373 (164c32a263f357e3)
    ✔ test vector from bitcoind #374 (8858bb47a042243f)
    ✔ test vector from bitcoind #375 (c84fcaf9d779df73)
    ✔ test vector from bitcoind #376 (e562579d1a2b10d1)
    ✔ test vector from bitcoind #377 (fa4676c374ae3a41)
    ✔ test vector from bitcoind #378 (e8e10ed162b1a43b)
    ✔ test vector from bitcoind #379 (a5bc0356f56b2b41)
    ✔ test vector from bitcoind #380 (556c3f90aa81f9b4)
    ✔ test vector from bitcoind #381 (0ef7b6e87c782fa3)
    ✔ test vector from bitcoind #382 (a7aa34bf8a5644f0)
    ✔ test vector from bitcoind #383 (bc46f3f83058ddf5)
    ✔ test vector from bitcoind #384 (f804fc4d81f03900)
    ✔ test vector from bitcoind #385 (270445ab77258ced)
    ✔ test vector from bitcoind #386 (4a3415eb1677ae4e)
    ✔ test vector from bitcoind #387 (d60bbadd2cc06741)
    ✔ test vector from bitcoind #388 (b276584d3514e5b4)
    ✔ test vector from bitcoind #389 (f1f2a489682e42a6)
    ✔ test vector from bitcoind #390 (bdfaff8a4e775379)
    ✔ test vector from bitcoind #391 (c629d93b02037f40)
    ✔ test vector from bitcoind #392 (c1c7df8206e661d5)
    ✔ test vector from bitcoind #393 (39c2aaa2496212b3)
    ✔ test vector from bitcoind #394 (877e347ec7487497)
    ✔ test vector from bitcoind #395 (47585dc25469d04f)
    ✔ test vector from bitcoind #396 (09ed6563a454814a)
    ✔ test vector from bitcoind #397 (c19caada8e71535e)
    ✔ test vector from bitcoind #398 (6a815ba155270af1)
    ✔ test vector from bitcoind #399 (552ff97d7924f51c)
    ✔ test vector from bitcoind #400 (e9a7f21fc2d38be7)
    ✔ test vector from bitcoind #401 (cdf51f6e3a9dc2be)
    ✔ test vector from bitcoind #402 (62094f98234a05bf)
    ✔ test vector from bitcoind #403 (d37532e7b2b8e7db)
    ✔ test vector from bitcoind #404 (5cef9d8e18a2d5a7)
    ✔ test vector from bitcoind #405 (26dc2cba4bd5334e)
    ✔ test vector from bitcoind #406 (3e5aa0200248d8d8)
    ✔ test vector from bitcoind #407 (b5280b9610c0625a)
    ✔ test vector from bitcoind #408 (04c9ef72f33668ca)
    ✔ test vector from bitcoind #409 (8f07ece7d65e509f)
    ✔ test vector from bitcoind #410 (e2358dfb51831ee8)
    ✔ test vector from bitcoind #411 (502a2435fd02898d)
    ✔ test vector from bitcoind #412 (7ba99b289c04718a)
    ✔ test vector from bitcoind #413 (92d53b4390262e6b)
    ✔ test vector from bitcoind #414 (5d366a7f4346ae18)
    ✔ test vector from bitcoind #415 (bbee941bbad95042)
    ✔ test vector from bitcoind #416 (5c5a9c3a5de7dc7a)
    ✔ test vector from bitcoind #417 (a3bdf8771c899097)
    ✔ test vector from bitcoind #418 (8c29ea8ef60c5a92)
    ✔ test vector from bitcoind #419 (d5f1c1cb35956a57)
    ✔ test vector from bitcoind #420 (37b794b05d0687c9)
    ✔ test vector from bitcoind #421 (ea117348e94de863)
    ✔ test vector from bitcoind #422 (a7aff48f3b8aeb7a)
    ✔ test vector from bitcoind #423 (0a281172d306b6a3)
    ✔ test vector from bitcoind #424 (82ebc07b16cff007)
    ✔ test vector from bitcoind #425 (418acc156c2bc76a)
    ✔ test vector from bitcoind #426 (228ca52a0a376fe0)
    ✔ test vector from bitcoind #427 (d2fa7e13c34cecda)
    ✔ test vector from bitcoind #428 (499da7d74032388f)
    ✔ test vector from bitcoind #429 (1125645b49202dca)
    ✔ test vector from bitcoind #430 (5350a31ac954a0b4)
    ✔ test vector from bitcoind #431 (3c05473a816621a3)
    ✔ test vector from bitcoind #432 (936eff8cdfd771be)
    ✔ test vector from bitcoind #433 (69c0b30f4c630a6c)
    ✔ test vector from bitcoind #434 (f8757fbb4448ca34)
    ✔ test vector from bitcoind #435 (e7d873aa079a19ec)
    ✔ test vector from bitcoind #436 (311094b4d73e31ae)
    ✔ test vector from bitcoind #437 (06277201504e6bf8)
    ✔ test vector from bitcoind #438 (7912573937824058)
    ✔ test vector from bitcoind #439 (24cb420a53b4f8bb)
    ✔ test vector from bitcoind #440 (69264faadcd1a581)
    ✔ test vector from bitcoind #441 (bd0e88829afa6bdc)
    ✔ test vector from bitcoind #442 (f99c29a79f1d73d2)
    ✔ test vector from bitcoind #443 (9615541884dfb1fe)
    ✔ test vector from bitcoind #444 (6e3f97955490d93d)
    ✔ test vector from bitcoind #445 (b3b336de141d4f07)
    ✔ test vector from bitcoind #446 (7928ae8e86c0b0ca)
    ✔ test vector from bitcoind #447 (4a92fec1eb03f5bd)
    ✔ test vector from bitcoind #448 (8b7dd0ff12ca0d8f)
    ✔ test vector from bitcoind #449 (8bb7a0129eaf4b8f)
    ✔ test vector from bitcoind #450 (55acd8293ed0be67)
    ✔ test vector from bitcoind #451 (b362da5634f20be7)
    ✔ test vector from bitcoind #452 (2b822737c2affeef)
    ✔ test vector from bitcoind #453 (20732d5073805419)
    ✔ test vector from bitcoind #454 (685d67d84755906d)
    ✔ test vector from bitcoind #455 (123916c6485cf23b)
    ✔ test vector from bitcoind #456 (f43378a0b7822ad6)
    ✔ test vector from bitcoind #457 (ff18c5bffd086e00)
    ✔ test vector from bitcoind #458 (cb6e4322955af12e)
    ✔ test vector from bitcoind #459 (e8d89a302ae62689)
    ✔ test vector from bitcoind #460 (0278adbcc476d135)
    ✔ test vector from bitcoind #461 (b7ca991ab2e20d01)
    ✔ test vector from bitcoind #462 (437e89bb6f70fd2e)
    ✔ test vector from bitcoind #463 (535ba819d74770d4)
    ✔ test vector from bitcoind #464 (d4737f3b58f3e508)
    ✔ test vector from bitcoind #465 (3282a2ec6b8c87c9)
    ✔ test vector from bitcoind #466 (55611a5fb1483bce)
    ✔ test vector from bitcoind #467 (b3ff10f21e71ebc8)
    ✔ test vector from bitcoind #468 (9b360c3310d55c84)
    ✔ test vector from bitcoind #469 (2f482b97178f1728)
    ✔ test vector from bitcoind #470 (6390ab0963cf611e)
    ✔ test vector from bitcoind #471 (f77c3322c97b1681)
    ✔ test vector from bitcoind #472 (5299b0fb7fc16f40)
    ✔ test vector from bitcoind #473 (67483ee62516be17)
    ✔ test vector from bitcoind #474 (48315a95e49277ab)
    ✔ test vector from bitcoind #475 (74d6a2fa7866fd8b)
    ✔ test vector from bitcoind #476 (1bc8ad76f9b7c366)
    ✔ test vector from bitcoind #477 (a575fa4f59a8e90c)
    ✔ test vector from bitcoind #478 (a72a760b361af418)
    ✔ test vector from bitcoind #479 (2c45d021db545df7)
    ✔ test vector from bitcoind #480 (32f3c012eca9a823)
    ✔ test vector from bitcoind #481 (c76146f68f430372)
    ✔ test vector from bitcoind #482 (1d849b92eedb9bf2)
    ✔ test vector from bitcoind #483 (bbee17c858251474)
    ✔ test vector from bitcoind #484 (84af1623366c4db6)
    ✔ test vector from bitcoind #485 (ccfdba36d9445f44)
    ✔ test vector from bitcoind #486 (5532717402a2da01)
    ✔ test vector from bitcoind #487 (9a0435996cc58bdb)
    ✔ test vector from bitcoind #488 (1d1757a782cb5860)
    ✔ test vector from bitcoind #489 (e69dba3efb5c02af)
    ✔ test vector from bitcoind #490 (b0dc030661783dd9)
    ✔ test vector from bitcoind #491 (1dec0d5eb921bf5b)
    ✔ test vector from bitcoind #492 (0a2ff41f6d155d8d)
    ✔ test vector from bitcoind #493 (e05e3d383631a7ed)
    ✔ test vector from bitcoind #494 (e657e2c8ec4ebc76)
    ✔ test vector from bitcoind #495 (da86c260d42a6923)
    ✔ test vector from bitcoind #496 (397c68803b7ce953)
    ✔ test vector from bitcoind #497 (fe1dc9e8554deecf)
    ✔ test vector from bitcoind #498 (950f4b4f72ccdf8a)
    ✔ test vector from bitcoind #499 (d5981bd4467817c1)
    ✔ test vector from bitcoind #500 (076b9f844f6ae429)

  TransactionSignature
    ✔ can be created without the `new` keyword
    ✔ can be retrieved from Transaction#getSignatures
    ✔ fails when trying to create from invalid arguments
    ✔ returns the same object if called with a TransactionSignature
    ✔ gets returned by a P2SH multisig output
    ✔ can be aplied to a Transaction with Transaction#addSignature
    serialization
      ✔ serializes to an object and roundtrips correctly
      ✔ can be deserialized with fromObject
      ✔ can deserialize when signature is a buffer
      ✔ can roundtrip to/from json
      ✔ can parse a previously known json string
      ✔ can deserialize a previously known object

  Transaction
    ✔ should serialize and deserialize correctly a given transaction
    ✔ should parse the version as a signed integer
    ✔ fails if an invalid parameter is passed to constructor
    ✔ can serialize to a plain javascript object
    ✔ will not accept NaN as an amount
    ✔ returns the fee correctly
    ✔ will return zero as the fee for a coinbase
    ✔ serialize to Object roundtrip
    ✔ toObject/fromObject with signatures and custom fee
    ✔ toObject/fromObject with p2sh signatures and custom fee
    ✔ toObject/fromObject with p2wsh signatures and custom fee
    ✔ fromObject with pay-to-public-key previous outputs
    ✔ toObject/fromObject with witness, signatures and custom fee
    ✔ toObject/fromObject with nested witness, signatures and custom fee
    ✔ constructor returns a shallow copy of another transaction
    ✔ should display correctly in console
    ✔ standard hash of transaction should be decoded correctly
    ✔ serializes an empty transaction
    ✔ serializes an empty transaction v2
    ✔ serializes and deserializes correctly
    ✔ handles anyone-can-spend utxo
    ✔ handles unsupported utxo in tx object
    ✔ will error if object hash does not match transaction hash
    transaction creation test vector
      ✔ case 1
      ✔ case 2
      ✔ case 3
      ✔ case 4
      ✔ case 5
      ✔ case 6
    adding inputs
      ✔ adds just once one utxo
      isFullySigned
        ✔ works for normal p2pkh
        ✔ works for normal p2wpkh
        ✔ works for wrapped p2wpkh
        ✔ fails when Inputs are not subclassed and isFullySigned is called
        ✔ fails when Inputs are not subclassed and verifySignature is called
        ✔ passes result of input.isValidSignature
    change address
      ✔ can calculate simply the output amount
      ✔ accepts a P2SH address for change
      ✔ accepts a P2WPKH address for change
      ✔ accepts a P2WSH address for change
      ✔ can recalculate the change amount
      ✔ adds no fee if no change is available
      ✔ adds no fee if no money is available
      ✔ adds no change if fee less than DUST_AMOUNT
      ✔ fee can be set up manually
      ✔ fee per kb can be set up manually
      ✔ fee per byte (low fee) can be set up manually
      ✔ fee per byte (high fee) can be set up manually
      ✔ fee per byte can be set up manually
      ✔ fee per byte not enough for change
      ✔ if satoshis are invalid
      ✔ if fee is too small, fail serialization
      ✔ on second call to sign, change is not recalculated
      ✔ getFee() returns the difference between inputs and outputs if no change address set
      ✔ should not under calculate fee
    serialization
      ✔ stores the change address correctly
      ✔ can avoid checked serialize
      ✔ stores the fee set by the user
    checked serialize
      ✔ fails if no change address was set
      ✔ fails if a high fee was set
      ✔ fails if a dust output is created
      ✔ doesn't fail if a dust output is not dust
      ✔ doesn't fail if a dust output is an op_return
      ✔ fails when outputs and fee don't add to total input
      ✔ checks output amount before fee errors
      ✔ will throw fee error with disableMoreOutputThanInput enabled (but not triggered)
      skipping checks
        ✔ can skip the check for too much fee
        ✔ can skip the check for a fee that is too small
        ✔ can skip the check that prevents dust outputs
        ✔ can skip the check that prevents unsigned outputs
        ✔ can skip the check that avoids spending more bitcoins than the inputs for a transaction
    #verify
      ✔ not if _satoshis and _satoshisBN have different values
      ✔ not if _satoshis is negative
      ✔ not if transaction is greater than max block size
      ✔ not if has null input (and not coinbase)
    to and from JSON
      ✔ takes a string that is a valid JSON and deserializes from it
      ✔ serializes the `change` information
      ✔ serializes correctly p2sh multisig signed tx
    serialization of inputs
      ✔ can serialize and deserialize a P2PKH input
      ✔ can serialize and deserialize a P2SH input
      ✔ can serialize and deserialize a P2PWKH input
      ✔ can serialize and deserialize a wrapped P2PWKH input
      ✔ can serialize and deserialize a P2WSH input
    checks on adding inputs
      ✔ fails if no output script is provided
      ✔ fails if no satoshi amount is provided
      ✔ allows output and transaction to be feed as arguments
      ✔ does not allow a threshold number greater than the amount of public keys
      ✔ will add an empty script if not supplied
    removeInput and removeOutput
      ✔ can remove an input by index
      ✔ can remove an input by transaction id
      ✔ fails if the index provided is invalid
      ✔ an output can be removed by index
    handling the nLockTime
      ✔ handles a null locktime
      ✔ handles a simple example
      ✔ accepts a date instance
      ✔ accepts a number instance with a timestamp
      ✔ accepts a block height
      ✔ fails if the block height is too high
      ✔ fails if the date is too early
      ✔ fails if the block height is negative
      ✔ has a non-max sequenceNumber for effective date locktime tx
      ✔ has a non-max sequenceNumber for effective blockheight locktime tx
      ✔ should serialize correctly for date locktime 
      ✔ should serialize correctly for a block height locktime
    inputAmount + outputAmount
      ✔ returns correct values for simple transaction
      ✔ returns correct values for transaction with change
      ✔ returns correct values for coinjoin transaction
    output ordering
      ✔ allows the user to sort outputs according to a criteria
      ✔ allows the user to randomize the output order
      ✔ fails if the provided function does not work as expected
      ✔ shuffle without change
    clearOutputs
      ✔ removes all outputs and maintains the transaction in order
    BIP69 Sorting
      ✔ sorts inputs correctly
      ✔ sorts outputs correctly
      bitcoinjs fixtures
        ✔ Ordered by txId, descending (reverse-byte-order ascending)
        ✔ Ordered by vout, ascending
        ✔ Ordered by txId, then vout
        ✔ BIP69 test vector 1
        ✔ BIP69 test vector 2
        ✔ Ordered by Amount, ascending
        ✔ Ordered by Script, ascending
        ✔ Ordered by Amount, then Script
        ✔ Sorting is irrelevant for equivalent outputs
        ✔ BIP69 test vector 1
        ✔ BIP69 test vector 2
    Replace-by-fee
      #enableRBF
        ✔ only enable inputs not already enabled (0xffffffff)
        ✔ enable for inputs with 0xffffffff and 0xfffffffe
      #isRBF
        ✔ enable and determine opt-in
        ✔ determine opt-out with default sequence number
        ✔ determine opt-out with 0xfffffffe
        ✔ determine opt-out with 0xffffffff
        ✔ determine opt-in with 0xfffffffd (first input)
        ✔ determine opt-in with 0xfffffffd (second input)
    Segregated Witness
      ✔ identify as segwit transaction
      ✔ correctly calculate hash for segwit transaction
      ✔ round trip nested witness p2sh
      verifying
        ✔ will verify these signatures
        Bitcoin Core tests
          ✔ will verify pay-to-compressed publickey (v0) part 1
          ✔ will verify pay-to-compressed publickey (v0) part 2
          ✔ will verify p2sh witness pay-to-compressed pubkey (v0) part 1
          ✔ will verify p2sh witness pay-to-compressed pubkey (v0) part 2
          ✔ will verify witness 2-of-2 multisig (part 1)
          ✔ will verify witness 2-of-2 multisig (part 2)
          ✔ will verify witness 2-of-2 multisig (part 3)
          ✔ will verify p2sh witness 2-of-2 multisig (part 1)
          ✔ will verify p2sh witness 2-of-2 multisig (part 2)
          ✔ will verify p2sh witness 2-of-2 multisig (part 3)
          ✔ will verify witness pay-to-uncompressed-pubkey (v1) part 1
          ✔ will verify witness pay-to-uncompressed-pubkey (v1) part 2
          ✔ will verify p2sh witness pay-to-uncompressed-pubkey (v1) part 1
          ✔ will verify p2sh witness pay-to-uncompressed-pubkey (v1) part 2
      signing
        ✔ will sign with nested p2sh witness program
        ✔ will sign with p2wpkh witness program
        ✔ will sign with p2sh-wrapped-p2wpkh witness program
        ✔ will sign with p2wsh witness program
        ✔ will sign with p2wsh, p2sh, and nested p2sh
        ✔ will sign with p2pkh, p2wpkh, and wrapped p2wpkh
    getSighash
      ✔ should get sighash for publickey input
      ✔ should get sighash for publickeyhash input
      ✔ should get sighash for wrapped publickeyhash input
      ✔ should get sighash for multisig input
      ✔ should get sighash for multisigscripthash input
      ✔ should get sighash for witness multisigscripthash input
      - should get sighash for taproot input

  UnspentOutput
    ✔ roundtrip from raw data
    ✔ can be created without "new" operand
    ✔ fails if no tx id is provided
    ✔ fails if vout is not a number
    ✔ displays nicely on the console
    ✔ toString returns txid:vout
    ✔ to/from JSON roundtrip
    checking the constructor parameters
      ✔ fails when no amount is defined
      ✔ does not fail when amount is zero

  Unit
    ✔ can be created from a number and unit
    ✔ can be created from a number and exchange rate
    ✔ no "new" is required for creating an instance
    ✔ has property accesors "BTC", "mBTC", "uBTC", "bits", and "satoshis"
    ✔ a string amount is allowed
    ✔ should have constructor helpers
    ✔ converts to satoshis correctly
    ✔ takes into account floating point problems
    ✔ exposes unit codes
    ✔ exposes a method that converts to different units
    ✔ exposes shorthand conversion methods
    ✔ can convert to fiat
    ✔ toString works as expected
    ✔ can be imported and exported from/to JSON
    ✔ importing from invalid JSON fails quickly
    ✔ inspect method displays nicely
    ✔ fails when the unit is not recognized
    ✔ fails when the exchange rate is invalid

  URI
    ✔ parses uri strings correctly (test vector)
    ✔ URIs can be validated statically (test vector)
    ✔ fails on creation with no params
    ✔ do not need new keyword
    ✔ should create instance from object
    ✔ should support double slash scheme
    ✔ should input/output String
    ✔ should input/output JSON
    ✔ should support numeric amounts
    ✔ should support extra arguments
    ✔ should generate a valid URI
    ✔ should be case insensitive to protocol
    ✔ writes correctly the "r" parameter on string serialization
    ✔ displays nicely on the console (#inspect)
    ✔ fails early when fromString isn't provided a string
    ✔ fails early when fromJSON isn't provided a valid JSON string
    instantiation from litecoin uri
      ✔ parses address
      ✔ parses amount
      ✔ parses a testnet address
      ✔ stores unknown parameters as "extras"
      ✔ throws error when a required feature is not supported
      ✔ has no false negative when checking supported features

  buffer utils
    equals
      ✔ recognizes these two equal buffers
      ✔ no false positive: returns false with two different buffers
      ✔ coverage: quickly realizes a difference in size and returns false
      ✔ "equals" is an an alias for "equal"
    fill
      ✔ checks arguments
      ✔ works correctly for a small buffer
    isBuffer
      ✔ has no false positive
      ✔ has no false negative
    emptyBuffer
      ✔ creates a buffer filled with zeros
      ✔ checks arguments
    single byte buffer <=> integer
      ✔ integerAsSingleByteBuffer should return a buffer of length 1
      ✔ should check the type
      ✔ works correctly for edge cases
      ✔ does a round trip
    4byte buffer integer <=> integer
      ✔ integerAsBuffer should return a buffer of length 4
      ✔ is little endian
      ✔ should check the type
      ✔ works correctly for edge cases
      ✔ does a round trip
    buffer to hex
      ✔ returns an expected value in hexa
      ✔ checks the argument type
      ✔ round trips
    reverse
      ✔ reverses a buffer

  js utils
    isValidJSON
      ✔ does not mistake an integer as valid json object
      ✔ correctly validates a json object
      ✔ correctly validates an array json object
    isNaturalNumber
      ✔ false for float
      ✔ false for string float
      ✔ false for string integer
      ✔ false for negative integer
      ✔ false for negative integer string
      ✔ false for infinity
      ✔ false for NaN
      ✔ true for zero
      ✔ true for positive integer

  preconditions
    ✔ can be used to assert state
    ✔ throws no false negative
    ✔ can be used to check an argument
    ✔ can be used to check an argument type
    ✔ has no false negatives when used to check an argument type
    ✔ can be used to check an argument type for a class
    ✔ has no false negatives when checking a type for a class
    ✔ formats correctly a message on InvalidArgument()
    ✔ formats correctly a message on checkArgument


  2647 passing (2s)
  5 pending


=============================== Coverage summary ===============================
Statements   : 92.86% ( 5027/5413 )
Branches     : 87.85% ( 2322/2643 )
Functions    : 97.55% ( 677/694 )
Lines        : 92.84% ( 4969/5352 )
================================================================================

Execution of 1 workers started at 2026-09-07T18:57:05.879Z

[0-0] RUNNING in chrome - file:///tests.js
[0-0] PASSED in chrome - file:///tests.js

 "spec" Reporter:
------------------------------------------------------------------
[chrome 150.0.7871.187 mac #0-0] Running: chrome (v150.0.7871.187) on mac
[chrome 150.0.7871.187 mac #0-0] Session ID: 141118ea838352bd2e96290887dd0106
[chrome 150.0.7871.187 mac #0-0]
[chrome 150.0.7871.187 mac #0-0] » file:///tests.js
[chrome 150.0.7871.187 mac #0-0] Transaction
[chrome 150.0.7871.187 mac #0-0]    ✓ should serialize and deserialize correctly a given transaction
[chrome 150.0.7871.187 mac #0-0]    ✓ should parse the version as a signed integer
[chrome 150.0.7871.187 mac #0-0]    ✓ fails if an invalid parameter is passed to constructor
[chrome 150.0.7871.187 mac #0-0]    ✓ can serialize to a plain javascript object
[chrome 150.0.7871.187 mac #0-0]    ✓ will not accept NaN as an amount
[chrome 150.0.7871.187 mac #0-0]    ✓ returns the fee correctly
[chrome 150.0.7871.187 mac #0-0]    ✓ will return zero as the fee for a coinbase
[chrome 150.0.7871.187 mac #0-0]    ✓ serialize to Object roundtrip
[chrome 150.0.7871.187 mac #0-0]    ✓ toObject/fromObject with signatures and custom fee
[chrome 150.0.7871.187 mac #0-0]    ✓ toObject/fromObject with p2sh signatures and custom fee
[chrome 150.0.7871.187 mac #0-0]    ✓ toObject/fromObject with p2wsh signatures and custom fee
[chrome 150.0.7871.187 mac #0-0]    ✓ fromObject with pay-to-public-key previous outputs
[chrome 150.0.7871.187 mac #0-0]    ✓ toObject/fromObject with witness, signatures and custom fee
[chrome 150.0.7871.187 mac #0-0]    ✓ toObject/fromObject with nested witness, signatures and custom fee
[chrome 150.0.7871.187 mac #0-0]    ✓ constructor returns a shallow copy of another transaction
[chrome 150.0.7871.187 mac #0-0]    ✓ should display correctly in console
[chrome 150.0.7871.187 mac #0-0]    ✓ standard hash of transaction should be decoded correctly
[chrome 150.0.7871.187 mac #0-0]    ✓ serializes an empty transaction
[chrome 150.0.7871.187 mac #0-0]    ✓ serializes an empty transaction v2
[chrome 150.0.7871.187 mac #0-0]    ✓ serializes and deserializes correctly
[chrome 150.0.7871.187 mac #0-0]    ✓ handles anyone-can-spend utxo
[chrome 150.0.7871.187 mac #0-0]    ✓ handles unsupported utxo in tx object
[chrome 150.0.7871.187 mac #0-0]    ✓ will error if object hash does not match transaction hash
[chrome 150.0.7871.187 mac #0-0]
[chrome 150.0.7871.187 mac #0-0]     transaction creation test vector
[chrome 150.0.7871.187 mac #0-0]        ✓ case 1
[chrome 150.0.7871.187 mac #0-0]        ✓ case 2
[chrome 150.0.7871.187 mac #0-0]        ✓ case 3
[chrome 150.0.7871.187 mac #0-0]        ✓ case 4
[chrome 150.0.7871.187 mac #0-0]        ✓ case 5
[chrome 150.0.7871.187 mac #0-0]        ✓ case 6
[chrome 150.0.7871.187 mac #0-0]
[chrome 150.0.7871.187 mac #0-0]     adding inputs
[chrome 150.0.7871.187 mac #0-0]        ✓ adds just once one utxo
[chrome 150.0.7871.187 mac #0-0]
[chrome 150.0.7871.187 mac #0-0]         isFullySigned
[chrome 150.0.7871.187 mac #0-0]            ✓ works for normal p2pkh
[chrome 150.0.7871.187 mac #0-0]            ✓ works for normal p2wpkh
[chrome 150.0.7871.187 mac #0-0]            ✓ works for wrapped p2wpkh
[chrome 150.0.7871.187 mac #0-0]            ✓ fails when Inputs are not subclassed and isFullySigned is called
[chrome 150.0.7871.187 mac #0-0]            ✓ fails when Inputs are not subclassed and verifySignature is called
[chrome 150.0.7871.187 mac #0-0]            ✓ passes result of input.isValidSignature
[chrome 150.0.7871.187 mac #0-0]
[chrome 150.0.7871.187 mac #0-0]     change address
[chrome 150.0.7871.187 mac #0-0]        ✓ can calculate simply the output amount
[chrome 150.0.7871.187 mac #0-0]        ✓ accepts a P2SH address for change
[chrome 150.0.7871.187 mac #0-0]        ✓ accepts a P2WPKH address for change
[chrome 150.0.7871.187 mac #0-0]        ✓ accepts a P2WSH address for change
[chrome 150.0.7871.187 mac #0-0]        ✓ can recalculate the change amount
[chrome 150.0.7871.187 mac #0-0]        ✓ adds no fee if no change is available
[chrome 150.0.7871.187 mac #0-0]        ✓ adds no fee if no money is available
[chrome 150.0.7871.187 mac #0-0]        ✓ adds no change if fee less than DUST_AMOUNT
[chrome 150.0.7871.187 mac #0-0]        ✓ fee can be set up manually
[chrome 150.0.7871.187 mac #0-0]        ✓ fee per kb can be set up manually
[chrome 150.0.7871.187 mac #0-0]        ✓ fee per byte (low fee) can be set up manually
[chrome 150.0.7871.187 mac #0-0]        ✓ fee per byte (high fee) can be set up manually
[chrome 150.0.7871.187 mac #0-0]        ✓ fee per byte can be set up manually
[chrome 150.0.7871.187 mac #0-0]        ✓ fee per byte not enough for change
[chrome 150.0.7871.187 mac #0-0]        ✓ if satoshis are invalid
[chrome 150.0.7871.187 mac #0-0]        ✓ if fee is too small, fail serialization
[chrome 150.0.7871.187 mac #0-0]        ✓ on second call to sign, change is not recalculated
[chrome 150.0.7871.187 mac #0-0]        ✓ getFee() returns the difference between inputs and outputs if no change address set
[chrome 150.0.7871.187 mac #0-0]        ✓ should not under calculate fee
[chrome 150.0.7871.187 mac #0-0]
[chrome 150.0.7871.187 mac #0-0]     serialization
[chrome 150.0.7871.187 mac #0-0]        ✓ stores the change address correctly
[chrome 150.0.7871.187 mac #0-0]        ✓ can avoid checked serialize
[chrome 150.0.7871.187 mac #0-0]        ✓ stores the fee set by the user
[chrome 150.0.7871.187 mac #0-0]
[chrome 150.0.7871.187 mac #0-0]     checked serialize
[chrome 150.0.7871.187 mac #0-0]        ✓ fails if no change address was set
[chrome 150.0.7871.187 mac #0-0]        ✓ fails if a high fee was set
[chrome 150.0.7871.187 mac #0-0]        ✓ fails if a dust output is created
[chrome 150.0.7871.187 mac #0-0]        ✓ doesn't fail if a dust output is not dust
[chrome 150.0.7871.187 mac #0-0]        ✓ doesn't fail if a dust output is an op_return
[chrome 150.0.7871.187 mac #0-0]        ✓ fails when outputs and fee don't add to total input
[chrome 150.0.7871.187 mac #0-0]        ✓ checks output amount before fee errors
[chrome 150.0.7871.187 mac #0-0]        ✓ will throw fee error with disableMoreOutputThanInput enabled (but not triggered)
[chrome 150.0.7871.187 mac #0-0]
[chrome 150.0.7871.187 mac #0-0]         skipping checks
[chrome 150.0.7871.187 mac #0-0]            ✓ can skip the check for too much fee
[chrome 150.0.7871.187 mac #0-0]            ✓ can skip the check for a fee that is too small
[chrome 150.0.7871.187 mac #0-0]            ✓ can skip the check that prevents dust outputs
[chrome 150.0.7871.187 mac #0-0]            ✓ can skip the check that prevents unsigned outputs
[chrome 150.0.7871.187 mac #0-0]            ✓ can skip the check that avoids spending more bitcoins than the inputs for a transaction
[chrome 150.0.7871.187 mac #0-0]
[chrome 150.0.7871.187 mac #0-0]     #verify
[chrome 150.0.7871.187 mac #0-0]        ✓ not if _satoshis and _satoshisBN have different values
[chrome 150.0.7871.187 mac #0-0]        ✓ not if _satoshis is negative
[chrome 150.0.7871.187 mac #0-0]        ✓ not if transaction is greater than max block size
[chrome 150.0.7871.187 mac #0-0]        ✓ not if has null input (and not coinbase)
[chrome 150.0.7871.187 mac #0-0]
[chrome 150.0.7871.187 mac #0-0]     to and from JSON
[chrome 150.0.7871.187 mac #0-0]        ✓ takes a string that is a valid JSON and deserializes from it
[chrome 150.0.7871.187 mac #0-0]        ✓ serializes the `change` information
[chrome 150.0.7871.187 mac #0-0]        ✓ serializes correctly p2sh multisig signed tx
[chrome 150.0.7871.187 mac #0-0]
[chrome 150.0.7871.187 mac #0-0]     serialization of inputs
[chrome 150.0.7871.187 mac #0-0]        ✓ can serialize and deserialize a P2PKH input
[chrome 150.0.7871.187 mac #0-0]        ✓ can serialize and deserialize a P2SH input
[chrome 150.0.7871.187 mac #0-0]        ✓ can serialize and deserialize a P2PWKH input
[chrome 150.0.7871.187 mac #0-0]        ✓ can serialize and deserialize a wrapped P2PWKH input
[chrome 150.0.7871.187 mac #0-0]        ✓ can serialize and deserialize a P2WSH input
[chrome 150.0.7871.187 mac #0-0]
[chrome 150.0.7871.187 mac #0-0]     checks on adding inputs
[chrome 150.0.7871.187 mac #0-0]        ✓ fails if no output script is provided
[chrome 150.0.7871.187 mac #0-0]        ✓ fails if no satoshi amount is provided
[chrome 150.0.7871.187 mac #0-0]        ✓ allows output and transaction to be feed as arguments
[chrome 150.0.7871.187 mac #0-0]        ✓ does not allow a threshold number greater than the amount of public keys
[chrome 150.0.7871.187 mac #0-0]        ✓ will add an empty script if not supplied
[chrome 150.0.7871.187 mac #0-0]
[chrome 150.0.7871.187 mac #0-0]     removeInput and removeOutput
[chrome 150.0.7871.187 mac #0-0]        ✓ can remove an input by index
[chrome 150.0.7871.187 mac #0-0]        ✓ can remove an input by transaction id
[chrome 150.0.7871.187 mac #0-0]        ✓ fails if the index provided is invalid
[chrome 150.0.7871.187 mac #0-0]        ✓ an output can be removed by index
[chrome 150.0.7871.187 mac #0-0]
[chrome 150.0.7871.187 mac #0-0]     handling the nLockTime
[chrome 150.0.7871.187 mac #0-0]        ✓ handles a null locktime
[chrome 150.0.7871.187 mac #0-0]        ✓ handles a simple example
[chrome 150.0.7871.187 mac #0-0]        ✓ accepts a date instance
[chrome 150.0.7871.187 mac #0-0]        ✓ accepts a number instance with a timestamp
[chrome 150.0.7871.187 mac #0-0]        ✓ accepts a block height
[chrome 150.0.7871.187 mac #0-0]        ✓ fails if the block height is too high
[chrome 150.0.7871.187 mac #0-0]        ✓ fails if the date is too early
[chrome 150.0.7871.187 mac #0-0]        ✓ fails if the block height is negative
[chrome 150.0.7871.187 mac #0-0]        ✓ has a non-max sequenceNumber for effective date locktime tx
[chrome 150.0.7871.187 mac #0-0]        ✓ has a non-max sequenceNumber for effective blockheight locktime tx
[chrome 150.0.7871.187 mac #0-0]        ✓ should serialize correctly for date locktime
[chrome 150.0.7871.187 mac #0-0]        ✓ should serialize correctly for a block height locktime
[chrome 150.0.7871.187 mac #0-0]
[chrome 150.0.7871.187 mac #0-0]     inputAmount + outputAmount
[chrome 150.0.7871.187 mac #0-0]        ✓ returns correct values for simple transaction
[chrome 150.0.7871.187 mac #0-0]        ✓ returns correct values for transaction with change
[chrome 150.0.7871.187 mac #0-0]        ✓ returns correct values for coinjoin transaction
[chrome 150.0.7871.187 mac #0-0]
[chrome 150.0.7871.187 mac #0-0]     output ordering
[chrome 150.0.7871.187 mac #0-0]        ✓ allows the user to sort outputs according to a criteria
[chrome 150.0.7871.187 mac #0-0]        ✓ allows the user to randomize the output order
[chrome 150.0.7871.187 mac #0-0]        ✓ fails if the provided function does not work as expected
[chrome 150.0.7871.187 mac #0-0]        ✓ shuffle without change
[chrome 150.0.7871.187 mac #0-0]
[chrome 150.0.7871.187 mac #0-0]     clearOutputs
[chrome 150.0.7871.187 mac #0-0]        ✓ removes all outputs and maintains the transaction in order
[chrome 150.0.7871.187 mac #0-0]
[chrome 150.0.7871.187 mac #0-0]     BIP69 Sorting
[chrome 150.0.7871.187 mac #0-0]        ✓ sorts inputs correctly
[chrome 150.0.7871.187 mac #0-0]        ✓ sorts outputs correctly
[chrome 150.0.7871.187 mac #0-0]
[chrome 150.0.7871.187 mac #0-0]         bitcoinjs fixtures
[chrome 150.0.7871.187 mac #0-0]            ✓ Ordered by txId, descending (reverse-byte-order ascending)
[chrome 150.0.7871.187 mac #0-0]            ✓ Ordered by vout, ascending
[chrome 150.0.7871.187 mac #0-0]            ✓ Ordered by txId, then vout
[chrome 150.0.7871.187 mac #0-0]            ✓ BIP69 test vector 1
[chrome 150.0.7871.187 mac #0-0]            ✓ BIP69 test vector 2
[chrome 150.0.7871.187 mac #0-0]            ✓ Ordered by Amount, ascending
[chrome 150.0.7871.187 mac #0-0]            ✓ Ordered by Script, ascending
[chrome 150.0.7871.187 mac #0-0]            ✓ Ordered by Amount, then Script
[chrome 150.0.7871.187 mac #0-0]            ✓ Sorting is irrelevant for equivalent outputs
[chrome 150.0.7871.187 mac #0-0]            ✓ BIP69 test vector 1
[chrome 150.0.7871.187 mac #0-0]            ✓ BIP69 test vector 2
[chrome 150.0.7871.187 mac #0-0]
[chrome 150.0.7871.187 mac #0-0]     Replace-by-fee
[chrome 150.0.7871.187 mac #0-0]         #enableRBF
[chrome 150.0.7871.187 mac #0-0]            ✓ only enable inputs not already enabled (0xffffffff)
[chrome 150.0.7871.187 mac #0-0]            ✓ enable for inputs with 0xffffffff and 0xfffffffe
[chrome 150.0.7871.187 mac #0-0]
[chrome 150.0.7871.187 mac #0-0]         #isRBF
[chrome 150.0.7871.187 mac #0-0]            ✓ enable and determine opt-in
[chrome 150.0.7871.187 mac #0-0]            ✓ determine opt-out with default sequence number
[chrome 150.0.7871.187 mac #0-0]            ✓ determine opt-out with 0xfffffffe
[chrome 150.0.7871.187 mac #0-0]            ✓ determine opt-out with 0xffffffff
[chrome 150.0.7871.187 mac #0-0]            ✓ determine opt-in with 0xfffffffd (first input)
[chrome 150.0.7871.187 mac #0-0]            ✓ determine opt-in with 0xfffffffd (second input)
[chrome 150.0.7871.187 mac #0-0]
[chrome 150.0.7871.187 mac #0-0]     Segregated Witness
[chrome 150.0.7871.187 mac #0-0]        ✓ identify as segwit transaction
[chrome 150.0.7871.187 mac #0-0]        ✓ correctly calculate hash for segwit transaction
[chrome 150.0.7871.187 mac #0-0]        ✓ round trip nested witness p2sh
[chrome 150.0.7871.187 mac #0-0]
[chrome 150.0.7871.187 mac #0-0]         verifying
[chrome 150.0.7871.187 mac #0-0]            ✓ will verify these signatures
[chrome 150.0.7871.187 mac #0-0]
[chrome 150.0.7871.187 mac #0-0]             Bitcoin Core tests
[chrome 150.0.7871.187 mac #0-0]                ✓ will verify pay-to-compressed publickey (v0) part 1
[chrome 150.0.7871.187 mac #0-0]                ✓ will verify pay-to-compressed publickey (v0) part 2
[chrome 150.0.7871.187 mac #0-0]                ✓ will verify p2sh witness pay-to-compressed pubkey (v0) part 1
[chrome 150.0.7871.187 mac #0-0]                ✓ will verify p2sh witness pay-to-compressed pubkey (v0) part 2
[chrome 150.0.7871.187 mac #0-0]                ✓ will verify witness 2-of-2 multisig (part 1)
[chrome 150.0.7871.187 mac #0-0]                ✓ will verify witness 2-of-2 multisig (part 2)
[chrome 150.0.7871.187 mac #0-0]                ✓ will verify witness 2-of-2 multisig (part 3)
[chrome 150.0.7871.187 mac #0-0]                ✓ will verify p2sh witness 2-of-2 multisig (part 1)
[chrome 150.0.7871.187 mac #0-0]                ✓ will verify p2sh witness 2-of-2 multisig (part 2)
[chrome 150.0.7871.187 mac #0-0]                ✓ will verify p2sh witness 2-of-2 multisig (part 3)
[chrome 150.0.7871.187 mac #0-0]                ✓ will verify witness pay-to-uncompressed-pubkey (v1) part 1
[chrome 150.0.7871.187 mac #0-0]                ✓ will verify witness pay-to-uncompressed-pubkey (v1) part 2
[chrome 150.0.7871.187 mac #0-0]                ✓ will verify p2sh witness pay-to-uncompressed-pubkey (v1) part 1
[chrome 150.0.7871.187 mac #0-0]                ✓ will verify p2sh witness pay-to-uncompressed-pubkey (v1) part 2
[chrome 150.0.7871.187 mac #0-0]
[chrome 150.0.7871.187 mac #0-0]         signing
[chrome 150.0.7871.187 mac #0-0]            ✓ will sign with nested p2sh witness program
[chrome 150.0.7871.187 mac #0-0]            ✓ will sign with p2wpkh witness program
[chrome 150.0.7871.187 mac #0-0]            ✓ will sign with p2sh-wrapped-p2wpkh witness program
[chrome 150.0.7871.187 mac #0-0]            ✓ will sign with p2wsh witness program
[chrome 150.0.7871.187 mac #0-0]            ✓ will sign with p2wsh, p2sh, and nested p2sh
[chrome 150.0.7871.187 mac #0-0]            ✓ will sign with p2pkh, p2wpkh, and wrapped p2wpkh
[chrome 150.0.7871.187 mac #0-0]
[chrome 150.0.7871.187 mac #0-0]     getSighash
[chrome 150.0.7871.187 mac #0-0]        ✓ should get sighash for publickey input
[chrome 150.0.7871.187 mac #0-0]        ✓ should get sighash for publickeyhash input
[chrome 150.0.7871.187 mac #0-0]        ✓ should get sighash for wrapped publickeyhash input
[chrome 150.0.7871.187 mac #0-0]        ✓ should get sighash for multisig input
[chrome 150.0.7871.187 mac #0-0]        ✓ should get sighash for multisigscripthash input
[chrome 150.0.7871.187 mac #0-0]        ✓ should get sighash for witness multisigscripthash input
[chrome 150.0.7871.187 mac #0-0]        - should get sighash for taproot input
[chrome 150.0.7871.187 mac #0-0]
[chrome 150.0.7871.187 mac #0-0] PublicKeyHashInput
[chrome 150.0.7871.187 mac #0-0]    ✓ can count missing signatures
[chrome 150.0.7871.187 mac #0-0]    ✓ it's size can be estimated
[chrome 150.0.7871.187 mac #0-0]    ✓ it's signature can be removed
[chrome 150.0.7871.187 mac #0-0]    ✓ returns an empty array if private key mismatches
[chrome 150.0.7871.187 mac #0-0]
[chrome 150.0.7871.187 mac #0-0] MultiSigInput
[chrome 150.0.7871.187 mac #0-0]    ✓ can count missing signatures
[chrome 150.0.7871.187 mac #0-0]    ✓ can count missing signatures, signed with key 3 and 1
[chrome 150.0.7871.187 mac #0-0]    ✓ returns a list of public keys with missing signatures
[chrome 150.0.7871.187 mac #0-0]    ✓ can clear all signatures
[chrome 150.0.7871.187 mac #0-0]    ✓ can estimate how heavy is the output going to be
[chrome 150.0.7871.187 mac #0-0]    ✓ uses SIGHASH_ALL by default
[chrome 150.0.7871.187 mac #0-0]    ✓ roundtrips to/from object
[chrome 150.0.7871.187 mac #0-0]    ✓ roundtrips to/from object when not signed
[chrome 150.0.7871.187 mac #0-0]    ✓ can parse list of signature buffers, from TX signed with key 1 and 2
[chrome 150.0.7871.187 mac #0-0]    ✓ can parse list of signature buffers, from TX signed with key 3 and 1
[chrome 150.0.7871.187 mac #0-0]
[chrome 150.0.7871.187 mac #0-0] MultiSigScriptHashInput
[chrome 150.0.7871.187 mac #0-0]    ✓ can count missing signatures
[chrome 150.0.7871.187 mac #0-0]    ✓ returns a list of public keys with missing signatures
[chrome 150.0.7871.187 mac #0-0]    ✓ can clear all signatures
[chrome 150.0.7871.187 mac #0-0]    ✓ can estimate how heavy is the output going to be
[chrome 150.0.7871.187 mac #0-0]    ✓ uses SIGHASH_ALL by default
[chrome 150.0.7871.187 mac #0-0]    ✓ roundtrips to/from object
[chrome 150.0.7871.187 mac #0-0]    ✓ roundtrips to/from object when not signed
[chrome 150.0.7871.187 mac #0-0]    ✓ will get the scriptCode for nested witness
[chrome 150.0.7871.187 mac #0-0]    ✓ will get the satoshis buffer for nested witness
[chrome 150.0.7871.187 mac #0-0]
[chrome 150.0.7871.187 mac #0-0]     P2WSH
[chrome 150.0.7871.187 mac #0-0]        ✓ can count missing signatures
[chrome 150.0.7871.187 mac #0-0]        ✓ returns a list of public keys with missing signatures
[chrome 150.0.7871.187 mac #0-0]        ✓ can clear all signatures
[chrome 150.0.7871.187 mac #0-0]        ✓ can estimate how heavy is the output going to be
[chrome 150.0.7871.187 mac #0-0]        ✓ uses SIGHASH_ALL by default
[chrome 150.0.7871.187 mac #0-0]        ✓ roundtrips to/from object
[chrome 150.0.7871.187 mac #0-0]        ✓ roundtrips to/from object when not signed
[chrome 150.0.7871.187 mac #0-0]        ✓ will get the scriptCode
[chrome 150.0.7871.187 mac #0-0]        ✓ will get the satoshis buffer
[chrome 150.0.7871.187 mac #0-0]
[chrome 150.0.7871.187 mac #0-0] PublicKeyInput
[chrome 150.0.7871.187 mac #0-0]    ✓ will correctly sign a publickey out transaction
[chrome 150.0.7871.187 mac #0-0]    ✓ count can count missing signatures
[chrome 150.0.7871.187 mac #0-0]    ✓ it's size can be estimated
[chrome 150.0.7871.187 mac #0-0]    ✓ it's signature can be removed
[chrome 150.0.7871.187 mac #0-0]    ✓ returns an empty array if private key mismatches
[chrome 150.0.7871.187 mac #0-0]
[chrome 150.0.7871.187 mac #0-0] Transaction.Input
[chrome 150.0.7871.187 mac #0-0]    ✓ has abstract methods: "getSignatures", "isFullySigned", "addSignature", "clearSignatures"
[chrome 150.0.7871.187 mac #0-0]    ✓ detects coinbase transactions
[chrome 150.0.7871.187 mac #0-0]    ✓ _estimateSize returns correct size
[chrome 150.0.7871.187 mac #0-0]
[chrome 150.0.7871.187 mac #0-0]     instantiation
[chrome 150.0.7871.187 mac #0-0]        ✓ works without new
[chrome 150.0.7871.187 mac #0-0]        ✓ fails with no script info
[chrome 150.0.7871.187 mac #0-0]        ✓ fromObject should work
[chrome 150.0.7871.187 mac #0-0]        ✓ fromObject should work
[chrome 150.0.7871.187 mac #0-0]
[chrome 150.0.7871.187 mac #0-0] sighash
[chrome 150.0.7871.187 mac #0-0]    ✓ test vector from bitcoind #1 (31af167a6cf3f9d5)
[chrome 150.0.7871.187 mac #0-0]    ✓ test vector from bitcoind #2 (48d6a1bd2cd9eec5)
[chrome 150.0.7871.187 mac #0-0]    ✓ test vector from bitcoind #3 (2a3d95b09237b720)
[chrome 150.0.7871.187 mac #0-0]    ✓ test vector from bitcoind #4 (06e328de263a87b0)
[chrome 150.0.7871.187 mac #0-0]    ✓ test vector from bitcoind #5 (f03aa4fc5f97e826)
[chrome 150.0.7871.187 mac #0-0]    ✓ test vector from bitcoind #6 (746306f322de2b4b)
[chrome 150.0.7871.187 mac #0-0]    ✓ test vector from bitcoind #7 (5c9d3a2ce9365bb7)
[chrome 150.0.7871.187 mac #0-0]    ✓ test vector from bitcoind #8 (c336b2f7d3702fbb)
[chrome 150.0.7871.187 mac #0-0]    ✓ test vector from bitcoind #9 (29aa6d2d752d3310)
[chrome 150.0.7871.187 mac #0-0]    ✓ test vector from bitcoind #10 (bf5fdc314ded2372)
[chrome 150.0.7871.187 mac #0-0]    ✓ test vector from bitcoind #11 (191ab180b0d75376)
[chrome 150.0.7871.187 mac #0-0]    ✓ test vector from bitcoind #12 (b6632ac53578a741)
[chrome 150.0.7871.187 mac #0-0]    ✓ test vector from bitcoind #13 (6e3735d37a4b28c4)
[chrome 150.0.7871.187 mac #0-0]    ✓ test vector from bitcoind #14 (d76d0fc0abfa72d6)
[chrome 150.0.7871.187 mac #0-0]    ✓ test vector from bitcoind #15 (6e48f3da3a4ac07e)
[chrome 150.0.7871.187 mac #0-0]    ✓ test vector from bitcoind #16 (c6076b6a45e6fcfb)
[chrome 150.0.7871.187 mac #0-0]    ✓ test vector from bitcoind #17 (aeb8c5a62e8a0b57)
[chrome 150.0.7871.187 mac #0-0]    ✓ test vector from bitcoind #18 (a6e6cb69f409ec14)
[chrome 150.0.7871.187 mac #0-0]    ✓ test vector from bitcoind #19 (7ca0f75e6530ec9f)
[chrome 150.0.7871.187 mac #0-0]    ✓ test vector from bitcoind #20 (58294f0d7f2e68fe)
[chrome 150.0.7871.187 mac #0-0]    ✓ test vector from bitcoind #21 (8b300032a1915a4a)
[chrome 150.0.7871.187 mac #0-0]    ✓ test vector from bitcoind #22 (d55ed1e6c53510f2)
[chrome 150.0.7871.187 mac #0-0]    ✓ test vector from bitcoind #23 (2765bbdcd3ebb8b1)
[chrome 150.0.7871.187 mac #0-0]    ✓ test vector from bitcoind #24 (663c999a52288c99)
[chrome 150.0.7871.187 mac #0-0]    ✓ test vector from bitcoind #25 (b9c3aee8515a4a3b)
[chrome 150.0.7871.187 mac #0-0]    ✓ test vector from bitcoind #26 (be567cb47170b34f)
[chrome 150.0.7871.187 mac #0-0]    ✓ test vector from bitcoind #27 (2149e79c3f4513da)
[chrome 150.0.7871.187 mac #0-0]    ✓ test vector from bitcoind #28 (32db877b6b1ca556)
[chrome 150.0.7871.187 mac #0-0]    ✓ test vector from bitcoind #29 (edf73e2396694e58)
[chrome 150.0.7871.187 mac #0-0]    ✓ test vector from bitcoind #30 (f0a2deee7fd8a3a9)
[chrome 150.0.7871.187 mac #0-0]    ✓ test vector from bitcoind #31 (aa418d096929394c)
[chrome 150.0.7871.187 mac #0-0]    ✓ test vector from bitcoind #32 (eb9ceecc3b401224)
[chrome 150.0.7871.187 mac #0-0]    ✓ test vector from bitcoind #33 (88fdee1c2d4aeead)
[chrome 150.0.7871.187 mac #0-0]    ✓ test vector from bitcoind #34 (f6a1ecb50bd7c259)
[chrome 150.0.7871.187 mac #0-0]    ✓ test vector from bitcoind #35 (f7efb74b1dcc49d3)
[chrome 150.0.7871.187 mac #0-0]    ✓ test vector from bitcoind #36 (f2286001af0b0170)
[chrome 150.0.7871.187 mac #0-0]    ✓ test vector from bitcoind #37 (30df2473e1403e2b)
[chrome 150.0.7871.187 mac #0-0]    ✓ test vector from bitcoind #38 (7f21b62267ed5246)
[chrome 150.0.7871.187 mac #0-0]    ✓ test vector from bitcoind #39 (8af0b4cbdbc011be)
[chrome 150.0.7871.187 mac #0-0]    ✓ test vector from bitcoind #40 (40ed8e7bbbd893e1)
[chrome 150.0.7871.187 mac #0-0]    ✓ test vector from bitcoind #41 (136beb95459fe6b1)
[chrome 150.0.7871.187 mac #0-0]    ✓ test vector from bitcoind #42 (9eb8adf2caecb4bf)
[chrome 150.0.7871.187 mac #0-0]    ✓ test vector from bitcoind #43 (5ca70e727d91b1a4)
[chrome 150.0.7871.187 mac #0-0]    ✓ test vector from bitcoind #44 (2be27a686eb7940d)
[chrome 150.0.7871.187 mac #0-0]    ✓ test vector from bitcoind #45 (49c8a6940a461cc7)
[chrome 150.0.7871.187 mac #0-0]    ✓ test vector from bitcoind #46 (7f208df9a5507e98)
[chrome 150.0.7871.187 mac #0-0]    ✓ test vector from bitcoind #47 (5fa09d43c8aef6f6)
[chrome 150.0.7871.187 mac #0-0]    ✓ test vector from bitcoind #48 (713ddeeefcfe0492)
[chrome 150.0.7871.187 mac #0-0]    ✓ test vector from bitcoind #49 (fe42f73a8742676e)
[chrome 150.0.7871.187 mac #0-0]    ✓ test vector from bitcoind #50 (551ce975d58647f1)
[chrome 150.0.7871.187 mac #0-0]    ✓ test vector from bitcoind #51 (069f38fd5d47abff)
[chrome 150.0.7871.187 mac #0-0]    ✓ test vector from bitcoind #52 (6da32416deb45a0d)
[chrome 150.0.7871.187 mac #0-0]    ✓ test vector from bitcoind #53 (76c4013c40bfa148)
[chrome 150.0.7871.187 mac #0-0]    ✓ test vector from bitcoind #54 (fb7eca81d816354b)
[chrome 150.0.7871.187 mac #0-0]    ✓ test vector from bitcoind #55 (8085e904164ab9a8)
[chrome 150.0.7871.187 mac #0-0]    ✓ test vector from bitcoind #56 (9db4e320208185ee)
[chrome 150.0.7871.187 mac #0-0]    ✓ test vector from bitcoind #57 (0133f1a161363b71)
[chrome 150.0.7871.187 mac #0-0]    ✓ test vector from bitcoind #58 (d1df1f4bba2484cf)
[chrome 150.0.7871.187 mac #0-0]    ✓ test vector from bitcoind #59 (40b4f03c68288bdc)
[chrome 150.0.7871.187 mac #0-0]    ✓ test vector from bitcoind #60 (2ef025e907f0fa45)
[chrome 150.0.7871.187 mac #0-0]    ✓ test vector from bitcoind #61 (1f8a3aca573a609f)
[chrome 150.0.7871.187 mac #0-0]    ✓ test vector from bitcoind #62 (0d17a92c8d5041ba)
[chrome 150.0.7871.187 mac #0-0]    ✓ test vector from bitcoind #63 (8221d5dfb75fc301)
[chrome 150.0.7871.187 mac #0-0]    ✓ test vector from bitcoind #64 (13e8b5ab4e5b2cee)
[chrome 150.0.7871.187 mac #0-0]    ✓ test vector from bitcoind #65 (87ddf1f9acb66404)
[chrome 150.0.7871.187 mac #0-0]    ✓ test vector from bitcoind #66 (da8405db28726dc4)
[chrome 150.0.7871.187 mac #0-0]    ✓ test vector from bitcoind #67 (ed53cc766cf7cb80)
[chrome 150.0.7871.187 mac #0-0]    ✓ test vector from bitcoind #68 (e1a2568540999070)
[chrome 150.0.7871.187 mac #0-0]    ✓ test vector from bitcoind #69 (abe441209165d25b)
[chrome 150.0.7871.187 mac #0-0]    ✓ test vector from bitcoind #70 (0dd1bd5c25533bf5)
[chrome 150.0.7871.187 mac #0-0]    ✓ test vector from bitcoind #71 (73fe22099c826c34)
[chrome 150.0.7871.187 mac #0-0]    ✓ test vector from bitcoind #72 (eea96a48ee572aea)
[chrome 150.0.7871.187 mac #0-0]    ✓ test vector from bitcoind #73 (5ec805e74ee934aa)
[chrome 150.0.7871.187 mac #0-0]    ✓ test vector from bitcoind #74 (42f5ba6f5fe1e00e)
[chrome 150.0.7871.187 mac #0-0]    ✓ test vector from bitcoind #75 (8449d5247071325e)
[chrome 150.0.7871.187 mac #0-0]    ✓ test vector from bitcoind #76 (f98f95d0c5ec3ac3)
[chrome 150.0.7871.187 mac #0-0]    ✓ test vector from bitcoind #77 (f79e6b776e2592ba)
[chrome 150.0.7871.187 mac #0-0]    ✓ test vector from bitcoind #78 (771d4d87f1591a13)
[chrome 150.0.7871.187 mac #0-0]    ✓ test vector from bitcoind #79 (726bb88cdf3af2f7)
[chrome 150.0.7871.187 mac #0-0]    ✓ test vector from bitcoind #80 (1e0da47eedbbb381)
[chrome 150.0.7871.187 mac #0-0]    ✓ test vector from bitcoind #81 (55591346aec65298)
[chrome 150.0.7871.187 mac #0-0]    ✓ test vector from bitcoind #82 (f5b38b0f06e246e4)
[chrome 150.0.7871.187 mac #0-0]    ✓ test vector from bitcoind #83 (eb2d8dea38e9175d)
[chrome 150.0.7871.187 mac #0-0]    ✓ test vector from bitcoind #84 (13d12a51598b3485)
[chrome 150.0.7871.187 mac #0-0]    ✓ test vector from bitcoind #85 (53ab197fa7e27b8a)
[chrome 150.0.7871.187 mac #0-0]    ✓ test vector from bitcoind #86 (93c34627f526d73f)
[chrome 150.0.7871.187 mac #0-0]    ✓ test vector from bitcoind #87 (bbc9069b8615f3a5)
[chrome 150.0.7871.187 mac #0-0]    ✓ test vector from bitcoind #88 (5848d93491044d7f)
[chrome 150.0.7871.187 mac #0-0]    ✓ test vector from bitcoind #89 (603a9b61cd30fcea)
[chrome 150.0.7871.187 mac #0-0]    ✓ test vector from bitcoind #90 (3b320dd47f270245)
[chrome 150.0.7871.187 mac #0-0]    ✓ test vector from bitcoind #91 (079fa62e9d9d7654)
[chrome 150.0.7871.187 mac #0-0]    ✓ test vector from bitcoind #92 (2921a0e5e3ba83c5)
[chrome 150.0.7871.187 mac #0-0]    ✓ test vector from bitcoind #93 (4aae6648f856994b)
[chrome 150.0.7871.187 mac #0-0]    ✓ test vector from bitcoind #94 (3f988922d8cd11c7)
[chrome 150.0.7871.187 mac #0-0]    ✓ test vector from bitcoind #95 (bd36a50e0e0a4ecb)
[chrome 150.0.7871.187 mac #0-0]    ✓ test vector from bitcoind #96 (41bead1b073e1e9f)
[chrome 150.0.7871.187 mac #0-0]    ✓ test vector from bitcoind #97 (71dfcd2eb7f2e647)
[chrome 150.0.7871.187 mac #0-0]    ✓ test vector from bitcoind #98 (0d31a221c69bd322)
[chrome 150.0.7871.187 mac #0-0]    ✓ test vector from bitcoind #99 (daec2af5622bbe22)
[chrome 150.0.7871.187 mac #0-0]    ✓ test vector from bitcoind #100 (75a7db0df41485a2)
[chrome 150.0.7871.187 mac #0-0]    ✓ test vector from bitcoind #101 (ced7ef84aad4097e)
[chrome 150.0.7871.187 mac #0-0]    ✓ test vector from bitcoind #102 (c503001c16fbff82)
[chrome 150.0.7871.187 mac #0-0]    ✓ test vector from bitcoind #103 (e84444d91580da41)
[chrome 150.0.7871.187 mac #0-0]    ✓ test vector from bitcoind #104 (ef4bd7622eb7b2bb)
[chrome 150.0.7871.187 mac #0-0]    ✓ test vector from bitcoind #105 (4012f5ff2f1238a0)
[chrome 150.0.7871.187 mac #0-0]    ✓ test vector from bitcoind #106 (e1600e6df8a6160a)
[chrome 150.0.7871.187 mac #0-0]    ✓ test vector from bitcoind #107 (05cf0ec9c61f1a15)
[chrome 150.0.7871.187 mac #0-0]    ✓ test vector from bitcoind #108 (d309da5afd91b7af)
[chrome 150.0.7871.187 mac #0-0]    ✓ test vector from bitcoind #109 (72b7da10704c3ca7)
[chrome 150.0.7871.187 mac #0-0]    ✓ test vector from bitcoind #110 (393aa6c758e0eed1)
[chrome 150.0.7871.187 mac #0-0]    ✓ test vector from bitcoind #111 (60b7544319b42e41)
[chrome 150.0.7871.187 mac #0-0]    ✓ test vector from bitcoind #112 (6a9ac3f7da4c7735)
[chrome 150.0.7871.187 mac #0-0]    ✓ test vector from bitcoind #113 (cfe147982afacde0)
[chrome 150.0.7871.187 mac #0-0]    ✓ test vector from bitcoind #114 (35e94b3776a6729d)
[chrome 150.0.7871.187 mac #0-0]    ✓ test vector from bitcoind #115 (ee4ea49d2aae0dbb)
[chrome 150.0.7871.187 mac #0-0]    ✓ test vector from bitcoind #116 (299dcaac2bdaa627)
[chrome 150.0.7871.187 mac #0-0]    ✓ test vector from bitcoind #117 (a4c0773204ab418a)
[chrome 150.0.7871.187 mac #0-0]    ✓ test vector from bitcoind #118 (cc180c4f797c16a6)
[chrome 150.0.7871.187 mac #0-0]    ✓ test vector from bitcoind #119 (566953eb806d40a9)
[chrome 150.0.7871.187 mac #0-0]    ✓ test vector from bitcoind #120 (6e6307cef4f3a9b3)
[chrome 150.0.7871.187 mac #0-0]    ✓ test vector from bitcoind #121 (577bf2b3520b40ae)
[chrome 150.0.7871.187 mac #0-0]    ✓ test vector from bitcoind #122 (730bc25699b46703)
[chrome 150.0.7871.187 mac #0-0]    ✓ test vector from bitcoind #123 (66c488603b2bc53f)
[chrome 150.0.7871.187 mac #0-0]    ✓ test vector from bitcoind #124 (051c0df7ac688c2c)
[chrome 150.0.7871.187 mac #0-0]    ✓ test vector from bitcoind #125 (ddfd902bba312a06)
[chrome 150.0.7871.187 mac #0-0]    ✓ test vector from bitcoind #126 (96c2b32f0a00a592)
[chrome 150.0.7871.187 mac #0-0]    ✓ test vector from bitcoind #127 (bf078519fa87b79f)
[chrome 150.0.7871.187 mac #0-0]    ✓ test vector from bitcoind #128 (e33d5ee08c0f3c13)
[chrome 150.0.7871.187 mac #0-0]    ✓ test vector from bitcoind #129 (8b57a7c3170c6c02)
[chrome 150.0.7871.187 mac #0-0]    ✓ test vector from bitcoind #130 (3cb5b030e7da0b60)
[chrome 150.0.7871.187 mac #0-0]    ✓ test vector from bitcoind #131 (add7f5da27262f13)
[chrome 150.0.7871.187 mac #0-0]    ✓ test vector from bitcoind #132 (883a6ea3b2cc53fe)
[chrome 150.0.7871.187 mac #0-0]    ✓ test vector from bitcoind #133 (b5dab912bcabedff)
[chrome 150.0.7871.187 mac #0-0]    ✓ test vector from bitcoind #134 (7fc74de39ce6ca46)
[chrome 150.0.7871.187 mac #0-0]    ✓ test vector from bitcoind #135 (ab6baa6da3b2bc85)
[chrome 150.0.7871.187 mac #0-0]    ✓ test vector from bitcoind #136 (91178482112f94d1)
[chrome 150.0.7871.187 mac #0-0]    ✓ test vector from bitcoind #137 (5e1849e7368cf4f0)
[chrome 150.0.7871.187 mac #0-0]    ✓ test vector from bitcoind #138 (e9995065e1fddef7)
[chrome 150.0.7871.187 mac #0-0]    ✓ test vector from bitcoind #139 (0e9c47973ef2c292)
[chrome 150.0.7871.187 mac #0-0]    ✓ test vector from bitcoind #140 (32154c09174a9906)
[chrome 150.0.7871.187 mac #0-0]    ✓ test vector from bitcoind #141 (4605ae5fd3d50f9c)
[chrome 150.0.7871.187 mac #0-0]    ✓ test vector from bitcoind #142 (ff9d7394002f3f19)
[chrome 150.0.7871.187 mac #0-0]    ✓ test vector from bitcoind #143 (59fc2959bb7bb245)
[chrome 150.0.7871.187 mac #0-0]    ✓ test vector from bitcoind #144 (e9f53d531c12cce1)
[chrome 150.0.7871.187 mac #0-0]    ✓ test vector from bitcoind #145 (fb51eb9d7e47d32f)
[chrome 150.0.7871.187 mac #0-0]    ✓ test vector from bitcoind #146 (57a34ddeb1bf36d2)
[chrome 150.0.7871.187 mac #0-0]    ✓ test vector from bitcoind #147 (edb7c74223d1f10f)
[chrome 150.0.7871.187 mac #0-0]    ✓ test vector from bitcoind #148 (f0672638a0e568a9)
[chrome 150.0.7871.187 mac #0-0]    ✓ test vector from bitcoind #149 (722efdd69a7d51d3)
[chrome 150.0.7871.187 mac #0-0]    ✓ test vector from bitcoind #150 (659cd3203095d4a8)
[chrome 150.0.7871.187 mac #0-0]    ✓ test vector from bitcoind #151 (d82d4ccd9b67810f)
[chrome 150.0.7871.187 mac #0-0]    ✓ test vector from bitcoind #152 (8eebac87e60da524)
[chrome 150.0.7871.187 mac #0-0]    ✓ test vector from bitcoind #153 (046de666545330e5)
[chrome 150.0.7871.187 mac #0-0]    ✓ test vector from bitcoind #154 (478ee06501b4965b)
[chrome 150.0.7871.187 mac #0-0]    ✓ test vector from bitcoind #155 (db0329439490efc6)
[chrome 150.0.7871.187 mac #0-0]    ✓ test vector from bitcoind #156 (92364ba3c7a85d4e)
[chrome 150.0.7871.187 mac #0-0]    ✓ test vector from bitcoind #157 (1f4209fd4ce7f13d)
[chrome 150.0.7871.187 mac #0-0]    ✓ test vector from bitcoind #158 (b596f206d7eba22b)
[chrome 150.0.7871.187 mac #0-0]    ✓ test vector from bitcoind #159 (e19b796c14a03736)
[chrome 150.0.7871.187 mac #0-0]    ✓ test vector from bitcoind #160 (6e3e5ba77f760b6b)
[chrome 150.0.7871.187 mac #0-0]    ✓ test vector from bitcoind #161 (fad092fc98f17c2c)
[chrome 150.0.7871.187 mac #0-0]    ✓ test vector from bitcoind #162 (5418cf059b5f1577)
[chrome 150.0.7871.187 mac #0-0]    ✓ test vector from bitcoind #163 (0d66003aff5bf78c)
[chrome 150.0.7871.187 mac #0-0]    ✓ test vector from bitcoind #164 (4e4c9a781f626b59)
[chrome 150.0.7871.187 mac #0-0]    ✓ test vector from bitcoind #165 (a869c18a0edf563d)
[chrome 150.0.7871.187 mac #0-0]    ✓ test vector from bitcoind #166 (b1c50d58b753e8f6)
[chrome 150.0.7871.187 mac #0-0]    ✓ test vector from bitcoind #167 (6b1459536f51482f)
[chrome 150.0.7871.187 mac #0-0]    ✓ test vector from bitcoind #168 (154ff7a9f0875edc)
[chrome 150.0.7871.187 mac #0-0]    ✓ test vector from bitcoind #169 (849033a2321b5755)
[chrome 150.0.7871.187 mac #0-0]    ✓ test vector from bitcoind #170 (8556fe52d1d07823)
[chrome 150.0.7871.187 mac #0-0]    ✓ test vector from bitcoind #171 (d9684685c99ce48f)
[chrome 150.0.7871.187 mac #0-0]    ✓ test vector from bitcoind #172 (7e975a72db5adaa3)
[chrome 150.0.7871.187 mac #0-0]    ✓ test vector from bitcoind #173 (47bc8ab070273e1f)
[chrome 150.0.7871.187 mac #0-0]    ✓ test vector from bitcoind #174 (f3374253d64ac264)
[chrome 150.0.7871.187 mac #0-0]    ✓ test vector from bitcoind #175 (8d7794703dad18e2)
[chrome 150.0.7871.187 mac #0-0]    ✓ test vector from bitcoind #176 (4e6357da0057fb7f)
[chrome 150.0.7871.187 mac #0-0]    ✓ test vector from bitcoind #177 (83deef4a698b62a7)
[chrome 150.0.7871.187 mac #0-0]    ✓ test vector from bitcoind #178 (98ccde2dc14d14f5)
[chrome 150.0.7871.187 mac #0-0]    ✓ test vector from bitcoind #179 (a903c84d8c5e7113)
[chrome 150.0.7871.187 mac #0-0]    ✓ test vector from bitcoind #180 (83c68b3c5a89260c)
[chrome 150.0.7871.187 mac #0-0]    ✓ test vector from bitcoind #181 (9c5fa02abfd34d0f)
[chrome 150.0.7871.187 mac #0-0]    ✓ test vector from bitcoind #182 (f0bd4ca8e97203b9)
[chrome 150.0.7871.187 mac #0-0]    ✓ test vector from bitcoind #183 (5509eba029cc11d7)
[chrome 150.0.7871.187 mac #0-0]    ✓ test vector from bitcoind #184 (4ca73da4fcd5f1b1)
[chrome 150.0.7871.187 mac #0-0]    ✓ test vector from bitcoind #185 (fb018ae54206fdd2)
[chrome 150.0.7871.187 mac #0-0]    ✓ test vector from bitcoind #186 (001b0b176f0451df)
[chrome 150.0.7871.187 mac #0-0]    ✓ test vector from bitcoind #187 (ac87b1b93a6baab6)
[chrome 150.0.7871.187 mac #0-0]    ✓ test vector from bitcoind #188 (0767e09bba8cd66d)
[chrome 150.0.7871.187 mac #0-0]    ✓ test vector from bitcoind #189 (de35c84a58f2458c)
[chrome 150.0.7871.187 mac #0-0]    ✓ test vector from bitcoind #190 (e2fa3e1976aed82c)
[chrome 150.0.7871.187 mac #0-0]    ✓ test vector from bitcoind #191 (7de4ba875b2e584a)
[chrome 150.0.7871.187 mac #0-0]    ✓ test vector from bitcoind #192 (6b77ca70cc452cc8)
[chrome 150.0.7871.187 mac #0-0]    ✓ test vector from bitcoind #193 (bd7d26bb3a98fc8c)
[chrome 150.0.7871.187 mac #0-0]    ✓ test vector from bitcoind #194 (355ccaf30697c9c5)
[chrome 150.0.7871.187 mac #0-0]    ✓ test vector from bitcoind #195 (353ca9619ccb0210)
[chrome 150.0.7871.187 mac #0-0]    ✓ test vector from bitcoind #196 (b35bb1b72d02fab8)
[chrome 150.0.7871.187 mac #0-0]    ✓ test vector from bitcoind #197 (7615b4a7b3be8656)
[chrome 150.0.7871.187 mac #0-0]    ✓ test vector from bitcoind #198 (4f2ccf981598639b)
[chrome 150.0.7871.187 mac #0-0]    ✓ test vector from bitcoind #199 (984efe0d8d12e438)
[chrome 150.0.7871.187 mac #0-0]    ✓ test vector from bitcoind #200 (4a74f365a161bc6c)
[chrome 150.0.7871.187 mac #0-0]    ✓ test vector from bitcoind #201 (08bbb746a596991a)
[chrome 150.0.7871.187 mac #0-0]    ✓ test vector from bitcoind #202 (8ca11838775822f9)
[chrome 150.0.7871.187 mac #0-0]    ✓ test vector from bitcoind #203 (9bc5bb772c553831)
[chrome 150.0.7871.187 mac #0-0]    ✓ test vector from bitcoind #204 (78eb6b24365ac1ed)
[chrome 150.0.7871.187 mac #0-0]    ✓ test vector from bitcoind #205 (f6da59b9deac63e8)
[chrome 150.0.7871.187 mac #0-0]    ✓ test vector from bitcoind #206 (04c5ee48514cd033)
[chrome 150.0.7871.187 mac #0-0]    ✓ test vector from bitcoind #207 (2e42ead953c9f4f8)
[chrome 150.0.7871.187 mac #0-0]    ✓ test vector from bitcoind #208 (d9096de94d70c633)
[chrome 150.0.7871.187 mac #0-0]    ✓ test vector from bitcoind #209 (ed5622ac642d11f9)
[chrome 150.0.7871.187 mac #0-0]    ✓ test vector from bitcoind #210 (f926d4036eac7f01)
[chrome 150.0.7871.187 mac #0-0]    ✓ test vector from bitcoind #211 (255c125b60ee85f4)
[chrome 150.0.7871.187 mac #0-0]    ✓ test vector from bitcoind #212 (5a0a05e32ce4cd05)
[chrome 150.0.7871.187 mac #0-0]    ✓ test vector from bitcoind #213 (52b9e0778206af68)
[chrome 150.0.7871.187 mac #0-0]    ✓ test vector from bitcoind #214 (b6b684e2d2ecec8a)
[chrome 150.0.7871.187 mac #0-0]    ✓ test vector from bitcoind #215 (e5da9a416ea883be)
[chrome 150.0.7871.187 mac #0-0]    ✓ test vector from bitcoind #216 (41ecca1e8152ec55)
[chrome 150.0.7871.187 mac #0-0]    ✓ test vector from bitcoind #217 (ff8a4016dfdd918f)
[chrome 150.0.7871.187 mac #0-0]    ✓ test vector from bitcoind #218 (bad77967f98941af)
[chrome 150.0.7871.187 mac #0-0]    ✓ test vector from bitcoind #219 (df1c87cf3ba70e75)
[chrome 150.0.7871.187 mac #0-0]    ✓ test vector from bitcoind #220 (71c294523c48fd77)
[chrome 150.0.7871.187 mac #0-0]    ✓ test vector from bitcoind #221 (110d90fea9470dfe)
[chrome 150.0.7871.187 mac #0-0]    ✓ test vector from bitcoind #222 (0322ca570446869e)
[chrome 150.0.7871.187 mac #0-0]    ✓ test vector from bitcoind #223 (8b5b3d00d9c658f0)
[chrome 150.0.7871.187 mac #0-0]    ✓ test vector from bitcoind #224 (b79f31c289e95d9d)
[chrome 150.0.7871.187 mac #0-0]    ✓ test vector from bitcoind #225 (89ec7fab7cfe7d8d)
[chrome 150.0.7871.187 mac #0-0]    ✓ test vector from bitcoind #226 (78e01310a228f645)
[chrome 150.0.7871.187 mac #0-0]    ✓ test vector from bitcoind #227 (4cc85cbc2863ee7d)
[chrome 150.0.7871.187 mac #0-0]    ✓ test vector from bitcoind #228 (2d642ceee910abff)
[chrome 150.0.7871.187 mac #0-0]    ✓ test vector from bitcoind #229 (a17b66d6bb427f42)
[chrome 150.0.7871.187 mac #0-0]    ✓ test vector from bitcoind #230 (8e221a6c4bf81ca0)
[chrome 150.0.7871.187 mac #0-0]    ✓ test vector from bitcoind #231 (714d8b14699835b2)
[chrome 150.0.7871.187 mac #0-0]    ✓ test vector from bitcoind #232 (91082410630337a5)
[chrome 150.0.7871.187 mac #0-0]    ✓ test vector from bitcoind #233 (458aec3b5089a585)
[chrome 150.0.7871.187 mac #0-0]    ✓ test vector from bitcoind #234 (bbed77ff0f808aa8)
[chrome 150.0.7871.187 mac #0-0]    ✓ test vector from bitcoind #235 (3212c6d6dd8d9d3b)
[chrome 150.0.7871.187 mac #0-0]    ✓ test vector from bitcoind #236 (c40fd7dfa72321ac)
[chrome 150.0.7871.187 mac #0-0]    ✓ test vector from bitcoind #237 (919144aada50db86)
[chrome 150.0.7871.187 mac #0-0]    ✓ test vector from bitcoind #238 (305fc8ff5dc04ebd)
[chrome 150.0.7871.187 mac #0-0]    ✓ test vector from bitcoind #239 (2420dd722e229ecc)
[chrome 150.0.7871.187 mac #0-0]    ✓ test vector from bitcoind #240 (4370d05c07e231d6)
[chrome 150.0.7871.187 mac #0-0]    ✓ test vector from bitcoind #241 (2f9993e0a84a6ca5)
[chrome 150.0.7871.187 mac #0-0]    ✓ test vector from bitcoind #242 (02040283ef2291d8)
[chrome 150.0.7871.187 mac #0-0]    ✓ test vector from bitcoind #243 (f24be499c58295f3)
[chrome 150.0.7871.187 mac #0-0]    ✓ test vector from bitcoind #244 (1c8655969b241e71)
[chrome 150.0.7871.187 mac #0-0]    ✓ test vector from bitcoind #245 (94338cd47a4639be)
[chrome 150.0.7871.187 mac #0-0]    ✓ test vector from bitcoind #246 (60caf46a7625f303)
[chrome 150.0.7871.187 mac #0-0]    ✓ test vector from bitcoind #247 (c834a5485e68dc13)
[chrome 150.0.7871.187 mac #0-0]    ✓ test vector from bitcoind #248 (99b32b5679d91e0f)
[chrome 150.0.7871.187 mac #0-0]    ✓ test vector from bitcoind #249 (5071f8acf96aea41)
[chrome 150.0.7871.187 mac #0-0]    ✓ test vector from bitcoind #250 (9cb0dd04e9fe287b)
[chrome 150.0.7871.187 mac #0-0]    ✓ test vector from bitcoind #251 (47207b4877772753)
[chrome 150.0.7871.187 mac #0-0]    ✓ test vector from bitcoind #252 (b8f3d255549909c0)
[chrome 150.0.7871.187 mac #0-0]    ✓ test vector from bitcoind #253 (ad01ec9d6dbae325)
[chrome 150.0.7871.187 mac #0-0]    ✓ test vector from bitcoind #254 (595a3c0225456463)
[chrome 150.0.7871.187 mac #0-0]    ✓ test vector from bitcoind #255 (9c051a7092fe17fa)
[chrome 150.0.7871.187 mac #0-0]    ✓ test vector from bitcoind #256 (4d8efb3b99b9064d)
[chrome 150.0.7871.187 mac #0-0]    ✓ test vector from bitcoind #257 (a638cc17fd91f4b1)
[chrome 150.0.7871.187 mac #0-0]    ✓ test vector from bitcoind #258 (c10ccc9db8a92d7d)
[chrome 150.0.7871.187 mac #0-0]    ✓ test vector from bitcoind #259 (0ca673a1ee66f962)
[chrome 150.0.7871.187 mac #0-0]    ✓ test vector from bitcoind #260 (2c8be597620d95ab)
[chrome 150.0.7871.187 mac #0-0]    ✓ test vector from bitcoind #261 (26b22e18d5d9081f)
[chrome 150.0.7871.187 mac #0-0]    ✓ test vector from bitcoind #262 (8e0697d8cd8a9cce)
[chrome 150.0.7871.187 mac #0-0]    ✓ test vector from bitcoind #263 (7cda43f1ff9191c6)
[chrome 150.0.7871.187 mac #0-0]    ✓ test vector from bitcoind #264 (4435e62ff6531ac7)
[chrome 150.0.7871.187 mac #0-0]    ✓ test vector from bitcoind #265 (913060c7454e6c80)
[chrome 150.0.7871.187 mac #0-0]    ✓ test vector from bitcoind #266 (bae189eb3d64aedb)
[chrome 150.0.7871.187 mac #0-0]    ✓ test vector from bitcoind #267 (cfeaa36790bc3987)
[chrome 150.0.7871.187 mac #0-0]    ✓ test vector from bitcoind #268 (ec91eda1149f75bf)
[chrome 150.0.7871.187 mac #0-0]    ✓ test vector from bitcoind #269 (3aad18a209fab8db)
[chrome 150.0.7871.187 mac #0-0]    ✓ test vector from bitcoind #270 (86970af23c89b72a)
[chrome 150.0.7871.187 mac #0-0]    ✓ test vector from bitcoind #271 (d0c4a780e4e0bc22)
[chrome 150.0.7871.187 mac #0-0]    ✓ test vector from bitcoind #272 (fb4bd26a91b5cf22)
[chrome 150.0.7871.187 mac #0-0]    ✓ test vector from bitcoind #273 (8e795aeef18f510d)
[chrome 150.0.7871.187 mac #0-0]    ✓ test vector from bitcoind #274 (b6ed4a3721be3c3c)
[chrome 150.0.7871.187 mac #0-0]    ✓ test vector from bitcoind #275 (935892c6f02948f3)
[chrome 150.0.7871.187 mac #0-0]    ✓ test vector from bitcoind #276 (30c4cd4bd6b291f7)
[chrome 150.0.7871.187 mac #0-0]    ✓ test vector from bitcoind #277 (2707ca714af09494)
[chrome 150.0.7871.187 mac #0-0]    ✓ test vector from bitcoind #278 (4abce77432a86dfe)
[chrome 150.0.7871.187 mac #0-0]    ✓ test vector from bitcoind #279 (48411efeb133c6b7)
[chrome 150.0.7871.187 mac #0-0]    ✓ test vector from bitcoind #280 (b575a04b0bb56e38)
[chrome 150.0.7871.187 mac #0-0]    ✓ test vector from bitcoind #281 (fc93cc056c70d5e0)
[chrome 150.0.7871.187 mac #0-0]    ✓ test vector from bitcoind #282 (e095003ca82af897)
[chrome 150.0.7871.187 mac #0-0]    ✓ test vector from bitcoind #283 (c6ec1b7cb5c16a1b)
[chrome 150.0.7871.187 mac #0-0]    ✓ test vector from bitcoind #284 (5eeb03e03806cd7b)
[chrome 150.0.7871.187 mac #0-0]    ✓ test vector from bitcoind #285 (b8db8d57fe40ab3a)
[chrome 150.0.7871.187 mac #0-0]    ✓ test vector from bitcoind #286 (c6675bf229737e00)
[chrome 150.0.7871.187 mac #0-0]    ✓ test vector from bitcoind #287 (205f3653f0142b35)
[chrome 150.0.7871.187 mac #0-0]    ✓ test vector from bitcoind #288 (3275e98dca37243b)
[chrome 150.0.7871.187 mac #0-0]    ✓ test vector from bitcoind #289 (508129278ef07b43)
[chrome 150.0.7871.187 mac #0-0]    ✓ test vector from bitcoind #290 (fe516df92299e995)
[chrome 150.0.7871.187 mac #0-0]    ✓ test vector from bitcoind #291 (d582c442e0ecc400)
[chrome 150.0.7871.187 mac #0-0]    ✓ test vector from bitcoind #292 (f151f1ec305f698d)
[chrome 150.0.7871.187 mac #0-0]    ✓ test vector from bitcoind #293 (d1b1d79001b4a032)
[chrome 150.0.7871.187 mac #0-0]    ✓ test vector from bitcoind #294 (1d25d16d84d5793b)
[chrome 150.0.7871.187 mac #0-0]    ✓ test vector from bitcoind #295 (f3bbab70b759fe6c)
[chrome 150.0.7871.187 mac #0-0]    ✓ test vector from bitcoind #296 (41617b27321a830c)
[chrome 150.0.7871.187 mac #0-0]    ✓ test vector from bitcoind #297 (20fd0eee5b5716d6)
[chrome 150.0.7871.187 mac #0-0]    ✓ test vector from bitcoind #298 (ba0a2c987fcdd74b)
[chrome 150.0.7871.187 mac #0-0]    ✓ test vector from bitcoind #299 (62cd3413d9d819fb)
[chrome 150.0.7871.187 mac #0-0]    ✓ test vector from bitcoind #300 (37ed6fae36fcb336)
[chrome 150.0.7871.187 mac #0-0]    ✓ test vector from bitcoind #301 (1c9d6816c2086584)
[chrome 150.0.7871.187 mac #0-0]    ✓ test vector from bitcoind #302 (249c4513a49076c6)
[chrome 150.0.7871.187 mac #0-0]    ✓ test vector from bitcoind #303 (2cc1c7514fdc512f)
[chrome 150.0.7871.187 mac #0-0]    ✓ test vector from bitcoind #304 (6beca0e0388f824c)
[chrome 150.0.7871.187 mac #0-0]    ✓ test vector from bitcoind #305 (5990b13945184734)
[chrome 150.0.7871.187 mac #0-0]    ✓ test vector from bitcoind #306 (dbc7935d718328d2)
[chrome 150.0.7871.187 mac #0-0]    ✓ test vector from bitcoind #307 (793a3d3c37f6494f)
[chrome 150.0.7871.187 mac #0-0]    ✓ test vector from bitcoind #308 (b5bd080bbcb8cd65)
[chrome 150.0.7871.187 mac #0-0]    ✓ test vector from bitcoind #309 (0c1fd44476ff28bf)
[chrome 150.0.7871.187 mac #0-0]    ✓ test vector from bitcoind #310 (86f26e23822afd1b)
[chrome 150.0.7871.187 mac #0-0]    ✓ test vector from bitcoind #311 (3cd85f84aae6d702)
[chrome 150.0.7871.187 mac #0-0]    ✓ test vector from bitcoind #312 (961ff413850336d3)
[chrome 150.0.7871.187 mac #0-0]    ✓ test vector from bitcoind #313 (e88ed2eea9143f25)
[chrome 150.0.7871.187 mac #0-0]    ✓ test vector from bitcoind #314 (b8f1e1f35e3e1368)
[chrome 150.0.7871.187 mac #0-0]    ✓ test vector from bitcoind #315 (c49af297dffe2d80)
[chrome 150.0.7871.187 mac #0-0]    ✓ test vector from bitcoind #316 (18da6ceb011cd36f)
[chrome 150.0.7871.187 mac #0-0]    ✓ test vector from bitcoind #317 (3078b1d1a7713c6d)
[chrome 150.0.7871.187 mac #0-0]    ✓ test vector from bitcoind #318 (0e0bed1bf2ff255a)
[chrome 150.0.7871.187 mac #0-0]    ✓ test vector from bitcoind #319 (ab61497afd39e61f)
[chrome 150.0.7871.187 mac #0-0]    ✓ test vector from bitcoind #320 (680336db57347d81)
[chrome 150.0.7871.187 mac #0-0]    ✓ test vector from bitcoind #321 (1c29f110576f4a3b)
[chrome 150.0.7871.187 mac #0-0]    ✓ test vector from bitcoind #322 (c670219a93234929)
[chrome 150.0.7871.187 mac #0-0]    ✓ test vector from bitcoind #323 (716a8180e417228f)
[chrome 150.0.7871.187 mac #0-0]    ✓ test vector from bitcoind #324 (d36ee79fc80db2e6)
[chrome 150.0.7871.187 mac #0-0]    ✓ test vector from bitcoind #325 (eacc47c5a53734d6)
[chrome 150.0.7871.187 mac #0-0]    ✓ test vector from bitcoind #326 (59a34b3ed3a1cce0)
[chrome 150.0.7871.187 mac #0-0]    ✓ test vector from bitcoind #327 (643a7b4c8d832e14)
[chrome 150.0.7871.187 mac #0-0]    ✓ test vector from bitcoind #328 (56d29f5e300ddfed)
[chrome 150.0.7871.187 mac #0-0]    ✓ test vector from bitcoind #329 (1536da582a0b6de0)
[chrome 150.0.7871.187 mac #0-0]    ✓ test vector from bitcoind #330 (6cf9cd409b7185b1)
[chrome 150.0.7871.187 mac #0-0]    ✓ test vector from bitcoind #331 (1efbf3d37a92bc03)
[chrome 150.0.7871.187 mac #0-0]    ✓ test vector from bitcoind #332 (0898b26dd3ca0863)
[chrome 150.0.7871.187 mac #0-0]    ✓ test vector from bitcoind #333 (979782dc3f36d908)
[chrome 150.0.7871.187 mac #0-0]    ✓ test vector from bitcoind #334 (674a4bcb04247f8d)
[chrome 150.0.7871.187 mac #0-0]    ✓ test vector from bitcoind #335 (3afacaca0ef6be9d)
[chrome 150.0.7871.187 mac #0-0]    ✓ test vector from bitcoind #336 (241a23e7b1982d5f)
[chrome 150.0.7871.187 mac #0-0]    ✓ test vector from bitcoind #337 (1326a46f4c21e761)
[chrome 150.0.7871.187 mac #0-0]    ✓ test vector from bitcoind #338 (1ddaab7f973551d7)
[chrome 150.0.7871.187 mac #0-0]    ✓ test vector from bitcoind #339 (925037c7dc7625f3)
[chrome 150.0.7871.187 mac #0-0]    ✓ test vector from bitcoind #340 (7e058ca5dd07640e)
[chrome 150.0.7871.187 mac #0-0]    ✓ test vector from bitcoind #341 (49870a961263354c)
[chrome 150.0.7871.187 mac #0-0]    ✓ test vector from bitcoind #342 (eea7d2212bda2d40)
[chrome 150.0.7871.187 mac #0-0]    ✓ test vector from bitcoind #343 (0090803a20102a77)
[chrome 150.0.7871.187 mac #0-0]    ✓ test vector from bitcoind #344 (5c46f7ac3d6460af)
[chrome 150.0.7871.187 mac #0-0]    ✓ test vector from bitcoind #345 (9cf05990421ea853)
[chrome 150.0.7871.187 mac #0-0]    ✓ test vector from bitcoind #346 (fd44fc98639ca32c)
[chrome 150.0.7871.187 mac #0-0]    ✓ test vector from bitcoind #347 (9a95e692e1f78efd)
[chrome 150.0.7871.187 mac #0-0]    ✓ test vector from bitcoind #348 (62a36c6e8da03720)
[chrome 150.0.7871.187 mac #0-0]    ✓ test vector from bitcoind #349 (476868cecd1763c9)
[chrome 150.0.7871.187 mac #0-0]    ✓ test vector from bitcoind #350 (f64f805f0ff7f237)
[chrome 150.0.7871.187 mac #0-0]    ✓ test vector from bitcoind #351 (c2cefaec2293134a)
[chrome 150.0.7871.187 mac #0-0]    ✓ test vector from bitcoind #352 (d66924d49f03a696)
[chrome 150.0.7871.187 mac #0-0]    ✓ test vector from bitcoind #353 (502967a6f999f7ee)
[chrome 150.0.7871.187 mac #0-0]    ✓ test vector from bitcoind #354 (f58637277d2bc42e)
[chrome 150.0.7871.187 mac #0-0]    ✓ test vector from bitcoind #355 (b098eb9aff1bbd37)
[chrome 150.0.7871.187 mac #0-0]    ✓ test vector from bitcoind #356 (19dd32190ed2a37b)
[chrome 150.0.7871.187 mac #0-0]    ✓ test vector from bitcoind #357 (3a1c6742d4c374f0)
[chrome 150.0.7871.187 mac #0-0]    ✓ test vector from bitcoind #358 (9afe3f4978df6a86)
[chrome 150.0.7871.187 mac #0-0]    ✓ test vector from bitcoind #359 (6629a1e75c6ae8f4)
[chrome 150.0.7871.187 mac #0-0]    ✓ test vector from bitcoind #360 (818a7ceaf963f52b)
[chrome 150.0.7871.187 mac #0-0]    ✓ test vector from bitcoind #361 (dfcf484111801989)
[chrome 150.0.7871.187 mac #0-0]    ✓ test vector from bitcoind #362 (d0f32a6db43378af)
[chrome 150.0.7871.187 mac #0-0]    ✓ test vector from bitcoind #363 (68c7bd717b399b1e)
[chrome 150.0.7871.187 mac #0-0]    ✓ test vector from bitcoind #364 (978dc178ecd03d40)
[chrome 150.0.7871.187 mac #0-0]    ✓ test vector from bitcoind #365 (0d936cceda2f56c7)
[chrome 150.0.7871.187 mac #0-0]    ✓ test vector from bitcoind #366 (2f9b734860033651)
[chrome 150.0.7871.187 mac #0-0]    ✓ test vector from bitcoind #367 (cfa4b7573559b3b1)
[chrome 150.0.7871.187 mac #0-0]    ✓ test vector from bitcoind #368 (880330ccde009915)
[chrome 150.0.7871.187 mac #0-0]    ✓ test vector from bitcoind #369 (bde3dd0575164d7e)
[chrome 150.0.7871.187 mac #0-0]    ✓ test vector from bitcoind #370 (a3d65a8cd0c1eea8)
[chrome 150.0.7871.187 mac #0-0]    ✓ test vector from bitcoind #371 (4eba3055bc2b5876)
[chrome 150.0.7871.187 mac #0-0]    ✓ test vector from bitcoind #372 (6b80d74eb0e7ee59)
[chrome 150.0.7871.187 mac #0-0]    ✓ test vector from bitcoind #373 (164c32a263f357e3)
[chrome 150.0.7871.187 mac #0-0]    ✓ test vector from bitcoind #374 (8858bb47a042243f)
[chrome 150.0.7871.187 mac #0-0]    ✓ test vector from bitcoind #375 (c84fcaf9d779df73)
[chrome 150.0.7871.187 mac #0-0]    ✓ test vector from bitcoind #376 (e562579d1a2b10d1)
[chrome 150.0.7871.187 mac #0-0]    ✓ test vector from bitcoind #377 (fa4676c374ae3a41)
[chrome 150.0.7871.187 mac #0-0]    ✓ test vector from bitcoind #378 (e8e10ed162b1a43b)
[chrome 150.0.7871.187 mac #0-0]    ✓ test vector from bitcoind #379 (a5bc0356f56b2b41)
[chrome 150.0.7871.187 mac #0-0]    ✓ test vector from bitcoind #380 (556c3f90aa81f9b4)
[chrome 150.0.7871.187 mac #0-0]    ✓ test vector from bitcoind #381 (0ef7b6e87c782fa3)
[chrome 150.0.7871.187 mac #0-0]    ✓ test vector from bitcoind #382 (a7aa34bf8a5644f0)
[chrome 150.0.7871.187 mac #0-0]    ✓ test vector from bitcoind #383 (bc46f3f83058ddf5)
[chrome 150.0.7871.187 mac #0-0]    ✓ test vector from bitcoind #384 (f804fc4d81f03900)
[chrome 150.0.7871.187 mac #0-0]    ✓ test vector from bitcoind #385 (270445ab77258ced)
[chrome 150.0.7871.187 mac #0-0]    ✓ test vector from bitcoind #386 (4a3415eb1677ae4e)
[chrome 150.0.7871.187 mac #0-0]    ✓ test vector from bitcoind #387 (d60bbadd2cc06741)
[chrome 150.0.7871.187 mac #0-0]    ✓ test vector from bitcoind #388 (b276584d3514e5b4)
[chrome 150.0.7871.187 mac #0-0]    ✓ test vector from bitcoind #389 (f1f2a489682e42a6)
[chrome 150.0.7871.187 mac #0-0]    ✓ test vector from bitcoind #390 (bdfaff8a4e775379)
[chrome 150.0.7871.187 mac #0-0]    ✓ test vector from bitcoind #391 (c629d93b02037f40)
[chrome 150.0.7871.187 mac #0-0]    ✓ test vector from bitcoind #392 (c1c7df8206e661d5)
[chrome 150.0.7871.187 mac #0-0]    ✓ test vector from bitcoind #393 (39c2aaa2496212b3)
[chrome 150.0.7871.187 mac #0-0]    ✓ test vector from bitcoind #394 (877e347ec7487497)
[chrome 150.0.7871.187 mac #0-0]    ✓ test vector from bitcoind #395 (47585dc25469d04f)
[chrome 150.0.7871.187 mac #0-0]    ✓ test vector from bitcoind #396 (09ed6563a454814a)
[chrome 150.0.7871.187 mac #0-0]    ✓ test vector from bitcoind #397 (c19caada8e71535e)
[chrome 150.0.7871.187 mac #0-0]    ✓ test vector from bitcoind #398 (6a815ba155270af1)
[chrome 150.0.7871.187 mac #0-0]    ✓ test vector from bitcoind #399 (552ff97d7924f51c)
[chrome 150.0.7871.187 mac #0-0]    ✓ test vector from bitcoind #400 (e9a7f21fc2d38be7)
[chrome 150.0.7871.187 mac #0-0]    ✓ test vector from bitcoind #401 (cdf51f6e3a9dc2be)
[chrome 150.0.7871.187 mac #0-0]    ✓ test vector from bitcoind #402 (62094f98234a05bf)
[chrome 150.0.7871.187 mac #0-0]    ✓ test vector from bitcoind #403 (d37532e7b2b8e7db)
[chrome 150.0.7871.187 mac #0-0]    ✓ test vector from bitcoind #404 (5cef9d8e18a2d5a7)
[chrome 150.0.7871.187 mac #0-0]    ✓ test vector from bitcoind #405 (26dc2cba4bd5334e)
[chrome 150.0.7871.187 mac #0-0]    ✓ test vector from bitcoind #406 (3e5aa0200248d8d8)
[chrome 150.0.7871.187 mac #0-0]    ✓ test vector from bitcoind #407 (b5280b9610c0625a)
[chrome 150.0.7871.187 mac #0-0]    ✓ test vector from bitcoind #408 (04c9ef72f33668ca)
[chrome 150.0.7871.187 mac #0-0]    ✓ test vector from bitcoind #409 (8f07ece7d65e509f)
[chrome 150.0.7871.187 mac #0-0]    ✓ test vector from bitcoind #410 (e2358dfb51831ee8)
[chrome 150.0.7871.187 mac #0-0]    ✓ test vector from bitcoind #411 (502a2435fd02898d)
[chrome 150.0.7871.187 mac #0-0]    ✓ test vector from bitcoind #412 (7ba99b289c04718a)
[chrome 150.0.7871.187 mac #0-0]    ✓ test vector from bitcoind #413 (92d53b4390262e6b)
[chrome 150.0.7871.187 mac #0-0]    ✓ test vector from bitcoind #414 (5d366a7f4346ae18)
[chrome 150.0.7871.187 mac #0-0]    ✓ test vector from bitcoind #415 (bbee941bbad95042)
[chrome 150.0.7871.187 mac #0-0]    ✓ test vector from bitcoind #416 (5c5a9c3a5de7dc7a)
[chrome 150.0.7871.187 mac #0-0]    ✓ test vector from bitcoind #417 (a3bdf8771c899097)
[chrome 150.0.7871.187 mac #0-0]    ✓ test vector from bitcoind #418 (8c29ea8ef60c5a92)
[chrome 150.0.7871.187 mac #0-0]    ✓ test vector from bitcoind #419 (d5f1c1cb35956a57)
[chrome 150.0.7871.187 mac #0-0]    ✓ test vector from bitcoind #420 (37b794b05d0687c9)
[chrome 150.0.7871.187 mac #0-0]    ✓ test vector from bitcoind #421 (ea117348e94de863)
[chrome 150.0.7871.187 mac #0-0]    ✓ test vector from bitcoind #422 (a7aff48f3b8aeb7a)
[chrome 150.0.7871.187 mac #0-0]    ✓ test vector from bitcoind #423 (0a281172d306b6a3)
[chrome 150.0.7871.187 mac #0-0]    ✓ test vector from bitcoind #424 (82ebc07b16cff007)
[chrome 150.0.7871.187 mac #0-0]    ✓ test vector from bitcoind #425 (418acc156c2bc76a)
[chrome 150.0.7871.187 mac #0-0]    ✓ test vector from bitcoind #426 (228ca52a0a376fe0)
[chrome 150.0.7871.187 mac #0-0]    ✓ test vector from bitcoind #427 (d2fa7e13c34cecda)
[chrome 150.0.7871.187 mac #0-0]    ✓ test vector from bitcoind #428 (499da7d74032388f)
[chrome 150.0.7871.187 mac #0-0]    ✓ test vector from bitcoind #429 (1125645b49202dca)
[chrome 150.0.7871.187 mac #0-0]    ✓ test vector from bitcoind #430 (5350a31ac954a0b4)
[chrome 150.0.7871.187 mac #0-0]    ✓ test vector from bitcoind #431 (3c05473a816621a3)
[chrome 150.0.7871.187 mac #0-0]    ✓ test vector from bitcoind #432 (936eff8cdfd771be)
[chrome 150.0.7871.187 mac #0-0]    ✓ test vector from bitcoind #433 (69c0b30f4c630a6c)
[chrome 150.0.7871.187 mac #0-0]    ✓ test vector from bitcoind #434 (f8757fbb4448ca34)
[chrome 150.0.7871.187 mac #0-0]    ✓ test vector from bitcoind #435 (e7d873aa079a19ec)
[chrome 150.0.7871.187 mac #0-0]    ✓ test vector from bitcoind #436 (311094b4d73e31ae)
[chrome 150.0.7871.187 mac #0-0]    ✓ test vector from bitcoind #437 (06277201504e6bf8)
[chrome 150.0.7871.187 mac #0-0]    ✓ test vector from bitcoind #438 (7912573937824058)
[chrome 150.0.7871.187 mac #0-0]    ✓ test vector from bitcoind #439 (24cb420a53b4f8bb)
[chrome 150.0.7871.187 mac #0-0]    ✓ test vector from bitcoind #440 (69264faadcd1a581)
[chrome 150.0.7871.187 mac #0-0]    ✓ test vector from bitcoind #441 (bd0e88829afa6bdc)
[chrome 150.0.7871.187 mac #0-0]    ✓ test vector from bitcoind #442 (f99c29a79f1d73d2)
[chrome 150.0.7871.187 mac #0-0]    ✓ test vector from bitcoind #443 (9615541884dfb1fe)
[chrome 150.0.7871.187 mac #0-0]    ✓ test vector from bitcoind #444 (6e3f97955490d93d)
[chrome 150.0.7871.187 mac #0-0]    ✓ test vector from bitcoind #445 (b3b336de141d4f07)
[chrome 150.0.7871.187 mac #0-0]    ✓ test vector from bitcoind #446 (7928ae8e86c0b0ca)
[chrome 150.0.7871.187 mac #0-0]    ✓ test vector from bitcoind #447 (4a92fec1eb03f5bd)
[chrome 150.0.7871.187 mac #0-0]    ✓ test vector from bitcoind #448 (8b7dd0ff12ca0d8f)
[chrome 150.0.7871.187 mac #0-0]    ✓ test vector from bitcoind #449 (8bb7a0129eaf4b8f)
[chrome 150.0.7871.187 mac #0-0]    ✓ test vector from bitcoind #450 (55acd8293ed0be67)
[chrome 150.0.7871.187 mac #0-0]    ✓ test vector from bitcoind #451 (b362da5634f20be7)
[chrome 150.0.7871.187 mac #0-0]    ✓ test vector from bitcoind #452 (2b822737c2affeef)
[chrome 150.0.7871.187 mac #0-0]    ✓ test vector from bitcoind #453 (20732d5073805419)
[chrome 150.0.7871.187 mac #0-0]    ✓ test vector from bitcoind #454 (685d67d84755906d)
[chrome 150.0.7871.187 mac #0-0]    ✓ test vector from bitcoind #455 (123916c6485cf23b)
[chrome 150.0.7871.187 mac #0-0]    ✓ test vector from bitcoind #456 (f43378a0b7822ad6)
[chrome 150.0.7871.187 mac #0-0]    ✓ test vector from bitcoind #457 (ff18c5bffd086e00)
[chrome 150.0.7871.187 mac #0-0]    ✓ test vector from bitcoind #458 (cb6e4322955af12e)
[chrome 150.0.7871.187 mac #0-0]    ✓ test vector from bitcoind #459 (e8d89a302ae62689)
[chrome 150.0.7871.187 mac #0-0]    ✓ test vector from bitcoind #460 (0278adbcc476d135)
[chrome 150.0.7871.187 mac #0-0]    ✓ test vector from bitcoind #461 (b7ca991ab2e20d01)
[chrome 150.0.7871.187 mac #0-0]    ✓ test vector from bitcoind #462 (437e89bb6f70fd2e)
[chrome 150.0.7871.187 mac #0-0]    ✓ test vector from bitcoind #463 (535ba819d74770d4)
[chrome 150.0.7871.187 mac #0-0]    ✓ test vector from bitcoind #464 (d4737f3b58f3e508)
[chrome 150.0.7871.187 mac #0-0]    ✓ test vector from bitcoind #465 (3282a2ec6b8c87c9)
[chrome 150.0.7871.187 mac #0-0]    ✓ test vector from bitcoind #466 (55611a5fb1483bce)
[chrome 150.0.7871.187 mac #0-0]    ✓ test vector from bitcoind #467 (b3ff10f21e71ebc8)
[chrome 150.0.7871.187 mac #0-0]    ✓ test vector from bitcoind #468 (9b360c3310d55c84)
[chrome 150.0.7871.187 mac #0-0]    ✓ test vector from bitcoind #469 (2f482b97178f1728)
[chrome 150.0.7871.187 mac #0-0]    ✓ test vector from bitcoind #470 (6390ab0963cf611e)
[chrome 150.0.7871.187 mac #0-0]    ✓ test vector from bitcoind #471 (f77c3322c97b1681)
[chrome 150.0.7871.187 mac #0-0]    ✓ test vector from bitcoind #472 (5299b0fb7fc16f40)
[chrome 150.0.7871.187 mac #0-0]    ✓ test vector from bitcoind #473 (67483ee62516be17)
[chrome 150.0.7871.187 mac #0-0]    ✓ test vector from bitcoind #474 (48315a95e49277ab)
[chrome 150.0.7871.187 mac #0-0]    ✓ test vector from bitcoind #475 (74d6a2fa7866fd8b)
[chrome 150.0.7871.187 mac #0-0]    ✓ test vector from bitcoind #476 (1bc8ad76f9b7c366)
[chrome 150.0.7871.187 mac #0-0]    ✓ test vector from bitcoind #477 (a575fa4f59a8e90c)
[chrome 150.0.7871.187 mac #0-0]    ✓ test vector from bitcoind #478 (a72a760b361af418)
[chrome 150.0.7871.187 mac #0-0]    ✓ test vector from bitcoind #479 (2c45d021db545df7)
[chrome 150.0.7871.187 mac #0-0]    ✓ test vector from bitcoind #480 (32f3c012eca9a823)
[chrome 150.0.7871.187 mac #0-0]    ✓ test vector from bitcoind #481 (c76146f68f430372)
[chrome 150.0.7871.187 mac #0-0]    ✓ test vector from bitcoind #482 (1d849b92eedb9bf2)
[chrome 150.0.7871.187 mac #0-0]    ✓ test vector from bitcoind #483 (bbee17c858251474)
[chrome 150.0.7871.187 mac #0-0]    ✓ test vector from bitcoind #484 (84af1623366c4db6)
[chrome 150.0.7871.187 mac #0-0]    ✓ test vector from bitcoind #485 (ccfdba36d9445f44)
[chrome 150.0.7871.187 mac #0-0]    ✓ test vector from bitcoind #486 (5532717402a2da01)
[chrome 150.0.7871.187 mac #0-0]    ✓ test vector from bitcoind #487 (9a0435996cc58bdb)
[chrome 150.0.7871.187 mac #0-0]    ✓ test vector from bitcoind #488 (1d1757a782cb5860)
[chrome 150.0.7871.187 mac #0-0]    ✓ test vector from bitcoind #489 (e69dba3efb5c02af)
[chrome 150.0.7871.187 mac #0-0]    ✓ test vector from bitcoind #490 (b0dc030661783dd9)
[chrome 150.0.7871.187 mac #0-0]    ✓ test vector from bitcoind #491 (1dec0d5eb921bf5b)
[chrome 150.0.7871.187 mac #0-0]    ✓ test vector from bitcoind #492 (0a2ff41f6d155d8d)
[chrome 150.0.7871.187 mac #0-0]    ✓ test vector from bitcoind #493 (e05e3d383631a7ed)
[chrome 150.0.7871.187 mac #0-0]    ✓ test vector from bitcoind #494 (e657e2c8ec4ebc76)
[chrome 150.0.7871.187 mac #0-0]    ✓ test vector from bitcoind #495 (da86c260d42a6923)
[chrome 150.0.7871.187 mac #0-0]    ✓ test vector from bitcoind #496 (397c68803b7ce953)
[chrome 150.0.7871.187 mac #0-0]    ✓ test vector from bitcoind #497 (fe1dc9e8554deecf)
[chrome 150.0.7871.187 mac #0-0]    ✓ test vector from bitcoind #498 (950f4b4f72ccdf8a)
[chrome 150.0.7871.187 mac #0-0]    ✓ test vector from bitcoind #499 (d5981bd4467817c1)
[chrome 150.0.7871.187 mac #0-0]    ✓ test vector from bitcoind #500 (076b9f844f6ae429)
[chrome 150.0.7871.187 mac #0-0]
[chrome 150.0.7871.187 mac #0-0] TransactionSignature
[chrome 150.0.7871.187 mac #0-0]    ✓ can be created without the `new` keyword
[chrome 150.0.7871.187 mac #0-0]    ✓ can be retrieved from Transaction#getSignatures
[chrome 150.0.7871.187 mac #0-0]    ✓ fails when trying to create from invalid arguments
[chrome 150.0.7871.187 mac #0-0]    ✓ returns the same object if called with a TransactionSignature
[chrome 150.0.7871.187 mac #0-0]    ✓ gets returned by a P2SH multisig output
[chrome 150.0.7871.187 mac #0-0]    ✓ can be aplied to a Transaction with Transaction#addSignature
[chrome 150.0.7871.187 mac #0-0]
[chrome 150.0.7871.187 mac #0-0]     serialization
[chrome 150.0.7871.187 mac #0-0]        ✓ serializes to an object and roundtrips correctly
[chrome 150.0.7871.187 mac #0-0]        ✓ can be deserialized with fromObject
[chrome 150.0.7871.187 mac #0-0]        ✓ can deserialize when signature is a buffer
[chrome 150.0.7871.187 mac #0-0]        ✓ can roundtrip to/from json
[chrome 150.0.7871.187 mac #0-0]        ✓ can parse a previously known json string
[chrome 150.0.7871.187 mac #0-0]        ✓ can deserialize a previously known object
[chrome 150.0.7871.187 mac #0-0]
[chrome 150.0.7871.187 mac #0-0] Transaction deserialization
[chrome 150.0.7871.187 mac #0-0]     valid transaction test case
[chrome 150.0.7871.187 mac #0-0]        ✓ vector #0
[chrome 150.0.7871.187 mac #0-0]        ✓ vector #0
[chrome 150.0.7871.187 mac #0-0]        ✓ vector #0
[chrome 150.0.7871.187 mac #0-0]        ✓ vector #0
[chrome 150.0.7871.187 mac #0-0]        ✓ vector #0
[chrome 150.0.7871.187 mac #0-0]        ✓ vector #0
[chrome 150.0.7871.187 mac #0-0]        ✓ vector #0
[chrome 150.0.7871.187 mac #0-0]        ✓ vector #0
[chrome 150.0.7871.187 mac #0-0]        ✓ vector #0
[chrome 150.0.7871.187 mac #0-0]        ✓ vector #0
[chrome 150.0.7871.187 mac #0-0]        ✓ vector #0
[chrome 150.0.7871.187 mac #0-0]        ✓ vector #0
[chrome 150.0.7871.187 mac #0-0]        ✓ vector #0
[chrome 150.0.7871.187 mac #0-0]        ✓ vector #0
[chrome 150.0.7871.187 mac #0-0]        ✓ vector #0
[chrome 150.0.7871.187 mac #0-0]        ✓ vector #0
[chrome 150.0.7871.187 mac #0-0]        ✓ vector #0
[chrome 150.0.7871.187 mac #0-0]        ✓ vector #0
[chrome 150.0.7871.187 mac #0-0]        ✓ vector #0
[chrome 150.0.7871.187 mac #0-0]        ✓ vector #0
[chrome 150.0.7871.187 mac #0-0]        ✓ vector #0
[chrome 150.0.7871.187 mac #0-0]        ✓ vector #0
[chrome 150.0.7871.187 mac #0-0]        ✓ vector #0
[chrome 150.0.7871.187 mac #0-0]        ✓ vector #0
[chrome 150.0.7871.187 mac #0-0]        ✓ vector #0
[chrome 150.0.7871.187 mac #0-0]        ✓ vector #0
[chrome 150.0.7871.187 mac #0-0]        ✓ vector #0
[chrome 150.0.7871.187 mac #0-0]        ✓ vector #0
[chrome 150.0.7871.187 mac #0-0]        ✓ vector #0
[chrome 150.0.7871.187 mac #0-0]        ✓ vector #0
[chrome 150.0.7871.187 mac #0-0]        ✓ vector #0
[chrome 150.0.7871.187 mac #0-0]        ✓ vector #0
[chrome 150.0.7871.187 mac #0-0]        ✓ vector #0
[chrome 150.0.7871.187 mac #0-0]        ✓ vector #0
[chrome 150.0.7871.187 mac #0-0]        ✓ vector #0
[chrome 150.0.7871.187 mac #0-0]        ✓ vector #0
[chrome 150.0.7871.187 mac #0-0]        ✓ vector #0
[chrome 150.0.7871.187 mac #0-0]        ✓ vector #0
[chrome 150.0.7871.187 mac #0-0]        ✓ vector #0
[chrome 150.0.7871.187 mac #0-0]        ✓ vector #0
[chrome 150.0.7871.187 mac #0-0]        ✓ vector #0
[chrome 150.0.7871.187 mac #0-0]        ✓ vector #0
[chrome 150.0.7871.187 mac #0-0]        ✓ vector #0
[chrome 150.0.7871.187 mac #0-0]        ✓ vector #0
[chrome 150.0.7871.187 mac #0-0]        ✓ vector #0
[chrome 150.0.7871.187 mac #0-0]        ✓ vector #0
[chrome 150.0.7871.187 mac #0-0]        ✓ vector #0
[chrome 150.0.7871.187 mac #0-0]        ✓ vector #0
[chrome 150.0.7871.187 mac #0-0]        ✓ vector #0
[chrome 150.0.7871.187 mac #0-0]        ✓ vector #0
[chrome 150.0.7871.187 mac #0-0]        ✓ vector #0
[chrome 150.0.7871.187 mac #0-0]        ✓ vector #0
[chrome 150.0.7871.187 mac #0-0]        ✓ vector #0
[chrome 150.0.7871.187 mac #0-0]        ✓ vector #0
[chrome 150.0.7871.187 mac #0-0]        ✓ vector #0
[chrome 150.0.7871.187 mac #0-0]        ✓ vector #0
[chrome 150.0.7871.187 mac #0-0]        ✓ vector #0
[chrome 150.0.7871.187 mac #0-0]        ✓ vector #0
[chrome 150.0.7871.187 mac #0-0]        ✓ vector #0
[chrome 150.0.7871.187 mac #0-0]        ✓ vector #0
[chrome 150.0.7871.187 mac #0-0]        ✓ vector #0
[chrome 150.0.7871.187 mac #0-0]        ✓ vector #0
[chrome 150.0.7871.187 mac #0-0]        ✓ vector #0
[chrome 150.0.7871.187 mac #0-0]        ✓ vector #0
[chrome 150.0.7871.187 mac #0-0]        ✓ vector #0
[chrome 150.0.7871.187 mac #0-0]        ✓ vector #0
[chrome 150.0.7871.187 mac #0-0]        ✓ vector #0
[chrome 150.0.7871.187 mac #0-0]        ✓ vector #0
[chrome 150.0.7871.187 mac #0-0]        ✓ vector #0
[chrome 150.0.7871.187 mac #0-0]        ✓ vector #0
[chrome 150.0.7871.187 mac #0-0]        ✓ vector #0
[chrome 150.0.7871.187 mac #0-0]        ✓ vector #0
[chrome 150.0.7871.187 mac #0-0]        ✓ vector #0
[chrome 150.0.7871.187 mac #0-0]        ✓ vector #0
[chrome 150.0.7871.187 mac #0-0]        ✓ vector #0
[chrome 150.0.7871.187 mac #0-0]        ✓ vector #0
[chrome 150.0.7871.187 mac #0-0]        ✓ vector #0
[chrome 150.0.7871.187 mac #0-0]        ✓ vector #0
[chrome 150.0.7871.187 mac #0-0]        ✓ vector #0
[chrome 150.0.7871.187 mac #0-0]        ✓ vector #0
[chrome 150.0.7871.187 mac #0-0]        ✓ vector #0
[chrome 150.0.7871.187 mac #0-0]        ✓ vector #0
[chrome 150.0.7871.187 mac #0-0]        ✓ vector #0
[chrome 150.0.7871.187 mac #0-0]        ✓ vector #0
[chrome 150.0.7871.187 mac #0-0]        ✓ vector #0
[chrome 150.0.7871.187 mac #0-0]        ✓ vector #0
[chrome 150.0.7871.187 mac #0-0]        ✓ vector #0
[chrome 150.0.7871.187 mac #0-0]        ✓ vector #0
[chrome 150.0.7871.187 mac #0-0]        ✓ vector #0
[chrome 150.0.7871.187 mac #0-0]        ✓ vector #0
[chrome 150.0.7871.187 mac #0-0]        ✓ vector #0
[chrome 150.0.7871.187 mac #0-0]        ✓ vector #0
[chrome 150.0.7871.187 mac #0-0]        ✓ vector #0
[chrome 150.0.7871.187 mac #0-0]        ✓ vector #0
[chrome 150.0.7871.187 mac #0-0]        ✓ vector #0
[chrome 150.0.7871.187 mac #0-0]        ✓ vector #0
[chrome 150.0.7871.187 mac #0-0]        ✓ vector #0
[chrome 150.0.7871.187 mac #0-0]        ✓ vector #0
[chrome 150.0.7871.187 mac #0-0]        ✓ vector #0
[chrome 150.0.7871.187 mac #0-0]        ✓ vector #0
[chrome 150.0.7871.187 mac #0-0]        ✓ vector #0
[chrome 150.0.7871.187 mac #0-0]        ✓ vector #0
[chrome 150.0.7871.187 mac #0-0]        ✓ vector #0
[chrome 150.0.7871.187 mac #0-0]        ✓ vector #0
[chrome 150.0.7871.187 mac #0-0]        ✓ vector #0
[chrome 150.0.7871.187 mac #0-0]        ✓ vector #0
[chrome 150.0.7871.187 mac #0-0]        ✓ vector #0
[chrome 150.0.7871.187 mac #0-0]        ✓ vector #0
[chrome 150.0.7871.187 mac #0-0]        ✓ vector #0
[chrome 150.0.7871.187 mac #0-0]        ✓ vector #0
[chrome 150.0.7871.187 mac #0-0]        ✓ vector #0
[chrome 150.0.7871.187 mac #0-0]        ✓ vector #0
[chrome 150.0.7871.187 mac #0-0]        ✓ vector #0
[chrome 150.0.7871.187 mac #0-0]        ✓ vector #0
[chrome 150.0.7871.187 mac #0-0]        ✓ vector #0
[chrome 150.0.7871.187 mac #0-0]        ✓ vector #0
[chrome 150.0.7871.187 mac #0-0]        ✓ vector #0
[chrome 150.0.7871.187 mac #0-0]        ✓ vector #0
[chrome 150.0.7871.187 mac #0-0]        ✓ vector #0
[chrome 150.0.7871.187 mac #0-0]        ✓ vector #0
[chrome 150.0.7871.187 mac #0-0]        ✓ vector #0
[chrome 150.0.7871.187 mac #0-0]        ✓ vector #0
[chrome 150.0.7871.187 mac #0-0]        ✓ vector #0
[chrome 150.0.7871.187 mac #0-0]        ✓ vector #0
[chrome 150.0.7871.187 mac #0-0]        ✓ vector #0
[chrome 150.0.7871.187 mac #0-0]        ✓ vector #0
[chrome 150.0.7871.187 mac #0-0]        ✓ vector #0
[chrome 150.0.7871.187 mac #0-0]        ✓ vector #0
[chrome 150.0.7871.187 mac #0-0]        ✓ vector #0
[chrome 150.0.7871.187 mac #0-0]        ✓ vector #0
[chrome 150.0.7871.187 mac #0-0]        ✓ vector #0
[chrome 150.0.7871.187 mac #0-0]        ✓ vector #0
[chrome 150.0.7871.187 mac #0-0]        ✓ vector #0
[chrome 150.0.7871.187 mac #0-0]        ✓ vector #0
[chrome 150.0.7871.187 mac #0-0]        ✓ vector #0
[chrome 150.0.7871.187 mac #0-0]        ✓ vector #0
[chrome 150.0.7871.187 mac #0-0]        ✓ vector #0
[chrome 150.0.7871.187 mac #0-0]        ✓ vector #0
[chrome 150.0.7871.187 mac #0-0]        ✓ vector #0
[chrome 150.0.7871.187 mac #0-0]        ✓ vector #0
[chrome 150.0.7871.187 mac #0-0]        ✓ vector #0
[chrome 150.0.7871.187 mac #0-0]        ✓ vector #0
[chrome 150.0.7871.187 mac #0-0]        ✓ vector #0
[chrome 150.0.7871.187 mac #0-0]        ✓ vector #0
[chrome 150.0.7871.187 mac #0-0]        ✓ vector #0
[chrome 150.0.7871.187 mac #0-0]        ✓ vector #0
[chrome 150.0.7871.187 mac #0-0]        ✓ vector #0
[chrome 150.0.7871.187 mac #0-0]        ✓ vector #0
[chrome 150.0.7871.187 mac #0-0]        ✓ vector #0
[chrome 150.0.7871.187 mac #0-0]        ✓ vector #0
[chrome 150.0.7871.187 mac #0-0]        ✓ vector #0
[chrome 150.0.7871.187 mac #0-0]        ✓ vector #0
[chrome 150.0.7871.187 mac #0-0]        ✓ vector #0
[chrome 150.0.7871.187 mac #0-0]        ✓ vector #0
[chrome 150.0.7871.187 mac #0-0]        ✓ vector #0
[chrome 150.0.7871.187 mac #0-0]        ✓ vector #0
[chrome 150.0.7871.187 mac #0-0]        ✓ vector #0
[chrome 150.0.7871.187 mac #0-0]        ✓ vector #0
[chrome 150.0.7871.187 mac #0-0]        ✓ vector #0
[chrome 150.0.7871.187 mac #0-0]        ✓ vector #0
[chrome 150.0.7871.187 mac #0-0]        ✓ vector #0
[chrome 150.0.7871.187 mac #0-0]        ✓ vector #0
[chrome 150.0.7871.187 mac #0-0]        ✓ vector #0
[chrome 150.0.7871.187 mac #0-0]        ✓ vector #0
[chrome 150.0.7871.187 mac #0-0]        ✓ vector #0
[chrome 150.0.7871.187 mac #0-0]        ✓ vector #0
[chrome 150.0.7871.187 mac #0-0]        ✓ vector #0
[chrome 150.0.7871.187 mac #0-0]        ✓ vector #0
[chrome 150.0.7871.187 mac #0-0]        ✓ vector #0
[chrome 150.0.7871.187 mac #0-0]        ✓ vector #0
[chrome 150.0.7871.187 mac #0-0]        ✓ vector #0
[chrome 150.0.7871.187 mac #0-0]        ✓ vector #0
[chrome 150.0.7871.187 mac #0-0]        ✓ vector #0
[chrome 150.0.7871.187 mac #0-0]        ✓ vector #0
[chrome 150.0.7871.187 mac #0-0]        ✓ vector #0
[chrome 150.0.7871.187 mac #0-0]        ✓ vector #0
[chrome 150.0.7871.187 mac #0-0]        ✓ vector #0
[chrome 150.0.7871.187 mac #0-0]        ✓ vector #0
[chrome 150.0.7871.187 mac #0-0]        ✓ vector #0
[chrome 150.0.7871.187 mac #0-0]        ✓ vector #0
[chrome 150.0.7871.187 mac #0-0]        ✓ vector #0
[chrome 150.0.7871.187 mac #0-0]        ✓ vector #0
[chrome 150.0.7871.187 mac #0-0]        ✓ vector #0
[chrome 150.0.7871.187 mac #0-0]        ✓ vector #0
[chrome 150.0.7871.187 mac #0-0]        ✓ vector #0
[chrome 150.0.7871.187 mac #0-0]        ✓ vector #0
[chrome 150.0.7871.187 mac #0-0]        ✓ vector #0
[chrome 150.0.7871.187 mac #0-0]        ✓ vector #0
[chrome 150.0.7871.187 mac #0-0]        ✓ vector #0
[chrome 150.0.7871.187 mac #0-0]        ✓ vector #0
[chrome 150.0.7871.187 mac #0-0]        ✓ vector #0
[chrome 150.0.7871.187 mac #0-0]        ✓ vector #0
[chrome 150.0.7871.187 mac #0-0]        ✓ vector #0
[chrome 150.0.7871.187 mac #0-0]        ✓ vector #0
[chrome 150.0.7871.187 mac #0-0]        ✓ vector #0
[chrome 150.0.7871.187 mac #0-0]        ✓ vector #0
[chrome 150.0.7871.187 mac #0-0]        ✓ vector #0
[chrome 150.0.7871.187 mac #0-0]        ✓ vector #0
[chrome 150.0.7871.187 mac #0-0]        ✓ vector #0
[chrome 150.0.7871.187 mac #0-0]        ✓ vector #0
[chrome 150.0.7871.187 mac #0-0]        ✓ vector #0
[chrome 150.0.7871.187 mac #0-0]        ✓ vector #0
[chrome 150.0.7871.187 mac #0-0]        ✓ vector #0
[chrome 150.0.7871.187 mac #0-0]        ✓ vector #0
[chrome 150.0.7871.187 mac #0-0]        ✓ vector #0
[chrome 150.0.7871.187 mac #0-0]        ✓ vector #0
[chrome 150.0.7871.187 mac #0-0]        ✓ vector #0
[chrome 150.0.7871.187 mac #0-0]        ✓ vector #0
[chrome 150.0.7871.187 mac #0-0]        ✓ vector #0
[chrome 150.0.7871.187 mac #0-0]        ✓ vector #0
[chrome 150.0.7871.187 mac #0-0]        ✓ vector #0
[chrome 150.0.7871.187 mac #0-0]        ✓ vector #0
[chrome 150.0.7871.187 mac #0-0]        ✓ vector #0
[chrome 150.0.7871.187 mac #0-0]        ✓ vector #0
[chrome 150.0.7871.187 mac #0-0]        ✓ vector #0
[chrome 150.0.7871.187 mac #0-0]        ✓ vector #0
[chrome 150.0.7871.187 mac #0-0]        ✓ vector #0
[chrome 150.0.7871.187 mac #0-0]        ✓ vector #0
[chrome 150.0.7871.187 mac #0-0]        ✓ vector #0
[chrome 150.0.7871.187 mac #0-0]        ✓ vector #0
[chrome 150.0.7871.187 mac #0-0]        ✓ vector #0
[chrome 150.0.7871.187 mac #0-0]        ✓ vector #0
[chrome 150.0.7871.187 mac #0-0]        ✓ vector #0
[chrome 150.0.7871.187 mac #0-0]        ✓ vector #0
[chrome 150.0.7871.187 mac #0-0]        ✓ vector #0
[chrome 150.0.7871.187 mac #0-0]        ✓ vector #0
[chrome 150.0.7871.187 mac #0-0]        ✓ vector #0
[chrome 150.0.7871.187 mac #0-0]        ✓ vector #0
[chrome 150.0.7871.187 mac #0-0]        ✓ vector #0
[chrome 150.0.7871.187 mac #0-0]        ✓ vector #0
[chrome 150.0.7871.187 mac #0-0]        ✓ vector #0
[chrome 150.0.7871.187 mac #0-0]        ✓ vector #0
[chrome 150.0.7871.187 mac #0-0]        ✓ vector #0
[chrome 150.0.7871.187 mac #0-0]        ✓ vector #0
[chrome 150.0.7871.187 mac #0-0]        ✓ vector #0
[chrome 150.0.7871.187 mac #0-0]        ✓ vector #0
[chrome 150.0.7871.187 mac #0-0]        ✓ vector #0
[chrome 150.0.7871.187 mac #0-0]        ✓ vector #0
[chrome 150.0.7871.187 mac #0-0]        ✓ vector #0
[chrome 150.0.7871.187 mac #0-0]        ✓ vector #0
[chrome 150.0.7871.187 mac #0-0]        ✓ vector #0
[chrome 150.0.7871.187 mac #0-0]        ✓ vector #0
[chrome 150.0.7871.187 mac #0-0]        ✓ vector #0
[chrome 150.0.7871.187 mac #0-0]        ✓ vector #0
[chrome 150.0.7871.187 mac #0-0]        ✓ vector #0
[chrome 150.0.7871.187 mac #0-0]        ✓ vector #0
[chrome 150.0.7871.187 mac #0-0]        ✓ vector #0
[chrome 150.0.7871.187 mac #0-0]
[chrome 150.0.7871.187 mac #0-0]     invalid transaction test case
[chrome 150.0.7871.187 mac #0-0]        ✓ invalid vector #0
[chrome 150.0.7871.187 mac #0-0]        ✓ invalid vector #0
[chrome 150.0.7871.187 mac #0-0]        ✓ invalid vector #0
[chrome 150.0.7871.187 mac #0-0]        ✓ invalid vector #0
[chrome 150.0.7871.187 mac #0-0]        ✓ invalid vector #0
[chrome 150.0.7871.187 mac #0-0]        ✓ invalid vector #0
[chrome 150.0.7871.187 mac #0-0]        ✓ invalid vector #0
[chrome 150.0.7871.187 mac #0-0]        ✓ invalid vector #0
[chrome 150.0.7871.187 mac #0-0]        ✓ invalid vector #0
[chrome 150.0.7871.187 mac #0-0]        ✓ invalid vector #0
[chrome 150.0.7871.187 mac #0-0]        ✓ invalid vector #0
[chrome 150.0.7871.187 mac #0-0]        ✓ invalid vector #0
[chrome 150.0.7871.187 mac #0-0]        ✓ invalid vector #0
[chrome 150.0.7871.187 mac #0-0]        ✓ invalid vector #0
[chrome 150.0.7871.187 mac #0-0]        ✓ invalid vector #0
[chrome 150.0.7871.187 mac #0-0]        ✓ invalid vector #0
[chrome 150.0.7871.187 mac #0-0]        ✓ invalid vector #0
[chrome 150.0.7871.187 mac #0-0]        ✓ invalid vector #0
[chrome 150.0.7871.187 mac #0-0]        ✓ invalid vector #0
[chrome 150.0.7871.187 mac #0-0]        ✓ invalid vector #0
[chrome 150.0.7871.187 mac #0-0]        ✓ invalid vector #0
[chrome 150.0.7871.187 mac #0-0]        ✓ invalid vector #0
[chrome 150.0.7871.187 mac #0-0]        ✓ invalid vector #0
[chrome 150.0.7871.187 mac #0-0]        ✓ invalid vector #0
[chrome 150.0.7871.187 mac #0-0]        ✓ invalid vector #0
[chrome 150.0.7871.187 mac #0-0]        ✓ invalid vector #0
[chrome 150.0.7871.187 mac #0-0]        ✓ invalid vector #0
[chrome 150.0.7871.187 mac #0-0]        ✓ invalid vector #0
[chrome 150.0.7871.187 mac #0-0]        ✓ invalid vector #0
[chrome 150.0.7871.187 mac #0-0]        ✓ invalid vector #0
[chrome 150.0.7871.187 mac #0-0]        ✓ invalid vector #0
[chrome 150.0.7871.187 mac #0-0]        ✓ invalid vector #0
[chrome 150.0.7871.187 mac #0-0]        ✓ invalid vector #0
[chrome 150.0.7871.187 mac #0-0]        ✓ invalid vector #0
[chrome 150.0.7871.187 mac #0-0]        ✓ invalid vector #0
[chrome 150.0.7871.187 mac #0-0]        ✓ invalid vector #0
[chrome 150.0.7871.187 mac #0-0]        ✓ invalid vector #0
[chrome 150.0.7871.187 mac #0-0]        ✓ invalid vector #0
[chrome 150.0.7871.187 mac #0-0]        ✓ invalid vector #0
[chrome 150.0.7871.187 mac #0-0]        ✓ invalid vector #0
[chrome 150.0.7871.187 mac #0-0]        ✓ invalid vector #0
[chrome 150.0.7871.187 mac #0-0]        ✓ invalid vector #0
[chrome 150.0.7871.187 mac #0-0]        ✓ invalid vector #0
[chrome 150.0.7871.187 mac #0-0]        ✓ invalid vector #0
[chrome 150.0.7871.187 mac #0-0]        ✓ invalid vector #0
[chrome 150.0.7871.187 mac #0-0]        ✓ invalid vector #0
[chrome 150.0.7871.187 mac #0-0]        ✓ invalid vector #0
[chrome 150.0.7871.187 mac #0-0]        ✓ invalid vector #0
[chrome 150.0.7871.187 mac #0-0]        ✓ invalid vector #0
[chrome 150.0.7871.187 mac #0-0]        ✓ invalid vector #0
[chrome 150.0.7871.187 mac #0-0]        ✓ invalid vector #0
[chrome 150.0.7871.187 mac #0-0]        ✓ invalid vector #0
[chrome 150.0.7871.187 mac #0-0]        ✓ invalid vector #0
[chrome 150.0.7871.187 mac #0-0]        ✓ invalid vector #0
[chrome 150.0.7871.187 mac #0-0]        ✓ invalid vector #0
[chrome 150.0.7871.187 mac #0-0]        ✓ invalid vector #0
[chrome 150.0.7871.187 mac #0-0]        ✓ invalid vector #0
[chrome 150.0.7871.187 mac #0-0]        ✓ invalid vector #0
[chrome 150.0.7871.187 mac #0-0]        ✓ invalid vector #0
[chrome 150.0.7871.187 mac #0-0]        ✓ invalid vector #0
[chrome 150.0.7871.187 mac #0-0]        ✓ invalid vector #0
[chrome 150.0.7871.187 mac #0-0]        ✓ invalid vector #0
[chrome 150.0.7871.187 mac #0-0]        ✓ invalid vector #0
[chrome 150.0.7871.187 mac #0-0]        ✓ invalid vector #0
[chrome 150.0.7871.187 mac #0-0]        ✓ invalid vector #0
[chrome 150.0.7871.187 mac #0-0]        ✓ invalid vector #0
[chrome 150.0.7871.187 mac #0-0]        ✓ invalid vector #0
[chrome 150.0.7871.187 mac #0-0]        ✓ invalid vector #0
[chrome 150.0.7871.187 mac #0-0]        ✓ invalid vector #0
[chrome 150.0.7871.187 mac #0-0]        ✓ invalid vector #0
[chrome 150.0.7871.187 mac #0-0]        ✓ invalid vector #0
[chrome 150.0.7871.187 mac #0-0]        ✓ invalid vector #0
[chrome 150.0.7871.187 mac #0-0]        ✓ invalid vector #0
[chrome 150.0.7871.187 mac #0-0]        ✓ invalid vector #0
[chrome 150.0.7871.187 mac #0-0]        ✓ invalid vector #0
[chrome 150.0.7871.187 mac #0-0]        ✓ invalid vector #0
[chrome 150.0.7871.187 mac #0-0]        ✓ invalid vector #0
[chrome 150.0.7871.187 mac #0-0]        ✓ invalid vector #0
[chrome 150.0.7871.187 mac #0-0]        ✓ invalid vector #0
[chrome 150.0.7871.187 mac #0-0]        ✓ invalid vector #0
[chrome 150.0.7871.187 mac #0-0]        ✓ invalid vector #0
[chrome 150.0.7871.187 mac #0-0]        ✓ invalid vector #0
[chrome 150.0.7871.187 mac #0-0]        ✓ invalid vector #0
[chrome 150.0.7871.187 mac #0-0]        ✓ invalid vector #0
[chrome 150.0.7871.187 mac #0-0]        ✓ invalid vector #0
[chrome 150.0.7871.187 mac #0-0]        ✓ invalid vector #0
[chrome 150.0.7871.187 mac #0-0]        ✓ invalid vector #0
[chrome 150.0.7871.187 mac #0-0]        ✓ invalid vector #0
[chrome 150.0.7871.187 mac #0-0]        ✓ invalid vector #0
[chrome 150.0.7871.187 mac #0-0]        ✓ invalid vector #0
[chrome 150.0.7871.187 mac #0-0]        ✓ invalid vector #0
[chrome 150.0.7871.187 mac #0-0]        ✓ invalid vector #0
[chrome 150.0.7871.187 mac #0-0]        ✓ invalid vector #0
[chrome 150.0.7871.187 mac #0-0]        ✓ invalid vector #0
[chrome 150.0.7871.187 mac #0-0]        ✓ invalid vector #0
[chrome 150.0.7871.187 mac #0-0]        ✓ invalid vector #0
[chrome 150.0.7871.187 mac #0-0]        ✓ invalid vector #0
[chrome 150.0.7871.187 mac #0-0]        ✓ invalid vector #0
[chrome 150.0.7871.187 mac #0-0]        ✓ invalid vector #0
[chrome 150.0.7871.187 mac #0-0]        ✓ invalid vector #0
[chrome 150.0.7871.187 mac #0-0]        ✓ invalid vector #0
[chrome 150.0.7871.187 mac #0-0]        ✓ invalid vector #0
[chrome 150.0.7871.187 mac #0-0]        ✓ invalid vector #0
[chrome 150.0.7871.187 mac #0-0]        ✓ invalid vector #0
[chrome 150.0.7871.187 mac #0-0]        ✓ invalid vector #0
[chrome 150.0.7871.187 mac #0-0]        ✓ invalid vector #0
[chrome 150.0.7871.187 mac #0-0]        ✓ invalid vector #0
[chrome 150.0.7871.187 mac #0-0]        ✓ invalid vector #0
[chrome 150.0.7871.187 mac #0-0]        ✓ invalid vector #0
[chrome 150.0.7871.187 mac #0-0]        ✓ invalid vector #0
[chrome 150.0.7871.187 mac #0-0]        ✓ invalid vector #0
[chrome 150.0.7871.187 mac #0-0]        ✓ invalid vector #0
[chrome 150.0.7871.187 mac #0-0]        ✓ invalid vector #0
[chrome 150.0.7871.187 mac #0-0]        ✓ invalid vector #0
[chrome 150.0.7871.187 mac #0-0]        ✓ invalid vector #0
[chrome 150.0.7871.187 mac #0-0]        ✓ invalid vector #0
[chrome 150.0.7871.187 mac #0-0]        ✓ invalid vector #0
[chrome 150.0.7871.187 mac #0-0]        ✓ invalid vector #0
[chrome 150.0.7871.187 mac #0-0]        ✓ invalid vector #0
[chrome 150.0.7871.187 mac #0-0]        ✓ invalid vector #0
[chrome 150.0.7871.187 mac #0-0]        ✓ invalid vector #0
[chrome 150.0.7871.187 mac #0-0]        ✓ invalid vector #0
[chrome 150.0.7871.187 mac #0-0]        ✓ invalid vector #0
[chrome 150.0.7871.187 mac #0-0]        ✓ invalid vector #0
[chrome 150.0.7871.187 mac #0-0]        ✓ invalid vector #0
[chrome 150.0.7871.187 mac #0-0]        ✓ invalid vector #0
[chrome 150.0.7871.187 mac #0-0]        ✓ invalid vector #0
[chrome 150.0.7871.187 mac #0-0]        ✓ invalid vector #0
[chrome 150.0.7871.187 mac #0-0]        ✓ invalid vector #0
[chrome 150.0.7871.187 mac #0-0]        ✓ invalid vector #0
[chrome 150.0.7871.187 mac #0-0]        ✓ invalid vector #0
[chrome 150.0.7871.187 mac #0-0]        ✓ invalid vector #0
[chrome 150.0.7871.187 mac #0-0]        ✓ invalid vector #0
[chrome 150.0.7871.187 mac #0-0]        ✓ invalid vector #0
[chrome 150.0.7871.187 mac #0-0]        ✓ invalid vector #0
[chrome 150.0.7871.187 mac #0-0]        ✓ invalid vector #0
[chrome 150.0.7871.187 mac #0-0]        ✓ invalid vector #0
[chrome 150.0.7871.187 mac #0-0]        ✓ invalid vector #0
[chrome 150.0.7871.187 mac #0-0]        ✓ invalid vector #0
[chrome 150.0.7871.187 mac #0-0]        ✓ invalid vector #0
[chrome 150.0.7871.187 mac #0-0]        ✓ invalid vector #0
[chrome 150.0.7871.187 mac #0-0]        ✓ invalid vector #0
[chrome 150.0.7871.187 mac #0-0]        ✓ invalid vector #0
[chrome 150.0.7871.187 mac #0-0]        ✓ invalid vector #0
[chrome 150.0.7871.187 mac #0-0]        ✓ invalid vector #0
[chrome 150.0.7871.187 mac #0-0]        ✓ invalid vector #0
[chrome 150.0.7871.187 mac #0-0]        ✓ invalid vector #0
[chrome 150.0.7871.187 mac #0-0]        ✓ invalid vector #0
[chrome 150.0.7871.187 mac #0-0]        ✓ invalid vector #0
[chrome 150.0.7871.187 mac #0-0]        ✓ invalid vector #0
[chrome 150.0.7871.187 mac #0-0]        ✓ invalid vector #0
[chrome 150.0.7871.187 mac #0-0]        ✓ invalid vector #0
[chrome 150.0.7871.187 mac #0-0]        ✓ invalid vector #0
[chrome 150.0.7871.187 mac #0-0]        ✓ invalid vector #0
[chrome 150.0.7871.187 mac #0-0]        ✓ invalid vector #0
[chrome 150.0.7871.187 mac #0-0]        ✓ invalid vector #0
[chrome 150.0.7871.187 mac #0-0]        ✓ invalid vector #0
[chrome 150.0.7871.187 mac #0-0]        ✓ invalid vector #0
[chrome 150.0.7871.187 mac #0-0]        ✓ invalid vector #0
[chrome 150.0.7871.187 mac #0-0]        ✓ invalid vector #0
[chrome 150.0.7871.187 mac #0-0]        ✓ invalid vector #0
[chrome 150.0.7871.187 mac #0-0]        ✓ invalid vector #0
[chrome 150.0.7871.187 mac #0-0]        ✓ invalid vector #0
[chrome 150.0.7871.187 mac #0-0]        ✓ invalid vector #0
[chrome 150.0.7871.187 mac #0-0]        ✓ invalid vector #0
[chrome 150.0.7871.187 mac #0-0]        ✓ invalid vector #0
[chrome 150.0.7871.187 mac #0-0]        ✓ invalid vector #0
[chrome 150.0.7871.187 mac #0-0]        ✓ invalid vector #0
[chrome 150.0.7871.187 mac #0-0]        ✓ invalid vector #0
[chrome 150.0.7871.187 mac #0-0]        ✓ invalid vector #0
[chrome 150.0.7871.187 mac #0-0]        ✓ invalid vector #0
[chrome 150.0.7871.187 mac #0-0]        ✓ invalid vector #0
[chrome 150.0.7871.187 mac #0-0]        ✓ invalid vector #0
[chrome 150.0.7871.187 mac #0-0]        ✓ invalid vector #0
[chrome 150.0.7871.187 mac #0-0]        ✓ invalid vector #0
[chrome 150.0.7871.187 mac #0-0]        ✓ invalid vector #0
[chrome 150.0.7871.187 mac #0-0]        ✓ invalid vector #0
[chrome 150.0.7871.187 mac #0-0]        ✓ invalid vector #0
[chrome 150.0.7871.187 mac #0-0]        ✓ invalid vector #0
[chrome 150.0.7871.187 mac #0-0]        ✓ invalid vector #0
[chrome 150.0.7871.187 mac #0-0]        ✓ invalid vector #0
[chrome 150.0.7871.187 mac #0-0]        ✓ invalid vector #0
[chrome 150.0.7871.187 mac #0-0]        ✓ invalid vector #0
[chrome 150.0.7871.187 mac #0-0]        ✓ invalid vector #0
[chrome 150.0.7871.187 mac #0-0]        ✓ invalid vector #0
[chrome 150.0.7871.187 mac #0-0]        ✓ invalid vector #0
[chrome 150.0.7871.187 mac #0-0]        ✓ invalid vector #0
[chrome 150.0.7871.187 mac #0-0]        ✓ invalid vector #0
[chrome 150.0.7871.187 mac #0-0]        ✓ invalid vector #0
[chrome 150.0.7871.187 mac #0-0]        ✓ invalid vector #0
[chrome 150.0.7871.187 mac #0-0]        ✓ invalid vector #0
[chrome 150.0.7871.187 mac #0-0]        ✓ invalid vector #0
[chrome 150.0.7871.187 mac #0-0]        ✓ invalid vector #0
[chrome 150.0.7871.187 mac #0-0]        ✓ invalid vector #0
[chrome 150.0.7871.187 mac #0-0]        ✓ invalid vector #0
[chrome 150.0.7871.187 mac #0-0]        ✓ invalid vector #0
[chrome 150.0.7871.187 mac #0-0]        ✓ invalid vector #0
[chrome 150.0.7871.187 mac #0-0]        ✓ invalid vector #0
[chrome 150.0.7871.187 mac #0-0]
[chrome 150.0.7871.187 mac #0-0] Output
[chrome 150.0.7871.187 mac #0-0]    ✓ throws error with unrecognized argument
[chrome 150.0.7871.187 mac #0-0]    ✓ can be assigned a satoshi amount in big number
[chrome 150.0.7871.187 mac #0-0]    ✓ can be assigned a satoshi amount with a string
[chrome 150.0.7871.187 mac #0-0]    ✓ deserializes correctly a simple output
[chrome 150.0.7871.187 mac #0-0]    ✓ can instantiate from an object
[chrome 150.0.7871.187 mac #0-0]    ✓ can set a script from a buffer
[chrome 150.0.7871.187 mac #0-0]    ✓ has a inspect property
[chrome 150.0.7871.187 mac #0-0]    ✓ toBufferWriter
[chrome 150.0.7871.187 mac #0-0]    ✓ roundtrips to/from object
[chrome 150.0.7871.187 mac #0-0]    ✓ toObject will handle an invalid (null) script
[chrome 150.0.7871.187 mac #0-0]    ✓ #toObject roundtrip will handle an invalid (null) script
[chrome 150.0.7871.187 mac #0-0]    ✓ inspect will work with an invalid (null) script
[chrome 150.0.7871.187 mac #0-0]    ✓ roundtrips to/from JSON
[chrome 150.0.7871.187 mac #0-0]    ✓ setScript fails with invalid input
[chrome 150.0.7871.187 mac #0-0]    ✓ sets script to null if it is an InvalidBuffer
[chrome 150.0.7871.187 mac #0-0]    ✓ should throw an error if Script throws an error that is not InvalidBuffer
[chrome 150.0.7871.187 mac #0-0]
[chrome 150.0.7871.187 mac #0-0]     will error if output is not a positive integer
[chrome 150.0.7871.187 mac #0-0]        ✓ -100
[chrome 150.0.7871.187 mac #0-0]        ✓ 1.1
[chrome 150.0.7871.187 mac #0-0]        ✓ NaN
[chrome 150.0.7871.187 mac #0-0]        ✓ Infinity
[chrome 150.0.7871.187 mac #0-0]
[chrome 150.0.7871.187 mac #0-0] UnspentOutput
[chrome 150.0.7871.187 mac #0-0]    ✓ roundtrip from raw data
[chrome 150.0.7871.187 mac #0-0]    ✓ can be created without "new" operand
[chrome 150.0.7871.187 mac #0-0]    ✓ fails if no tx id is provided
[chrome 150.0.7871.187 mac #0-0]    ✓ fails if vout is not a number
[chrome 150.0.7871.187 mac #0-0]    ✓ displays nicely on the console
[chrome 150.0.7871.187 mac #0-0]    ✓ toString returns txid:vout
[chrome 150.0.7871.187 mac #0-0]    ✓ to/from JSON roundtrip
[chrome 150.0.7871.187 mac #0-0]
[chrome 150.0.7871.187 mac #0-0]     checking the constructor parameters
[chrome 150.0.7871.187 mac #0-0]        ✓ fails when no amount is defined
[chrome 150.0.7871.187 mac #0-0]        ✓ does not fail when amount is zero
[chrome 150.0.7871.187 mac #0-0]
[chrome 150.0.7871.187 mac #0-0] Random
[chrome 150.0.7871.187 mac #0-0]     @getRandomBuffer
[chrome 150.0.7871.187 mac #0-0]        ✓ should return a buffer
[chrome 150.0.7871.187 mac #0-0]        ✓ should not equate two 256 bit random buffers
[chrome 150.0.7871.187 mac #0-0]        ✓ should generate 100 8 byte buffers in a row that are not equal
[chrome 150.0.7871.187 mac #0-0]
[chrome 150.0.7871.187 mac #0-0] Signature
[chrome 150.0.7871.187 mac #0-0]    ✓ should make a blank signature
[chrome 150.0.7871.187 mac #0-0]    ✓ should work with conveniently setting r, s
[chrome 150.0.7871.187 mac #0-0]
[chrome 150.0.7871.187 mac #0-0]     #set
[chrome 150.0.7871.187 mac #0-0]        ✓ should set compressed
[chrome 150.0.7871.187 mac #0-0]        ✓ should set nhashtype
[chrome 150.0.7871.187 mac #0-0]
[chrome 150.0.7871.187 mac #0-0]     #fromCompact
[chrome 150.0.7871.187 mac #0-0]        ✓ should create a signature from a compressed signature
[chrome 150.0.7871.187 mac #0-0]        ✓ should create a signature from an uncompressed signature
[chrome 150.0.7871.187 mac #0-0]
[chrome 150.0.7871.187 mac #0-0]     #fromDER
[chrome 150.0.7871.187 mac #0-0]        ✓ should parse this DER format signature
[chrome 150.0.7871.187 mac #0-0]
[chrome 150.0.7871.187 mac #0-0]     #fromString
[chrome 150.0.7871.187 mac #0-0]        ✓ should parse this DER format signature in hex
[chrome 150.0.7871.187 mac #0-0]
[chrome 150.0.7871.187 mac #0-0]     #toTxFormat
[chrome 150.0.7871.187 mac #0-0]        ✓ should parse this known signature and rebuild it with updated zero-padded sighash types
[chrome 150.0.7871.187 mac #0-0]
[chrome 150.0.7871.187 mac #0-0]     #fromTxFormat
[chrome 150.0.7871.187 mac #0-0]        ✓ should convert from this known tx-format buffer
[chrome 150.0.7871.187 mac #0-0]        ✓ should parse this known signature and rebuild it
[chrome 150.0.7871.187 mac #0-0]
[chrome 150.0.7871.187 mac #0-0]     #parseDER
[chrome 150.0.7871.187 mac #0-0]        ✓ should parse this signature generated in node
[chrome 150.0.7871.187 mac #0-0]        ✓ should parse this 69 byte signature
[chrome 150.0.7871.187 mac #0-0]        ✓ should parse this 68 byte signature
[chrome 150.0.7871.187 mac #0-0]        ✓ should parse this signature from script_valid.json
[chrome 150.0.7871.187 mac #0-0]
[chrome 150.0.7871.187 mac #0-0]     #toDER
[chrome 150.0.7871.187 mac #0-0]        ✓ should convert these known r and s values into a known signature
[chrome 150.0.7871.187 mac #0-0]
[chrome 150.0.7871.187 mac #0-0]     #toString
[chrome 150.0.7871.187 mac #0-0]        ✓ should convert this signature in to hex DER
[chrome 150.0.7871.187 mac #0-0]
[chrome 150.0.7871.187 mac #0-0]     @isTxDER
[chrome 150.0.7871.187 mac #0-0]        ✓ should know this is a DER signature
[chrome 150.0.7871.187 mac #0-0]        ✓ should know this is not a DER signature
[chrome 150.0.7871.187 mac #0-0]
[chrome 150.0.7871.187 mac #0-0]         bitcoind fixtures
[chrome 150.0.7871.187 mac #0-0]            ✓ should be valid for fixture #0
[chrome 150.0.7871.187 mac #0-0]            ✓ should be valid for fixture #1
[chrome 150.0.7871.187 mac #0-0]            ✓ should be valid for fixture #2
[chrome 150.0.7871.187 mac #0-0]            ✓ should be valid for fixture #3
[chrome 150.0.7871.187 mac #0-0]            ✓ should be valid for fixture #4
[chrome 150.0.7871.187 mac #0-0]            ✓ should be invalid for fixture #0
[chrome 150.0.7871.187 mac #0-0]            ✓ should be invalid for fixture #1
[chrome 150.0.7871.187 mac #0-0]            ✓ should be invalid for fixture #2
[chrome 150.0.7871.187 mac #0-0]            ✓ should be invalid for fixture #3
[chrome 150.0.7871.187 mac #0-0]            ✓ should be invalid for fixture #4
[chrome 150.0.7871.187 mac #0-0]            ✓ should be invalid for fixture #5
[chrome 150.0.7871.187 mac #0-0]            ✓ should be invalid for fixture #6
[chrome 150.0.7871.187 mac #0-0]            ✓ should be invalid for fixture #7
[chrome 150.0.7871.187 mac #0-0]            ✓ should be invalid for fixture #8
[chrome 150.0.7871.187 mac #0-0]            ✓ should be invalid for fixture #9
[chrome 150.0.7871.187 mac #0-0]            ✓ should be invalid for fixture #10
[chrome 150.0.7871.187 mac #0-0]            ✓ should be invalid for fixture #11
[chrome 150.0.7871.187 mac #0-0]            ✓ should be invalid for fixture #12
[chrome 150.0.7871.187 mac #0-0]            ✓ should be invalid for fixture #13
[chrome 150.0.7871.187 mac #0-0]            ✓ should be invalid for fixture #14
[chrome 150.0.7871.187 mac #0-0]
[chrome 150.0.7871.187 mac #0-0]     #hasLowS
[chrome 150.0.7871.187 mac #0-0]        ✓ should detect high and low S
[chrome 150.0.7871.187 mac #0-0]
[chrome 150.0.7871.187 mac #0-0]     #hasDefinedHashtype
[chrome 150.0.7871.187 mac #0-0]        ✓ should reject invalid sighash types and accept valid ones
[chrome 150.0.7871.187 mac #0-0]
[chrome 150.0.7871.187 mac #0-0] Hash
[chrome 150.0.7871.187 mac #0-0]     @sha1
[chrome 150.0.7871.187 mac #0-0]        ✓ calculates the hash of this buffer correctly
[chrome 150.0.7871.187 mac #0-0]        ✓ throws an error when the input is not a buffer
[chrome 150.0.7871.187 mac #0-0]
[chrome 150.0.7871.187 mac #0-0]     #sha256
[chrome 150.0.7871.187 mac #0-0]        ✓ calculates the hash of this buffer correctly
[chrome 150.0.7871.187 mac #0-0]        ✓ fails when the input is not a buffer
[chrome 150.0.7871.187 mac #0-0]
[chrome 150.0.7871.187 mac #0-0]     #sha256hmac
[chrome 150.0.7871.187 mac #0-0]        ✓ computes this known big key correctly
[chrome 150.0.7871.187 mac #0-0]        ✓ computes this known empty test vector correctly
[chrome 150.0.7871.187 mac #0-0]        ✓ computes this known non-empty test vector correctly
[chrome 150.0.7871.187 mac #0-0]
[chrome 150.0.7871.187 mac #0-0]     #sha256sha256
[chrome 150.0.7871.187 mac #0-0]        ✓ calculates the hash of this buffer correctly
[chrome 150.0.7871.187 mac #0-0]        ✓ fails when the input is not a buffer
[chrome 150.0.7871.187 mac #0-0]
[chrome 150.0.7871.187 mac #0-0]     #sha256ripemd160
[chrome 150.0.7871.187 mac #0-0]        ✓ calculates the hash of this buffer correctly
[chrome 150.0.7871.187 mac #0-0]        ✓ fails when the input is not a buffer
[chrome 150.0.7871.187 mac #0-0]
[chrome 150.0.7871.187 mac #0-0]     #ripemd160
[chrome 150.0.7871.187 mac #0-0]        ✓ calculates the hash of this buffer correctly
[chrome 150.0.7871.187 mac #0-0]        ✓ fails when the input is not a buffer
[chrome 150.0.7871.187 mac #0-0]
[chrome 150.0.7871.187 mac #0-0]     #sha512
[chrome 150.0.7871.187 mac #0-0]        ✓ calculates the hash of this buffer correctly
[chrome 150.0.7871.187 mac #0-0]        ✓ fails when the input is not a buffer
[chrome 150.0.7871.187 mac #0-0]
[chrome 150.0.7871.187 mac #0-0]     #sha512hmac
[chrome 150.0.7871.187 mac #0-0]        ✓ calculates this known empty test vector correctly
[chrome 150.0.7871.187 mac #0-0]        ✓ calculates this known non-empty test vector correctly
[chrome 150.0.7871.187 mac #0-0]
[chrome 150.0.7871.187 mac #0-0]     #scrypt
[chrome 150.0.7871.187 mac #0-0]        ✓ calculates scrypt hash correctly
[chrome 150.0.7871.187 mac #0-0]
[chrome 150.0.7871.187 mac #0-0] Point
[chrome 150.0.7871.187 mac #0-0]    ✓ should create a point
[chrome 150.0.7871.187 mac #0-0]    ✓ should create a point when called with "new"
[chrome 150.0.7871.187 mac #0-0]
[chrome 150.0.7871.187 mac #0-0]     #getX
[chrome 150.0.7871.187 mac #0-0]        ✓ should return x
[chrome 150.0.7871.187 mac #0-0]        ✓ should be convertable to a buffer
[chrome 150.0.7871.187 mac #0-0]
[chrome 150.0.7871.187 mac #0-0]     #getY
[chrome 150.0.7871.187 mac #0-0]        ✓ should return y
[chrome 150.0.7871.187 mac #0-0]        ✓ should be convertable to a buffer
[chrome 150.0.7871.187 mac #0-0]
[chrome 150.0.7871.187 mac #0-0]     #add
[chrome 150.0.7871.187 mac #0-0]        ✓ should accurately add g to itself
[chrome 150.0.7871.187 mac #0-0]
[chrome 150.0.7871.187 mac #0-0]     #mul
[chrome 150.0.7871.187 mac #0-0]        ✓ should accurately multiply g by 2
[chrome 150.0.7871.187 mac #0-0]        ✓ should accurately multiply g by n-1
[chrome 150.0.7871.187 mac #0-0]        ✓ should accurately multiply g by n+1
[chrome 150.0.7871.187 mac #0-0]
[chrome 150.0.7871.187 mac #0-0]     @fromX
[chrome 150.0.7871.187 mac #0-0]        ✓ should return g
[chrome 150.0.7871.187 mac #0-0]
[chrome 150.0.7871.187 mac #0-0]     #validate
[chrome 150.0.7871.187 mac #0-0]        ✓ should describe this point as valid
[chrome 150.0.7871.187 mac #0-0]        ✓ should describe this point as invalid because of zero y
[chrome 150.0.7871.187 mac #0-0]        ✓ should describe this point as invalid because of invalid y
[chrome 150.0.7871.187 mac #0-0]        ✓ should describe this point as invalid because out of curve bounds
[chrome 150.0.7871.187 mac #0-0]        ✓ should describe this point as invalid because out of curve bounds
[chrome 150.0.7871.187 mac #0-0]
[chrome 150.0.7871.187 mac #0-0] BN
[chrome 150.0.7871.187 mac #0-0]    ✓ should create a bn
[chrome 150.0.7871.187 mac #0-0]    ✓ should parse this number
[chrome 150.0.7871.187 mac #0-0]    ✓ should parse numbers below and at bn.js internal word size
[chrome 150.0.7871.187 mac #0-0]
[chrome 150.0.7871.187 mac #0-0]     #add
[chrome 150.0.7871.187 mac #0-0]        ✓ should add two small numbers together
[chrome 150.0.7871.187 mac #0-0]
[chrome 150.0.7871.187 mac #0-0]     #sub
[chrome 150.0.7871.187 mac #0-0]        ✓ should subtract a small number
[chrome 150.0.7871.187 mac #0-0]
[chrome 150.0.7871.187 mac #0-0]     #gt
[chrome 150.0.7871.187 mac #0-0]        ✓ should say 1 is greater than 0
[chrome 150.0.7871.187 mac #0-0]        ✓ should say a big number is greater than a small big number
[chrome 150.0.7871.187 mac #0-0]        ✓ should say a big number is great than a standard number
[chrome 150.0.7871.187 mac #0-0]
[chrome 150.0.7871.187 mac #0-0]     to/from ScriptNumBuffer
[chrome 150.0.7871.187 mac #0-0]        ✓ rountrips correctly for 0
[chrome 150.0.7871.187 mac #0-0]        ✓ rountrips correctly for 1
[chrome 150.0.7871.187 mac #0-0]        ✓ rountrips correctly for 10
[chrome 150.0.7871.187 mac #0-0]        ✓ rountrips correctly for 256
[chrome 150.0.7871.187 mac #0-0]        ✓ rountrips correctly for 1000
[chrome 150.0.7871.187 mac #0-0]        ✓ rountrips correctly for 65536
[chrome 150.0.7871.187 mac #0-0]        ✓ rountrips correctly for 65537
[chrome 150.0.7871.187 mac #0-0]        ✓ rountrips correctly for -1
[chrome 150.0.7871.187 mac #0-0]        ✓ rountrips correctly for -1000
[chrome 150.0.7871.187 mac #0-0]        ✓ rountrips correctly for -65536
[chrome 150.0.7871.187 mac #0-0]        ✓ rountrips correctly for -65537
[chrome 150.0.7871.187 mac #0-0]
[chrome 150.0.7871.187 mac #0-0]     #fromString
[chrome 150.0.7871.187 mac #0-0]        ✓ should make BN from a string
[chrome 150.0.7871.187 mac #0-0]        ✓ should work with hex string
[chrome 150.0.7871.187 mac #0-0]
[chrome 150.0.7871.187 mac #0-0]     #toString
[chrome 150.0.7871.187 mac #0-0]        ✓ should make a string
[chrome 150.0.7871.187 mac #0-0]
[chrome 150.0.7871.187 mac #0-0]     @fromBuffer
[chrome 150.0.7871.187 mac #0-0]        ✓ should work with big endian
[chrome 150.0.7871.187 mac #0-0]        ✓ should work with big endian 256
[chrome 150.0.7871.187 mac #0-0]        ✓ should work with little endian if we specify the size
[chrome 150.0.7871.187 mac #0-0]        ✓ should work with Uint8Array input
[chrome 150.0.7871.187 mac #0-0]        ✓ should throw on invalid input: Array
[chrome 150.0.7871.187 mac #0-0]        ✓ should throw on invalid input: string
[chrome 150.0.7871.187 mac #0-0]        ✓ should throw on invalid input: Uint16Array
[chrome 150.0.7871.187 mac #0-0]
[chrome 150.0.7871.187 mac #0-0]     #toBuffer
[chrome 150.0.7871.187 mac #0-0]        ✓ should create a 4 byte buffer
[chrome 150.0.7871.187 mac #0-0]        ✓ should create a 4 byte buffer in little endian
[chrome 150.0.7871.187 mac #0-0]        ✓ should create a 2 byte buffer even if you ask for a 1 byte
[chrome 150.0.7871.187 mac #0-0]        ✓ should create a 4 byte buffer even if you ask for a 1 byte
[chrome 150.0.7871.187 mac #0-0]
[chrome 150.0.7871.187 mac #0-0] ECDSA
[chrome 150.0.7871.187 mac #0-0]     #calci
[chrome 150.0.7871.187 mac #0-0]        ✓ calculates i correctly
[chrome 150.0.7871.187 mac #0-0]        ✓ calulates this known i
[chrome 150.0.7871.187 mac #0-0]
[chrome 150.0.7871.187 mac #0-0]     #getRandomK
[chrome 150.0.7871.187 mac #0-0]        ✓ should generate a new random k when called twice in a row
[chrome 150.0.7871.187 mac #0-0]        ✓ should generate a random k that is (almost always) greater than this relatively small number
[chrome 150.0.7871.187 mac #0-0]
[chrome 150.0.7871.187 mac #0-0]     #getDeterministicK
[chrome 150.0.7871.187 mac #0-0]        ✓ should generate the same deterministic k
[chrome 150.0.7871.187 mac #0-0]        ✓ should generate the same deterministic k if badrs is set
[chrome 150.0.7871.187 mac #0-0]        ✓ should compute this test vector correctly
[chrome 150.0.7871.187 mac #0-0]
[chrome 150.0.7871.187 mac #0-0]     #recoverPublicKey
[chrome 150.0.7871.187 mac #0-0]        ✓ should calculate the correct public key
[chrome 150.0.7871.187 mac #0-0]        ✓ should calculate the correct public key for this signature with low s
[chrome 150.0.7871.187 mac #0-0]        ✓ should calculate the correct public key for this signature with high s
[chrome 150.0.7871.187 mac #0-0]
[chrome 150.0.7871.187 mac #0-0]     #verificationError
[chrome 150.0.7871.187 mac #0-0]        ✓ should return an error if the hash is invalid
[chrome 150.0.7871.187 mac #0-0]        ✓ should return an error if r, s are invalid
[chrome 150.0.7871.187 mac #0-0]        ✓ should return an error if the signature is incorrect
[chrome 150.0.7871.187 mac #0-0]
[chrome 150.0.7871.187 mac #0-0]     #sign
[chrome 150.0.7871.187 mac #0-0]        ✓ should create a valid signature
[chrome 150.0.7871.187 mac #0-0]        ✓ should create a valid signature defaulting to deterministicK
[chrome 150.0.7871.187 mac #0-0]        ✓ should create a valid signature explicitly using deterministicK
[chrome 150.0.7871.187 mac #0-0]        ✓ should create a valid signature using randomK
[chrome 150.0.7871.187 mac #0-0]        ✓ should not re-use k values
[chrome 150.0.7871.187 mac #0-0]        ✓ should should throw an error if hashbuf is not 32 bytes
[chrome 150.0.7871.187 mac #0-0]        ✓ should generate right K
[chrome 150.0.7871.187 mac #0-0]        ✓ should generate correct signature for Uint8Array input
[chrome 150.0.7871.187 mac #0-0]        ✓ should throw on improper input: Array
[chrome 150.0.7871.187 mac #0-0]        ✓ should throw on improper input: Uint16Array
[chrome 150.0.7871.187 mac #0-0]
[chrome 150.0.7871.187 mac #0-0]     #verify
[chrome 150.0.7871.187 mac #0-0]        ✓ should verify a signature that was just signed
[chrome 150.0.7871.187 mac #0-0]        ✓ should verify this known good signature
[chrome 150.0.7871.187 mac #0-0]        ✓ should verify a valid signature, and unverify an invalid signature
[chrome 150.0.7871.187 mac #0-0]        ✓ should work with big and little endian
[chrome 150.0.7871.187 mac #0-0]
[chrome 150.0.7871.187 mac #0-0]     vectors
[chrome 150.0.7871.187 mac #0-0]        ✓ should validate valid vector 0
[chrome 150.0.7871.187 mac #0-0]        ✓ should validate valid vector 1
[chrome 150.0.7871.187 mac #0-0]        ✓ should validate valid vector 2
[chrome 150.0.7871.187 mac #0-0]        ✓ should validate valid vector 3
[chrome 150.0.7871.187 mac #0-0]        ✓ should validate valid vector 4
[chrome 150.0.7871.187 mac #0-0]        ✓ should validate valid vector 5
[chrome 150.0.7871.187 mac #0-0]        ✓ should validate valid vector 6
[chrome 150.0.7871.187 mac #0-0]        ✓ should validate invalid.sigError vector 0: The wrong signature
[chrome 150.0.7871.187 mac #0-0]        ✓ should validate invalid.sigError vector 1: Invalid r value (< 0)
[chrome 150.0.7871.187 mac #0-0]        ✓ should validate invalid.sigError vector 2: Invalid r value (== 0)
[chrome 150.0.7871.187 mac #0-0]        ✓ should validate invalid.sigError vector 3: Invalid r value (>= n)
[chrome 150.0.7871.187 mac #0-0]        ✓ should validate invalid.sigError vector 4: Invalid s value (< 0)
[chrome 150.0.7871.187 mac #0-0]        ✓ should validate invalid.sigError vector 5: Invalid s value (== 0)
[chrome 150.0.7871.187 mac #0-0]        ✓ should validate invalid.sigError vector 6: Invalid s value (>= n)
[chrome 150.0.7871.187 mac #0-0]        ✓ should validate invalid.sigError vector 7: Invalid r, s values (r = s = -n)
[chrome 150.0.7871.187 mac #0-0]        ✓ should validate deterministicK vector 0
[chrome 150.0.7871.187 mac #0-0]        ✓ should validate deterministicK vector 1
[chrome 150.0.7871.187 mac #0-0]        ✓ should validate deterministicK vector 2
[chrome 150.0.7871.187 mac #0-0]        ✓ should validate deterministicK vector 3
[chrome 150.0.7871.187 mac #0-0]        ✓ should validate deterministicK vector 4
[chrome 150.0.7871.187 mac #0-0]        ✓ should validate deterministicK vector 5
[chrome 150.0.7871.187 mac #0-0]        ✓ should validate deterministicK vector 6
[chrome 150.0.7871.187 mac #0-0]        ✓ should validate deterministicK vector 7
[chrome 150.0.7871.187 mac #0-0]        ✓ should validate deterministicK vector 8
[chrome 150.0.7871.187 mac #0-0]        ✓ should validate deterministicK vector 9
[chrome 150.0.7871.187 mac #0-0]
[chrome 150.0.7871.187 mac #0-0] js utils
[chrome 150.0.7871.187 mac #0-0]     isValidJSON
[chrome 150.0.7871.187 mac #0-0]        ✓ does not mistake an integer as valid json object
[chrome 150.0.7871.187 mac #0-0]        ✓ correctly validates a json object
[chrome 150.0.7871.187 mac #0-0]        ✓ correctly validates an array json object
[chrome 150.0.7871.187 mac #0-0]
[chrome 150.0.7871.187 mac #0-0]     isNaturalNumber
[chrome 150.0.7871.187 mac #0-0]        ✓ false for float
[chrome 150.0.7871.187 mac #0-0]        ✓ false for string float
[chrome 150.0.7871.187 mac #0-0]        ✓ false for string integer
[chrome 150.0.7871.187 mac #0-0]        ✓ false for negative integer
[chrome 150.0.7871.187 mac #0-0]        ✓ false for negative integer string
[chrome 150.0.7871.187 mac #0-0]        ✓ false for infinity
[chrome 150.0.7871.187 mac #0-0]        ✓ false for NaN
[chrome 150.0.7871.187 mac #0-0]        ✓ true for zero
[chrome 150.0.7871.187 mac #0-0]        ✓ true for positive integer
[chrome 150.0.7871.187 mac #0-0]
[chrome 150.0.7871.187 mac #0-0] preconditions
[chrome 150.0.7871.187 mac #0-0]    ✓ can be used to assert state
[chrome 150.0.7871.187 mac #0-0]    ✓ throws no false negative
[chrome 150.0.7871.187 mac #0-0]    ✓ can be used to check an argument
[chrome 150.0.7871.187 mac #0-0]    ✓ can be used to check an argument type
[chrome 150.0.7871.187 mac #0-0]    ✓ has no false negatives when used to check an argument type
[chrome 150.0.7871.187 mac #0-0]    ✓ can be used to check an argument type for a class
[chrome 150.0.7871.187 mac #0-0]    ✓ has no false negatives when checking a type for a class
[chrome 150.0.7871.187 mac #0-0]    ✓ formats correctly a message on InvalidArgument()
[chrome 150.0.7871.187 mac #0-0]    ✓ formats correctly a message on checkArgument
[chrome 150.0.7871.187 mac #0-0]
[chrome 150.0.7871.187 mac #0-0] buffer utils
[chrome 150.0.7871.187 mac #0-0]     equals
[chrome 150.0.7871.187 mac #0-0]        ✓ recognizes these two equal buffers
[chrome 150.0.7871.187 mac #0-0]        ✓ no false positive: returns false with two different buffers
[chrome 150.0.7871.187 mac #0-0]        ✓ coverage: quickly realizes a difference in size and returns false
[chrome 150.0.7871.187 mac #0-0]        ✓ "equals" is an an alias for "equal"
[chrome 150.0.7871.187 mac #0-0]
[chrome 150.0.7871.187 mac #0-0]     fill
[chrome 150.0.7871.187 mac #0-0]        ✓ checks arguments
[chrome 150.0.7871.187 mac #0-0]        ✓ works correctly for a small buffer
[chrome 150.0.7871.187 mac #0-0]
[chrome 150.0.7871.187 mac #0-0]     isBuffer
[chrome 150.0.7871.187 mac #0-0]        ✓ has no false positive
[chrome 150.0.7871.187 mac #0-0]        ✓ has no false negative
[chrome 150.0.7871.187 mac #0-0]
[chrome 150.0.7871.187 mac #0-0]     emptyBuffer
[chrome 150.0.7871.187 mac #0-0]        ✓ creates a buffer filled with zeros
[chrome 150.0.7871.187 mac #0-0]        ✓ checks arguments
[chrome 150.0.7871.187 mac #0-0]
[chrome 150.0.7871.187 mac #0-0]     single byte buffer <=> integer
[chrome 150.0.7871.187 mac #0-0]        ✓ integerAsSingleByteBuffer should return a buffer of length 1
[chrome 150.0.7871.187 mac #0-0]        ✓ should check the type
[chrome 150.0.7871.187 mac #0-0]        ✓ works correctly for edge cases
[chrome 150.0.7871.187 mac #0-0]        ✓ does a round trip
[chrome 150.0.7871.187 mac #0-0]
[chrome 150.0.7871.187 mac #0-0]     4byte buffer integer <=> integer
[chrome 150.0.7871.187 mac #0-0]        ✓ integerAsBuffer should return a buffer of length 4
[chrome 150.0.7871.187 mac #0-0]        ✓ is little endian
[chrome 150.0.7871.187 mac #0-0]        ✓ should check the type
[chrome 150.0.7871.187 mac #0-0]        ✓ works correctly for edge cases
[chrome 150.0.7871.187 mac #0-0]        ✓ does a round trip
[chrome 150.0.7871.187 mac #0-0]
[chrome 150.0.7871.187 mac #0-0]     buffer to hex
[chrome 150.0.7871.187 mac #0-0]        ✓ returns an expected value in hexa
[chrome 150.0.7871.187 mac #0-0]        ✓ checks the argument type
[chrome 150.0.7871.187 mac #0-0]        ✓ round trips
[chrome 150.0.7871.187 mac #0-0]
[chrome 150.0.7871.187 mac #0-0]     reverse
[chrome 150.0.7871.187 mac #0-0]        ✓ reverses a buffer
[chrome 150.0.7871.187 mac #0-0]
[chrome 150.0.7871.187 mac #0-0] Documentation
[chrome 150.0.7871.187 mac #0-0]    - major and minor versions should match
[chrome 150.0.7871.187 mac #0-0]
[chrome 150.0.7871.187 mac #0-0] Address
[chrome 150.0.7871.187 mac #0-0]    ✓ can't build without data
[chrome 150.0.7871.187 mac #0-0]    ✓ should throw an error because of bad network param
[chrome 150.0.7871.187 mac #0-0]    ✓ should throw an error because of bad type param
[chrome 150.0.7871.187 mac #0-0]    ✓ throws an error if it couldn't instantiate
[chrome 150.0.7871.187 mac #0-0]    ✓ can roundtrip from/to a object
[chrome 150.0.7871.187 mac #0-0]    ✓ will use the default network for an object
[chrome 150.0.7871.187 mac #0-0]
[chrome 150.0.7871.187 mac #0-0]     bitcoind compliance
[chrome 150.0.7871.187 mac #0-0]        ✓ should describe address LbRY3MfWxhv1W88P3DcH94WLpDGZ3qV8aP as valid
[chrome 150.0.7871.187 mac #0-0]        ✓ should describe address MDpbgJxvdDJk7YH5BVzsUfsKse3N9YCE3o as valid
[chrome 150.0.7871.187 mac #0-0]        ✓ should describe address mphsD9aLCQ9kpysu4ecCwAvHWYcsbt31u9 as valid
[chrome 150.0.7871.187 mac #0-0]        ✓ should describe address mphsD9aLCQ9kpysu4ecCwAvHWYcsbt31u9 as valid
[chrome 150.0.7871.187 mac #0-0]        ✓ should describe address Qg23fQdzYjbW3mo4MtJDMkZsWQgm3kVemM as valid
[chrome 150.0.7871.187 mac #0-0]        ✓ should describe address Laq1dYLSYPifTjCeT9DCr1Puiy7k7Ewy5B as valid
[chrome 150.0.7871.187 mac #0-0]        ✓ should describe address MGrt3HGGHwL5vZ3ecCzdMEbmnFKcE9EeJW as valid
[chrome 150.0.7871.187 mac #0-0]        ✓ should describe address mhoT6gsCtPmeY5m5S93FPv5y11Zft7mDAv as valid
[chrome 150.0.7871.187 mac #0-0]        ✓ should describe address QdieUEwPPkt5beUreupi9njiiqzpPqTKWP as valid
[chrome 150.0.7871.187 mac #0-0]        ✓ should describe address LcCLxZSuwCMonMGeBcHqQ1SbsKyWKtVmBB as valid
[chrome 150.0.7871.187 mac #0-0]        ✓ should describe address MKuuxLCpf575SnN6ouhfUmnDYbvyDTQBet as valid
[chrome 150.0.7871.187 mac #0-0]        ✓ should describe address mgpyL2ueFkKYo8DigPfqi9mGaXhTpBfXFK as valid
[chrome 150.0.7871.187 mac #0-0]        ✓ should describe address QaRx8KN1Rnh661srYaspaq1whQPdUpq4pF as valid
[chrome 150.0.7871.187 mac #0-0]        ✓ should describe address LbCdD5HhF8mtzqpAhAL44hRUpVXGthe3wv as valid
[chrome 150.0.7871.187 mac #0-0]        ✓ should describe address MQrxASS6brp3bASypWeKFqTCFbvJLcwQPE as valid
[chrome 150.0.7871.187 mac #0-0]        ✓ should describe address n3cBcftzi5PyYRCaqjnHB9LS9C1r8AUKtT as valid
[chrome 150.0.7871.187 mac #0-0]        ✓ should describe address QQo4rKLgyqkBLFsSEWFrgBwrH9eGhmcfbT as valid
[chrome 150.0.7871.187 mac #0-0]        ✓ should describe address LXbHo4W9BDZYwv6v9x57kLZ2r9YNyqBgWA as valid
[chrome 150.0.7871.187 mac #0-0]        ✓ should describe address MQS7zSkUt9PcbchboBEkg97g7ZojRxoXPW as valid
[chrome 150.0.7871.187 mac #0-0]        ✓ should describe address moJfnqA4SviQhxStcqR4PFvCU2bjYEx873 as valid
[chrome 150.0.7871.187 mac #0-0]        ✓ should describe address QV5Ti6jZKGQF7D7erT2dkpFXf3UgfKAw9h as valid
[chrome 150.0.7871.187 mac #0-0]        ✓ should describe address LiRGLiaD9yaUNZbe9GKptX5PybiQZzioED as valid
[chrome 150.0.7871.187 mac #0-0]        ✓ should describe address M7wQbFTJZextk1bjbWc1c2WgNmAj41meXv as valid
[chrome 150.0.7871.187 mac #0-0]        ✓ should describe address mfkrC62Px74E6mpQS137ecE6c3A7LzFMV7 as valid
[chrome 150.0.7871.187 mac #0-0]        ✓ should describe address QeEUMazrWFAp7UTwHgxQ9aVtdER4e4E9aY as valid
[chrome 150.0.7871.187 mac #0-0]        ✓ should describe address LeZc1mA2SgaNTJ4WE8pKegNKbZekqovqvK as valid
[chrome 150.0.7871.187 mac #0-0]        ✓ should describe address M825mF1bLC3hPL6ZmaEVqZ2pouU5iRE72D as valid
[chrome 150.0.7871.187 mac #0-0]        ✓ should describe address ltc1qw508d6qejxtdg4y5r3zarvary0c5xw7kgmn4n9 as valid
[chrome 150.0.7871.187 mac #0-0]        ✓ should describe address rltc1qw508d6qejxtdg4y5r3zarvary0c5xw7k693xs3 as valid
[chrome 150.0.7871.187 mac #0-0]        ✓ should describe address tltc1qrp33g0q5c5txsp9arysrx4k6zdkfs4nce4xj0gdcccefvpysxf3qsnr4fp as valid
[chrome 150.0.7871.187 mac #0-0]        ✓ should describe address tltc1qqqqqp399et2xygdj5xreqhjjvcmzhxw4aywxecjdzew6hylgvsesu9tmgm as valid
[chrome 150.0.7871.187 mac #0-0]        ✓ should describe address rltc1qqqqqp399et2xygdj5xreqhjjvcmzhxw4aywxecjdzew6hylgvsesxuhrdn as valid
[chrome 150.0.7871.187 mac #0-0]        ✓ should describe input ... as invalid
[chrome 150.0.7871.187 mac #0-0]        ✓ should describe input x... as invalid
[chrome 150.0.7871.187 mac #0-0]        ✓ should describe input gZXdHjj9QC... as invalid
[chrome 150.0.7871.187 mac #0-0]        ✓ should describe input 6vFieKyF36... as invalid
[chrome 150.0.7871.187 mac #0-0]        ✓ should describe input cQWGj8MhCt... as invalid
[chrome 150.0.7871.187 mac #0-0]        ✓ should describe input JBoefAMfPK... as invalid
[chrome 150.0.7871.187 mac #0-0]        ✓ should describe input TbxPvvXwEt... as invalid
[chrome 150.0.7871.187 mac #0-0]        ✓ should describe input 2NUDYkhC7d... as invalid
[chrome 150.0.7871.187 mac #0-0]        ✓ should describe input LgcotVvFQg... as invalid
[chrome 150.0.7871.187 mac #0-0]        ✓ should describe input 5mfqm4pggS... as invalid
[chrome 150.0.7871.187 mac #0-0]        ✓ should describe input 2U4ajn8ASm... as invalid
[chrome 150.0.7871.187 mac #0-0]        ✓ should describe input 2PGCEn9m7V... as invalid
[chrome 150.0.7871.187 mac #0-0]        ✓ should describe input 2iKcv8HMvV... as invalid
[chrome 150.0.7871.187 mac #0-0]        ✓ should describe input uDpgjm6HCQ... as invalid
[chrome 150.0.7871.187 mac #0-0]        ✓ should describe input 4MxF1GvQDo... as invalid
[chrome 150.0.7871.187 mac #0-0]        ✓ should describe input cQcyPZ6SYh... as invalid
[chrome 150.0.7871.187 mac #0-0]        ✓ should describe input 5ngBnqMF5s... as invalid
[chrome 150.0.7871.187 mac #0-0]        ✓ should describe input cRSUJiBwxS... as invalid
[chrome 150.0.7871.187 mac #0-0]        ✓ should describe input 2KtV23FPhB... as invalid
[chrome 150.0.7871.187 mac #0-0]        ✓ should describe input 25xmYrwhzc... as invalid
[chrome 150.0.7871.187 mac #0-0]        ✓ should describe input 5mqiJJe7ej... as invalid
[chrome 150.0.7871.187 mac #0-0]        ✓ should describe input cN6EEuVvKa... as invalid
[chrome 150.0.7871.187 mac #0-0]        ✓ should describe input wVwfGNa9Bk... as invalid
[chrome 150.0.7871.187 mac #0-0]        ✓ should describe input HfLPJ1eL8K... as invalid
[chrome 150.0.7871.187 mac #0-0]        ✓ should describe input Yk5B6MRro1... as invalid
[chrome 150.0.7871.187 mac #0-0]        ✓ should describe input LbW5JEaVWM... as invalid
[chrome 150.0.7871.187 mac #0-0]        ✓ should describe input FwVS4Xy2KU... as invalid
[chrome 150.0.7871.187 mac #0-0]        ✓ should describe input T3Xe7hU6cg... as invalid
[chrome 150.0.7871.187 mac #0-0]        ✓ should describe input M8LH9iCJBT... as invalid
[chrome 150.0.7871.187 mac #0-0]        ✓ should describe input JKAsgoe5RR... as invalid
[chrome 150.0.7871.187 mac #0-0]        ✓ should describe input 7sTp4xUuNR... as invalid
[chrome 150.0.7871.187 mac #0-0]        ✓ should describe input cUSxdRJwpE... as invalid
[chrome 150.0.7871.187 mac #0-0]        ✓ should describe input JKSnxB43og... as invalid
[chrome 150.0.7871.187 mac #0-0]        ✓ should describe input tJgWcJ8FqG... as invalid
[chrome 150.0.7871.187 mac #0-0]        ✓ should describe input 2UDnhZGfuH... as invalid
[chrome 150.0.7871.187 mac #0-0]        ✓ should describe input JCK4Kx3L6Z... as invalid
[chrome 150.0.7871.187 mac #0-0]        ✓ should describe input AbnXu1Rgae... as invalid
[chrome 150.0.7871.187 mac #0-0]        ✓ should describe input 928wcz8UaX... as invalid
[chrome 150.0.7871.187 mac #0-0]        ✓ should describe input Qp7EyuWueg... as invalid
[chrome 150.0.7871.187 mac #0-0]        ✓ should describe input 6R9r5RHQdN... as invalid
[chrome 150.0.7871.187 mac #0-0]        ✓ should describe input 271T9hGPSe... as invalid
[chrome 150.0.7871.187 mac #0-0]        ✓ should describe input 2x7WjATScg... as invalid
[chrome 150.0.7871.187 mac #0-0]        ✓ should describe input 2jwUaPdB93... as invalid
[chrome 150.0.7871.187 mac #0-0]        ✓ should describe input 7VkJFJwgtT... as invalid
[chrome 150.0.7871.187 mac #0-0]        ✓ should describe input T4UVQQSBJd... as invalid
[chrome 150.0.7871.187 mac #0-0]        ✓ should describe input 2UA3wL1KGh... as invalid
[chrome 150.0.7871.187 mac #0-0]        ✓ should describe input gcBstMZS9m... as invalid
[chrome 150.0.7871.187 mac #0-0]        ✓ should describe input 5mqKtSZGj3... as invalid
[chrome 150.0.7871.187 mac #0-0]        ✓ should describe input 31q9AKvsdw... as invalid
[chrome 150.0.7871.187 mac #0-0]        ✓ should describe input 2A1q1YsMZo... as invalid
[chrome 150.0.7871.187 mac #0-0]        ✓ should describe input tc1qw508d6... as invalid
[chrome 150.0.7871.187 mac #0-0]        ✓ should describe input bc1qw508d6... as invalid
[chrome 150.0.7871.187 mac #0-0]        ✓ should describe input BC13W508D6... as invalid
[chrome 150.0.7871.187 mac #0-0]        ✓ should describe input bc1rw5uspc... as invalid
[chrome 150.0.7871.187 mac #0-0]        ✓ should describe input bc10w508d6... as invalid
[chrome 150.0.7871.187 mac #0-0]        ✓ should describe input BC1QR508D6... as invalid
[chrome 150.0.7871.187 mac #0-0]        ✓ should describe input tb1qrp33g0... as invalid
[chrome 150.0.7871.187 mac #0-0]        ✓ should describe input bc1zw508d6... as invalid
[chrome 150.0.7871.187 mac #0-0]        ✓ should describe input tb1qrp33g0... as invalid
[chrome 150.0.7871.187 mac #0-0]        ✓ should describe input bc1gmk9yu... as invalid
[chrome 150.0.7871.187 mac #0-0]        ✓ should describe input ltc1pw508d... as invalid
[chrome 150.0.7871.187 mac #0-0]        ✓ should describe input ltc1sw50qz... as invalid
[chrome 150.0.7871.187 mac #0-0]        ✓ should describe input ltc1zw508d... as invalid
[chrome 150.0.7871.187 mac #0-0]
[chrome 150.0.7871.187 mac #0-0]     validation
[chrome 150.0.7871.187 mac #0-0]        ✓ getValidationError detects network mismatchs
[chrome 150.0.7871.187 mac #0-0]        ✓ isValid returns true on a valid address
[chrome 150.0.7871.187 mac #0-0]        ✓ isValid returns false on network mismatch
[chrome 150.0.7871.187 mac #0-0]        ✓ validates correctly the P2PKH test vector
[chrome 150.0.7871.187 mac #0-0]        ✓ validates correctly the P2SH test vector
[chrome 150.0.7871.187 mac #0-0]        ✓ validates correctly the P2SH testnet test vector
[chrome 150.0.7871.187 mac #0-0]        ✓ rejects correctly the P2PKH livenet test vector with "testnet" parameter
[chrome 150.0.7871.187 mac #0-0]        ✓ validates correctly the P2PKH livenet test vector with "livenet" parameter
[chrome 150.0.7871.187 mac #0-0]        ✓ should not validate if checksum is invalid
[chrome 150.0.7871.187 mac #0-0]        ✓ should not validate on a network mismatch
[chrome 150.0.7871.187 mac #0-0]        ✓ should not validate on a type mismatch
[chrome 150.0.7871.187 mac #0-0]        ✓ should not validate on non-base58 characters
[chrome 150.0.7871.187 mac #0-0]        ✓ testnet addresses are validated correctly
[chrome 150.0.7871.187 mac #0-0]        ✓ addresses with whitespace are validated correctly
[chrome 150.0.7871.187 mac #0-0]        ✓ testnet addresses are also valid regtest addresses
[chrome 150.0.7871.187 mac #0-0]
[chrome 150.0.7871.187 mac #0-0]     instantiation
[chrome 150.0.7871.187 mac #0-0]        ✓ can be instantiated from another address
[chrome 150.0.7871.187 mac #0-0]
[chrome 150.0.7871.187 mac #0-0]     encodings
[chrome 150.0.7871.187 mac #0-0]        ✓ should make an address from a buffer
[chrome 150.0.7871.187 mac #0-0]        ✓ should make an address from a string
[chrome 150.0.7871.187 mac #0-0]        ✓ should make an address using a non-string network
[chrome 150.0.7871.187 mac #0-0]        ✓ should throw with bad network param
[chrome 150.0.7871.187 mac #0-0]        ✓ should error because of unrecognized data format
[chrome 150.0.7871.187 mac #0-0]        ✓ should error because of incorrect format for pubkey hash
[chrome 150.0.7871.187 mac #0-0]        ✓ should error because of incorrect format for script hash
[chrome 150.0.7871.187 mac #0-0]        ✓ should error because of incorrect type for transform buffer
[chrome 150.0.7871.187 mac #0-0]        ✓ should error because of incorrect length buffer for transform buffer
[chrome 150.0.7871.187 mac #0-0]        ✓ should error because of incorrect type for pubkey transform
[chrome 150.0.7871.187 mac #0-0]        ✓ should error because of incorrect type for script transform
[chrome 150.0.7871.187 mac #0-0]        ✓ should error because of incorrect type for string transform
[chrome 150.0.7871.187 mac #0-0]        ✓ should make an address from a pubkey hash buffer
[chrome 150.0.7871.187 mac #0-0]        ✓ should make an address using the default network
[chrome 150.0.7871.187 mac #0-0]        ✓ should throw an error for invalid length hashBuffer
[chrome 150.0.7871.187 mac #0-0]        ✓ should make this address from a compressed pubkey
[chrome 150.0.7871.187 mac #0-0]        ✓ should use the default network for pubkey
[chrome 150.0.7871.187 mac #0-0]        ✓ should make this address from an uncompressed pubkey
[chrome 150.0.7871.187 mac #0-0]        ✓ should classify from a custom network
[chrome 150.0.7871.187 mac #0-0]        ✓ should derive from this known address string livenet
[chrome 150.0.7871.187 mac #0-0]        ✓ should derive from this known address string testnet
[chrome 150.0.7871.187 mac #0-0]        ✓ should derive from this known address string livenet scripthash
[chrome 150.0.7871.187 mac #0-0]        ✓ should derive from this known address string testnet scripthash
[chrome 150.0.7871.187 mac #0-0]
[chrome 150.0.7871.187 mac #0-0]         from a script
[chrome 150.0.7871.187 mac #0-0]            ✓ should fail to build address from a non p2sh,p2pkh script
[chrome 150.0.7871.187 mac #0-0]            ✓ should make this address from a p2pkh output script
[chrome 150.0.7871.187 mac #0-0]            ✓ should make this address from a p2sh input script
[chrome 150.0.7871.187 mac #0-0]            ✓ returns the same address if the script is a pay to public key hash out
[chrome 150.0.7871.187 mac #0-0]            ✓ returns the same address if the script is a pay to script hash out
[chrome 150.0.7871.187 mac #0-0]
[chrome 150.0.7871.187 mac #0-0]     #toBuffer
[chrome 150.0.7871.187 mac #0-0]        ✓ 3c3fa3d4adcaf8f52d5b1843975e122548269937 corresponds to hash 16VZnHwRhwrExfeHFHGjwrgEMq8VcYPs9r
[chrome 150.0.7871.187 mac #0-0]
[chrome 150.0.7871.187 mac #0-0]     #object
[chrome 150.0.7871.187 mac #0-0]        ✓ roundtrip to-from-to
[chrome 150.0.7871.187 mac #0-0]        ✓ will fail with invalid state
[chrome 150.0.7871.187 mac #0-0]
[chrome 150.0.7871.187 mac #0-0]     #toString
[chrome 150.0.7871.187 mac #0-0]        ✓ livenet pubkeyhash address
[chrome 150.0.7871.187 mac #0-0]        ✓ scripthash address
[chrome 150.0.7871.187 mac #0-0]        ✓ testnet scripthash address
[chrome 150.0.7871.187 mac #0-0]        ✓ testnet pubkeyhash address
[chrome 150.0.7871.187 mac #0-0]
[chrome 150.0.7871.187 mac #0-0]     #inspect
[chrome 150.0.7871.187 mac #0-0]        ✓ should output formatted output correctly
[chrome 150.0.7871.187 mac #0-0]
[chrome 150.0.7871.187 mac #0-0]     questions about the address
[chrome 150.0.7871.187 mac #0-0]        ✓ should detect a P2SH address
[chrome 150.0.7871.187 mac #0-0]        ✓ should detect a Pay To PubkeyHash address
[chrome 150.0.7871.187 mac #0-0]
[chrome 150.0.7871.187 mac #0-0]     creating a P2SH address from public keys
[chrome 150.0.7871.187 mac #0-0]        ✓ can create an address from a set of public keys
[chrome 150.0.7871.187 mac #0-0]        ✓ works on testnet also
[chrome 150.0.7871.187 mac #0-0]        ✓ can create an address from a set of public keys with a nested witness program
[chrome 150.0.7871.187 mac #0-0]        ✓ can also be created by Address.createMultisig
[chrome 150.0.7871.187 mac #0-0]        ✓ fails if invalid array is provided
[chrome 150.0.7871.187 mac #0-0]
[chrome 150.0.7871.187 mac #0-0] Opcode
[chrome 150.0.7871.187 mac #0-0]    ✓ should create a new Opcode
[chrome 150.0.7871.187 mac #0-0]    ✓ should convert to a string with this handy syntax
[chrome 150.0.7871.187 mac #0-0]    ✓ should convert to a number with this handy syntax
[chrome 150.0.7871.187 mac #0-0]
[chrome 150.0.7871.187 mac #0-0]     #fromNumber
[chrome 150.0.7871.187 mac #0-0]        ✓ should work for 0
[chrome 150.0.7871.187 mac #0-0]        ✓ should fail for non-number
[chrome 150.0.7871.187 mac #0-0]
[chrome 150.0.7871.187 mac #0-0]     #set
[chrome 150.0.7871.187 mac #0-0]        ✓ should work for object
[chrome 150.0.7871.187 mac #0-0]        ✓ should fail for empty-object
[chrome 150.0.7871.187 mac #0-0]
[chrome 150.0.7871.187 mac #0-0]     #toNumber
[chrome 150.0.7871.187 mac #0-0]        ✓ should work for 0
[chrome 150.0.7871.187 mac #0-0]
[chrome 150.0.7871.187 mac #0-0]     #buffer
[chrome 150.0.7871.187 mac #0-0]        ✓ should correctly input/output a buffer
[chrome 150.0.7871.187 mac #0-0]
[chrome 150.0.7871.187 mac #0-0]     #fromString
[chrome 150.0.7871.187 mac #0-0]        ✓ should work for OP_0
[chrome 150.0.7871.187 mac #0-0]        ✓ should fail for invalid string
[chrome 150.0.7871.187 mac #0-0]        ✓ should fail for non-string
[chrome 150.0.7871.187 mac #0-0]
[chrome 150.0.7871.187 mac #0-0]     #toString
[chrome 150.0.7871.187 mac #0-0]        ✓ should work for OP_0
[chrome 150.0.7871.187 mac #0-0]        ✓ should not work for non-opcode
[chrome 150.0.7871.187 mac #0-0]
[chrome 150.0.7871.187 mac #0-0]     @map
[chrome 150.0.7871.187 mac #0-0]        ✓ should have a map containing 118 elements
[chrome 150.0.7871.187 mac #0-0]
[chrome 150.0.7871.187 mac #0-0]     @reverseMap
[chrome 150.0.7871.187 mac #0-0]        ✓ should exist and have op 185
[chrome 150.0.7871.187 mac #0-0]
[chrome 150.0.7871.187 mac #0-0]     @smallInt
[chrome 150.0.7871.187 mac #0-0]        ✓ should work for small int OP_0
[chrome 150.0.7871.187 mac #0-0]        ✓ should work for small int OP_1
[chrome 150.0.7871.187 mac #0-0]        ✓ should work for small int OP_2
[chrome 150.0.7871.187 mac #0-0]        ✓ should work for small int OP_3
[chrome 150.0.7871.187 mac #0-0]        ✓ should work for small int OP_4
[chrome 150.0.7871.187 mac #0-0]        ✓ should work for small int OP_5
[chrome 150.0.7871.187 mac #0-0]        ✓ should work for small int OP_6
[chrome 150.0.7871.187 mac #0-0]        ✓ should work for small int OP_7
[chrome 150.0.7871.187 mac #0-0]        ✓ should work for small int OP_8
[chrome 150.0.7871.187 mac #0-0]        ✓ should work for small int OP_9
[chrome 150.0.7871.187 mac #0-0]        ✓ should work for small int OP_10
[chrome 150.0.7871.187 mac #0-0]        ✓ should work for small int OP_11
[chrome 150.0.7871.187 mac #0-0]        ✓ should work for small int OP_12
[chrome 150.0.7871.187 mac #0-0]        ✓ should work for small int OP_13
[chrome 150.0.7871.187 mac #0-0]        ✓ should work for small int OP_14
[chrome 150.0.7871.187 mac #0-0]        ✓ should work for small int OP_15
[chrome 150.0.7871.187 mac #0-0]        ✓ should work for small int OP_16
[chrome 150.0.7871.187 mac #0-0]        ✓ with not number
[chrome 150.0.7871.187 mac #0-0]        ✓ with n equal -1
[chrome 150.0.7871.187 mac #0-0]        ✓ with n equal 17
[chrome 150.0.7871.187 mac #0-0]
[chrome 150.0.7871.187 mac #0-0]     @isSmallIntOp
[chrome 150.0.7871.187 mac #0-0]        ✓ should work for small int OP_0
[chrome 150.0.7871.187 mac #0-0]        ✓ should work for small int OP_1
[chrome 150.0.7871.187 mac #0-0]        ✓ should work for small int OP_2
[chrome 150.0.7871.187 mac #0-0]        ✓ should work for small int OP_3
[chrome 150.0.7871.187 mac #0-0]        ✓ should work for small int OP_4
[chrome 150.0.7871.187 mac #0-0]        ✓ should work for small int OP_5
[chrome 150.0.7871.187 mac #0-0]        ✓ should work for small int OP_6
[chrome 150.0.7871.187 mac #0-0]        ✓ should work for small int OP_7
[chrome 150.0.7871.187 mac #0-0]        ✓ should work for small int OP_8
[chrome 150.0.7871.187 mac #0-0]        ✓ should work for small int OP_9
[chrome 150.0.7871.187 mac #0-0]        ✓ should work for small int OP_10
[chrome 150.0.7871.187 mac #0-0]        ✓ should work for small int OP_11
[chrome 150.0.7871.187 mac #0-0]        ✓ should work for small int OP_12
[chrome 150.0.7871.187 mac #0-0]        ✓ should work for small int OP_13
[chrome 150.0.7871.187 mac #0-0]        ✓ should work for small int OP_14
[chrome 150.0.7871.187 mac #0-0]        ✓ should work for small int OP_15
[chrome 150.0.7871.187 mac #0-0]        ✓ should work for small int OP_16
[chrome 150.0.7871.187 mac #0-0]        ✓ should work for non-small ints
[chrome 150.0.7871.187 mac #0-0]
[chrome 150.0.7871.187 mac #0-0]     #inspect
[chrome 150.0.7871.187 mac #0-0]        ✓ should output opcode by name, hex, and decimal
[chrome 150.0.7871.187 mac #0-0]
[chrome 150.0.7871.187 mac #0-0] #versionGuard
[chrome 150.0.7871.187 mac #0-0]    ✓ global._litecore should be defined
[chrome 150.0.7871.187 mac #0-0]    ✓ throw an error if version is already defined
[chrome 150.0.7871.187 mac #0-0]
[chrome 150.0.7871.187 mac #0-0] BufferReader
[chrome 150.0.7871.187 mac #0-0]    ✓ should make a new BufferReader
[chrome 150.0.7871.187 mac #0-0]    ✓ should create a new bufferreader with a buffer
[chrome 150.0.7871.187 mac #0-0]    ✓ should fail for invalid object
[chrome 150.0.7871.187 mac #0-0]
[chrome 150.0.7871.187 mac #0-0]     #set
[chrome 150.0.7871.187 mac #0-0]        ✓ should set pos
[chrome 150.0.7871.187 mac #0-0]
[chrome 150.0.7871.187 mac #0-0]     #eof
[chrome 150.0.7871.187 mac #0-0]        ✓ should return true for a blank br
[chrome 150.0.7871.187 mac #0-0]
[chrome 150.0.7871.187 mac #0-0]     read
[chrome 150.0.7871.187 mac #0-0]        ✓ should return the same buffer
[chrome 150.0.7871.187 mac #0-0]        ✓ should return a buffer of this length
[chrome 150.0.7871.187 mac #0-0]        ✓ should work with 0 length
[chrome 150.0.7871.187 mac #0-0]
[chrome 150.0.7871.187 mac #0-0]     readVarLengthBuffer
[chrome 150.0.7871.187 mac #0-0]        ✓ returns correct buffer
[chrome 150.0.7871.187 mac #0-0]        ✓ fails on length too big
[chrome 150.0.7871.187 mac #0-0]
[chrome 150.0.7871.187 mac #0-0]     #readUInt8
[chrome 150.0.7871.187 mac #0-0]        ✓ should return 1
[chrome 150.0.7871.187 mac #0-0]
[chrome 150.0.7871.187 mac #0-0]     #readUInt16BE
[chrome 150.0.7871.187 mac #0-0]        ✓ should return 1
[chrome 150.0.7871.187 mac #0-0]
[chrome 150.0.7871.187 mac #0-0]     #readUInt16LE
[chrome 150.0.7871.187 mac #0-0]        ✓ should return 1
[chrome 150.0.7871.187 mac #0-0]
[chrome 150.0.7871.187 mac #0-0]     #readUInt32BE
[chrome 150.0.7871.187 mac #0-0]        ✓ should return 1
[chrome 150.0.7871.187 mac #0-0]
[chrome 150.0.7871.187 mac #0-0]     #readUInt32LE
[chrome 150.0.7871.187 mac #0-0]        ✓ should return 1
[chrome 150.0.7871.187 mac #0-0]
[chrome 150.0.7871.187 mac #0-0]     #readUInt64BEBN
[chrome 150.0.7871.187 mac #0-0]        ✓ should return 1
[chrome 150.0.7871.187 mac #0-0]        ✓ should return 2^64
[chrome 150.0.7871.187 mac #0-0]
[chrome 150.0.7871.187 mac #0-0]     #readUInt64LEBN
[chrome 150.0.7871.187 mac #0-0]        ✓ should return 1
[chrome 150.0.7871.187 mac #0-0]        ✓ should return 10BTC
[chrome 150.0.7871.187 mac #0-0]        ✓ should return 2^30
[chrome 150.0.7871.187 mac #0-0]        ✓ should return 2^32 + 1
[chrome 150.0.7871.187 mac #0-0]        ✓ should return max number of satoshis
[chrome 150.0.7871.187 mac #0-0]        ✓ should return 2^53 - 1
[chrome 150.0.7871.187 mac #0-0]        ✓ should return 2^53
[chrome 150.0.7871.187 mac #0-0]        ✓ should return 0
[chrome 150.0.7871.187 mac #0-0]        ✓ should return 2^64
[chrome 150.0.7871.187 mac #0-0]
[chrome 150.0.7871.187 mac #0-0]     #readVarintBuf
[chrome 150.0.7871.187 mac #0-0]        ✓ should read a 1 byte varint
[chrome 150.0.7871.187 mac #0-0]        ✓ should read a 3 byte varint
[chrome 150.0.7871.187 mac #0-0]        ✓ should read a 5 byte varint
[chrome 150.0.7871.187 mac #0-0]        ✓ should read a 9 byte varint
[chrome 150.0.7871.187 mac #0-0]
[chrome 150.0.7871.187 mac #0-0]     #readVarintNum
[chrome 150.0.7871.187 mac #0-0]        ✓ should read a 1 byte varint
[chrome 150.0.7871.187 mac #0-0]        ✓ should read a 3 byte varint
[chrome 150.0.7871.187 mac #0-0]        ✓ should read a 5 byte varint
[chrome 150.0.7871.187 mac #0-0]        ✓ should throw an error on a 9 byte varint over the javascript uint precision limit
[chrome 150.0.7871.187 mac #0-0]        ✓ should not throw an error on a 9 byte varint not over the javascript uint precision limit
[chrome 150.0.7871.187 mac #0-0]
[chrome 150.0.7871.187 mac #0-0]     #readVarintBN
[chrome 150.0.7871.187 mac #0-0]        ✓ should read a 1 byte varint
[chrome 150.0.7871.187 mac #0-0]        ✓ should read a 3 byte varint
[chrome 150.0.7871.187 mac #0-0]        ✓ should read a 5 byte varint
[chrome 150.0.7871.187 mac #0-0]        ✓ should read a 9 byte varint
[chrome 150.0.7871.187 mac #0-0]
[chrome 150.0.7871.187 mac #0-0]     #reverse
[chrome 150.0.7871.187 mac #0-0]        ✓ should reverse this [0, 1]
[chrome 150.0.7871.187 mac #0-0]
[chrome 150.0.7871.187 mac #0-0] BufferWriter
[chrome 150.0.7871.187 mac #0-0]    ✓ should create a new buffer writer
[chrome 150.0.7871.187 mac #0-0]
[chrome 150.0.7871.187 mac #0-0]     #set
[chrome 150.0.7871.187 mac #0-0]        ✓ set bufs
[chrome 150.0.7871.187 mac #0-0]
[chrome 150.0.7871.187 mac #0-0]     #toBuffer
[chrome 150.0.7871.187 mac #0-0]        ✓ should concat these two bufs
[chrome 150.0.7871.187 mac #0-0]
[chrome 150.0.7871.187 mac #0-0]     #concat
[chrome 150.0.7871.187 mac #0-0]        ✓ should concat these two bufs
[chrome 150.0.7871.187 mac #0-0]
[chrome 150.0.7871.187 mac #0-0]     #write
[chrome 150.0.7871.187 mac #0-0]        ✓ should write a buffer
[chrome 150.0.7871.187 mac #0-0]
[chrome 150.0.7871.187 mac #0-0]     #writeUInt8
[chrome 150.0.7871.187 mac #0-0]        ✓ should write 1
[chrome 150.0.7871.187 mac #0-0]
[chrome 150.0.7871.187 mac #0-0]     #writeUInt16BE
[chrome 150.0.7871.187 mac #0-0]        ✓ should write 1
[chrome 150.0.7871.187 mac #0-0]
[chrome 150.0.7871.187 mac #0-0]     #writeUInt16LE
[chrome 150.0.7871.187 mac #0-0]        ✓ should write 1
[chrome 150.0.7871.187 mac #0-0]
[chrome 150.0.7871.187 mac #0-0]     #writeUInt32BE
[chrome 150.0.7871.187 mac #0-0]        ✓ should write 1
[chrome 150.0.7871.187 mac #0-0]
[chrome 150.0.7871.187 mac #0-0]     #writeUInt32LE
[chrome 150.0.7871.187 mac #0-0]        ✓ should write 1
[chrome 150.0.7871.187 mac #0-0]
[chrome 150.0.7871.187 mac #0-0]     #writeUInt64BEBN
[chrome 150.0.7871.187 mac #0-0]        ✓ should write 1
[chrome 150.0.7871.187 mac #0-0]
[chrome 150.0.7871.187 mac #0-0]     #writeUInt64LEBN
[chrome 150.0.7871.187 mac #0-0]        ✓ should write 1
[chrome 150.0.7871.187 mac #0-0]
[chrome 150.0.7871.187 mac #0-0]     #writeVarint
[chrome 150.0.7871.187 mac #0-0]        ✓ should write a 1 byte varint
[chrome 150.0.7871.187 mac #0-0]        ✓ should write a 3 byte varint
[chrome 150.0.7871.187 mac #0-0]        ✓ should write a 5 byte varint
[chrome 150.0.7871.187 mac #0-0]        ✓ should write a 9 byte varint
[chrome 150.0.7871.187 mac #0-0]        ✓ should read back the same value it wrote for a 9 byte varint
[chrome 150.0.7871.187 mac #0-0]
[chrome 150.0.7871.187 mac #0-0]     #writeVarintBN
[chrome 150.0.7871.187 mac #0-0]        ✓ should write a 1 byte varint
[chrome 150.0.7871.187 mac #0-0]        ✓ should write a 3 byte varint
[chrome 150.0.7871.187 mac #0-0]        ✓ should write a 5 byte varint
[chrome 150.0.7871.187 mac #0-0]        ✓ should write a 9 byte varint
[chrome 150.0.7871.187 mac #0-0]
[chrome 150.0.7871.187 mac #0-0] Varint
[chrome 150.0.7871.187 mac #0-0]    ✓ should make a new varint
[chrome 150.0.7871.187 mac #0-0]
[chrome 150.0.7871.187 mac #0-0]     #set
[chrome 150.0.7871.187 mac #0-0]        ✓ should set a buffer
[chrome 150.0.7871.187 mac #0-0]
[chrome 150.0.7871.187 mac #0-0]     #fromString
[chrome 150.0.7871.187 mac #0-0]        ✓ should set a buffer
[chrome 150.0.7871.187 mac #0-0]
[chrome 150.0.7871.187 mac #0-0]     #toString
[chrome 150.0.7871.187 mac #0-0]        ✓ should return a buffer
[chrome 150.0.7871.187 mac #0-0]
[chrome 150.0.7871.187 mac #0-0]     #fromBuffer
[chrome 150.0.7871.187 mac #0-0]        ✓ should set a buffer
[chrome 150.0.7871.187 mac #0-0]
[chrome 150.0.7871.187 mac #0-0]     #fromBufferReader
[chrome 150.0.7871.187 mac #0-0]        ✓ should set a buffer reader
[chrome 150.0.7871.187 mac #0-0]
[chrome 150.0.7871.187 mac #0-0]     #fromBN
[chrome 150.0.7871.187 mac #0-0]        ✓ should set a number
[chrome 150.0.7871.187 mac #0-0]
[chrome 150.0.7871.187 mac #0-0]     #fromNumber
[chrome 150.0.7871.187 mac #0-0]        ✓ should set a number
[chrome 150.0.7871.187 mac #0-0]
[chrome 150.0.7871.187 mac #0-0]     #toBuffer
[chrome 150.0.7871.187 mac #0-0]        ✓ should return a buffer
[chrome 150.0.7871.187 mac #0-0]
[chrome 150.0.7871.187 mac #0-0]     #toBN
[chrome 150.0.7871.187 mac #0-0]        ✓ should return a buffer
[chrome 150.0.7871.187 mac #0-0]
[chrome 150.0.7871.187 mac #0-0]     #toNumber
[chrome 150.0.7871.187 mac #0-0]        ✓ should return a buffer
[chrome 150.0.7871.187 mac #0-0]
[chrome 150.0.7871.187 mac #0-0] Base58
[chrome 150.0.7871.187 mac #0-0]    ✓ should make an instance with "new"
[chrome 150.0.7871.187 mac #0-0]    ✓ validates characters with no false negatives
[chrome 150.0.7871.187 mac #0-0]    ✓ validates characters from buffer
[chrome 150.0.7871.187 mac #0-0]    ✓ some characters are invalid (no false positives)
[chrome 150.0.7871.187 mac #0-0]    ✓ should make an instance without "new"
[chrome 150.0.7871.187 mac #0-0]    ✓ should allow this handy syntax
[chrome 150.0.7871.187 mac #0-0]
[chrome 150.0.7871.187 mac #0-0]     #set
[chrome 150.0.7871.187 mac #0-0]        ✓ should set a blank buffer
[chrome 150.0.7871.187 mac #0-0]
[chrome 150.0.7871.187 mac #0-0]     @encode
[chrome 150.0.7871.187 mac #0-0]        ✓ should encode the buffer accurately
[chrome 150.0.7871.187 mac #0-0]        ✓ should throw an error when the Input is not a buffer
[chrome 150.0.7871.187 mac #0-0]
[chrome 150.0.7871.187 mac #0-0]     @decode
[chrome 150.0.7871.187 mac #0-0]        ✓ should decode this encoded value correctly
[chrome 150.0.7871.187 mac #0-0]        ✓ should throw an error when Input is not a string
[chrome 150.0.7871.187 mac #0-0]
[chrome 150.0.7871.187 mac #0-0]     #fromBuffer
[chrome 150.0.7871.187 mac #0-0]        ✓ should not fail
[chrome 150.0.7871.187 mac #0-0]        ✓ should set buffer
[chrome 150.0.7871.187 mac #0-0]
[chrome 150.0.7871.187 mac #0-0]     #fromString
[chrome 150.0.7871.187 mac #0-0]        ✓ should convert this known string to a buffer
[chrome 150.0.7871.187 mac #0-0]
[chrome 150.0.7871.187 mac #0-0]     #toBuffer
[chrome 150.0.7871.187 mac #0-0]        ✓ should return the buffer
[chrome 150.0.7871.187 mac #0-0]
[chrome 150.0.7871.187 mac #0-0]     #toString
[chrome 150.0.7871.187 mac #0-0]        ✓ should return the buffer
[chrome 150.0.7871.187 mac #0-0]
[chrome 150.0.7871.187 mac #0-0] Base58Check
[chrome 150.0.7871.187 mac #0-0]    ✓ should make an instance with "new"
[chrome 150.0.7871.187 mac #0-0]    ✓ can validate a serialized string
[chrome 150.0.7871.187 mac #0-0]    ✓ should make an instance without "new"
[chrome 150.0.7871.187 mac #0-0]    ✓ should allow this handy syntax
[chrome 150.0.7871.187 mac #0-0]
[chrome 150.0.7871.187 mac #0-0]     #set
[chrome 150.0.7871.187 mac #0-0]        ✓ should set a buf
[chrome 150.0.7871.187 mac #0-0]
[chrome 150.0.7871.187 mac #0-0]     @encode
[chrome 150.0.7871.187 mac #0-0]        ✓ should encode the buffer accurately
[chrome 150.0.7871.187 mac #0-0]        ✓ should throw an error when the input is not a buffer
[chrome 150.0.7871.187 mac #0-0]
[chrome 150.0.7871.187 mac #0-0]     @decode
[chrome 150.0.7871.187 mac #0-0]        ✓ should decode this encoded value correctly
[chrome 150.0.7871.187 mac #0-0]        ✓ should throw an error when input is not a string
[chrome 150.0.7871.187 mac #0-0]        ✓ should throw an error when input is too short
[chrome 150.0.7871.187 mac #0-0]        ✓ should throw an error when there is a checksum mismatch
[chrome 150.0.7871.187 mac #0-0]
[chrome 150.0.7871.187 mac #0-0]     #fromBuffer
[chrome 150.0.7871.187 mac #0-0]        ✓ should not fail
[chrome 150.0.7871.187 mac #0-0]        ✓ should set buffer
[chrome 150.0.7871.187 mac #0-0]
[chrome 150.0.7871.187 mac #0-0]     #fromString
[chrome 150.0.7871.187 mac #0-0]        ✓ should convert this known string to a buffer
[chrome 150.0.7871.187 mac #0-0]
[chrome 150.0.7871.187 mac #0-0]     #toBuffer
[chrome 150.0.7871.187 mac #0-0]        ✓ should return the buffer
[chrome 150.0.7871.187 mac #0-0]
[chrome 150.0.7871.187 mac #0-0]     #toString
[chrome 150.0.7871.187 mac #0-0]        ✓ should return the buffer
[chrome 150.0.7871.187 mac #0-0]
[chrome 150.0.7871.187 mac #0-0] Script
[chrome 150.0.7871.187 mac #0-0]    ✓ should make a new script
[chrome 150.0.7871.187 mac #0-0]    ✓ should make a new script when from is null
[chrome 150.0.7871.187 mac #0-0]
[chrome 150.0.7871.187 mac #0-0]     #set
[chrome 150.0.7871.187 mac #0-0]        ✓ should be object
[chrome 150.0.7871.187 mac #0-0]        ✓ chunks should be array
[chrome 150.0.7871.187 mac #0-0]        ✓ set chunks
[chrome 150.0.7871.187 mac #0-0]
[chrome 150.0.7871.187 mac #0-0]     #fromBuffer
[chrome 150.0.7871.187 mac #0-0]        ✓ should parse this buffer containing an OP code
[chrome 150.0.7871.187 mac #0-0]        ✓ should parse this buffer containing another OP code
[chrome 150.0.7871.187 mac #0-0]        ✓ should parse this buffer containing three bytes of data
[chrome 150.0.7871.187 mac #0-0]        ✓ should parse this buffer containing OP_PUSHDATA1 and three bytes of data
[chrome 150.0.7871.187 mac #0-0]        ✓ should parse this buffer containing OP_PUSHDATA2 and three bytes of data
[chrome 150.0.7871.187 mac #0-0]        ✓ should parse this buffer containing OP_PUSHDATA4 and three bytes of data
[chrome 150.0.7871.187 mac #0-0]        ✓ should parse this buffer an OP code, data, and another OP code
[chrome 150.0.7871.187 mac #0-0]
[chrome 150.0.7871.187 mac #0-0]     #toBuffer
[chrome 150.0.7871.187 mac #0-0]        ✓ should output this buffer containing an OP code
[chrome 150.0.7871.187 mac #0-0]        ✓ should output this buffer containing another OP code
[chrome 150.0.7871.187 mac #0-0]        ✓ should output this buffer containing three bytes of data
[chrome 150.0.7871.187 mac #0-0]        ✓ should output this buffer containing OP_PUSHDATA1 and three bytes of data
[chrome 150.0.7871.187 mac #0-0]        ✓ should output this buffer containing OP_PUSHDATA2 and three bytes of data
[chrome 150.0.7871.187 mac #0-0]        ✓ should output this buffer containing OP_PUSHDATA4 and three bytes of data
[chrome 150.0.7871.187 mac #0-0]        ✓ should output this buffer an OP code, data, and another OP code
[chrome 150.0.7871.187 mac #0-0]
[chrome 150.0.7871.187 mac #0-0]     #fromASM
[chrome 150.0.7871.187 mac #0-0]        ✓ should parse this known script in ASM
[chrome 150.0.7871.187 mac #0-0]
[chrome 150.0.7871.187 mac #0-0]     #fromString
[chrome 150.0.7871.187 mac #0-0]        ✓ should parse these known scripts
[chrome 150.0.7871.187 mac #0-0]
[chrome 150.0.7871.187 mac #0-0]     #toString
[chrome 150.0.7871.187 mac #0-0]        ✓ should work with an empty script
[chrome 150.0.7871.187 mac #0-0]        ✓ should output this buffer an OP code, data, and another OP code
[chrome 150.0.7871.187 mac #0-0]        ✓ should output this known script as ASM
[chrome 150.0.7871.187 mac #0-0]        ✓ should output this known script with pushdata1 opcode as ASM
[chrome 150.0.7871.187 mac #0-0]        ✓ should OP_1NEGATE opcode as -1 with ASM
[chrome 150.0.7871.187 mac #0-0]
[chrome 150.0.7871.187 mac #0-0]     toHex
[chrome 150.0.7871.187 mac #0-0]        ✓ should return an hexa string "03010203" as expected from [3, 1, 2, 3]
[chrome 150.0.7871.187 mac #0-0]
[chrome 150.0.7871.187 mac #0-0]     #isDataOut
[chrome 150.0.7871.187 mac #0-0]        ✓ should know this is a (blank) OP_RETURN script
[chrome 150.0.7871.187 mac #0-0]        ✓ validates that this 40-byte OP_RETURN is standard
[chrome 150.0.7871.187 mac #0-0]        ✓ validates that this 80-byte OP_RETURN is standard
[chrome 150.0.7871.187 mac #0-0]        ✓ validates that this 40-byte long OP_CHECKMULTISIG is not standard op_return
[chrome 150.0.7871.187 mac #0-0]        ✓ validates that this 81-byte OP_RETURN is not a valid standard OP_RETURN
[chrome 150.0.7871.187 mac #0-0]
[chrome 150.0.7871.187 mac #0-0]     #isPublicKeyIn
[chrome 150.0.7871.187 mac #0-0]        ✓ correctly identify scriptSig as a public key in
[chrome 150.0.7871.187 mac #0-0]
[chrome 150.0.7871.187 mac #0-0]     #isPublicKeyHashIn
[chrome 150.0.7871.187 mac #0-0]        ✓ should identify this known pubkeyhashin (uncompressed pubkey version)
[chrome 150.0.7871.187 mac #0-0]        ✓ should identify this known pubkeyhashin (hybrid pubkey version w/06)
[chrome 150.0.7871.187 mac #0-0]        ✓ should identify this known pubkeyhashin (hybrid pubkey version w/07)
[chrome 150.0.7871.187 mac #0-0]        ✓ should identify this known pubkeyhashin (compressed pubkey w/ 0x02)
[chrome 150.0.7871.187 mac #0-0]        ✓ should identify this known pubkeyhashin (compressed pubkey w/ 0x03)
[chrome 150.0.7871.187 mac #0-0]        ✓ should identify this known non-pubkeyhashin (bad ops length)
[chrome 150.0.7871.187 mac #0-0]        ✓ should identify this known pubkey
[chrome 150.0.7871.187 mac #0-0]        ✓ should identify this known non-pubkeyhashin (bad version)
[chrome 150.0.7871.187 mac #0-0]        ✓ should identify this known non-pubkeyhashin (bad signature version)
[chrome 150.0.7871.187 mac #0-0]        ✓ should identify this known non-pubkeyhashin (no public key)
[chrome 150.0.7871.187 mac #0-0]        ✓ should identify this known non-pubkeyhashin (no signature)
[chrome 150.0.7871.187 mac #0-0]
[chrome 150.0.7871.187 mac #0-0]     #isPublicKeyHashOut
[chrome 150.0.7871.187 mac #0-0]        ✓ should identify this known pubkeyhashout as pubkeyhashout
[chrome 150.0.7871.187 mac #0-0]        ✓ should identify this known non-pubkeyhashout as not pubkeyhashout 1
[chrome 150.0.7871.187 mac #0-0]        ✓ should identify this known non-pubkeyhashout as not pubkeyhashout 2
[chrome 150.0.7871.187 mac #0-0]
[chrome 150.0.7871.187 mac #0-0]     #isMultisigOut
[chrome 150.0.7871.187 mac #0-0]        ✓ should identify known multisig out 1
[chrome 150.0.7871.187 mac #0-0]        ✓ should identify known multisig out 2
[chrome 150.0.7871.187 mac #0-0]        ✓ should identify known multisig out 3
[chrome 150.0.7871.187 mac #0-0]        ✓ should identify non-multisig out 1
[chrome 150.0.7871.187 mac #0-0]        ✓ should identify non-multisig out 2
[chrome 150.0.7871.187 mac #0-0]
[chrome 150.0.7871.187 mac #0-0]     #isMultisigIn
[chrome 150.0.7871.187 mac #0-0]        ✓ should identify multisig in 1
[chrome 150.0.7871.187 mac #0-0]        ✓ should identify multisig in 2
[chrome 150.0.7871.187 mac #0-0]        ✓ should identify non-multisig in 1
[chrome 150.0.7871.187 mac #0-0]        ✓ should identify non-multisig in 2
[chrome 150.0.7871.187 mac #0-0]
[chrome 150.0.7871.187 mac #0-0]     #isScriptHashIn
[chrome 150.0.7871.187 mac #0-0]        ✓ should identify this known scripthashin
[chrome 150.0.7871.187 mac #0-0]        ✓ should identify this known non-scripthashin
[chrome 150.0.7871.187 mac #0-0]        ✓ should identify this problematic non-scripthashin scripts
[chrome 150.0.7871.187 mac #0-0]        ✓ identifies this other problematic non-p2sh in
[chrome 150.0.7871.187 mac #0-0]
[chrome 150.0.7871.187 mac #0-0]     #isScripthashOut
[chrome 150.0.7871.187 mac #0-0]        ✓ should identify this known p2shout as p2shout
[chrome 150.0.7871.187 mac #0-0]        ✓ should identify result of .isScriptHashOut() as p2sh
[chrome 150.0.7871.187 mac #0-0]        ✓ should identify these known non-p2shout as not p2shout
[chrome 150.0.7871.187 mac #0-0]
[chrome 150.0.7871.187 mac #0-0]     #isWitnessScriptHashOut
[chrome 150.0.7871.187 mac #0-0]        ✓ should recognize this script as p2wsh
[chrome 150.0.7871.187 mac #0-0]        ✓ should NOT identify as p2wsh
[chrome 150.0.7871.187 mac #0-0]
[chrome 150.0.7871.187 mac #0-0]     #isWitnessPublicKeyHashOut
[chrome 150.0.7871.187 mac #0-0]        ✓ should identify as p2wpkh
[chrome 150.0.7871.187 mac #0-0]        ✓ should NOT identify as p2wpkh
[chrome 150.0.7871.187 mac #0-0]
[chrome 150.0.7871.187 mac #0-0]     #isWitnessProgram
[chrome 150.0.7871.187 mac #0-0]        ✓ will default values to empty object
[chrome 150.0.7871.187 mac #0-0]        ✓ will return false if script is data push longer than 40 bytes
[chrome 150.0.7871.187 mac #0-0]        ✓ will return false if first byte op_code is greater than OP_16
[chrome 150.0.7871.187 mac #0-0]        ✓ will return true with datapush of 20
[chrome 150.0.7871.187 mac #0-0]        ✓ will return true with datapush of 32
[chrome 150.0.7871.187 mac #0-0]
[chrome 150.0.7871.187 mac #0-0]     #isPushOnly
[chrome 150.0.7871.187 mac #0-0]        ✓ should know these scripts are or aren't push only
[chrome 150.0.7871.187 mac #0-0]
[chrome 150.0.7871.187 mac #0-0]     #classifyInput
[chrome 150.0.7871.187 mac #0-0]        ✓ shouldn't classify public key hash out
[chrome 150.0.7871.187 mac #0-0]        ✓ should classify public key hash in
[chrome 150.0.7871.187 mac #0-0]        ✓ shouldn't classify script hash out
[chrome 150.0.7871.187 mac #0-0]        ✓ should classify script hash in
[chrome 150.0.7871.187 mac #0-0]        ✓ shouldn't classify MULTISIG out
[chrome 150.0.7871.187 mac #0-0]        ✓ should classify MULTISIG in
[chrome 150.0.7871.187 mac #0-0]        ✓ shouldn't classify OP_RETURN data out
[chrome 150.0.7871.187 mac #0-0]        ✓ shouldn't classify public key out
[chrome 150.0.7871.187 mac #0-0]        ✓ should classify public key in
[chrome 150.0.7871.187 mac #0-0]        ✓ should classify unknown
[chrome 150.0.7871.187 mac #0-0]        ✓ should classify scriptHashIn, eventhough it's opreturn
[chrome 150.0.7871.187 mac #0-0]
[chrome 150.0.7871.187 mac #0-0]     #classifyOutput
[chrome 150.0.7871.187 mac #0-0]        ✓ should classify public key hash out
[chrome 150.0.7871.187 mac #0-0]        ✓ shouldn't classify public key hash in
[chrome 150.0.7871.187 mac #0-0]        ✓ should classify script hash out
[chrome 150.0.7871.187 mac #0-0]        ✓ shouldn't classify script hash in
[chrome 150.0.7871.187 mac #0-0]        ✓ should classify MULTISIG out
[chrome 150.0.7871.187 mac #0-0]        ✓ shouldn't classify MULTISIG in
[chrome 150.0.7871.187 mac #0-0]        ✓ should classify OP_RETURN data out
[chrome 150.0.7871.187 mac #0-0]        ✓ should classify public key out
[chrome 150.0.7871.187 mac #0-0]        ✓ shouldn't classify public key in
[chrome 150.0.7871.187 mac #0-0]        ✓ should classify unknown
[chrome 150.0.7871.187 mac #0-0]        ✓ should classify opreturn eventhough it also looks like a scriptHashIn
[chrome 150.0.7871.187 mac #0-0]
[chrome 150.0.7871.187 mac #0-0]     #classify
[chrome 150.0.7871.187 mac #0-0]        ✓ should classify public key hash out
[chrome 150.0.7871.187 mac #0-0]        ✓ should classify public key hash in
[chrome 150.0.7871.187 mac #0-0]        ✓ should classify script hash out
[chrome 150.0.7871.187 mac #0-0]        ✓ should classify script hash in
[chrome 150.0.7871.187 mac #0-0]        ✓ should classify MULTISIG out
[chrome 150.0.7871.187 mac #0-0]        ✓ should classify MULTISIG in
[chrome 150.0.7871.187 mac #0-0]        ✓ should classify OP_RETURN data out
[chrome 150.0.7871.187 mac #0-0]        ✓ should classify public key out
[chrome 150.0.7871.187 mac #0-0]        ✓ should classify public key in
[chrome 150.0.7871.187 mac #0-0]        ✓ should classify unknown
[chrome 150.0.7871.187 mac #0-0]        ✓ should classify opreturn eventhough it also looks like a scriptHashIn
[chrome 150.0.7871.187 mac #0-0]        ✓ should classify scriptHashIn eventhough it is opreturn when script is marked is input
[chrome 150.0.7871.187 mac #0-0]        ✓ should classify unknown eventhough it is public key hash when marked as input
[chrome 150.0.7871.187 mac #0-0]        ✓ should classify unknown eventhough it is public key hash in when marked as output
[chrome 150.0.7871.187 mac #0-0]
[chrome 150.0.7871.187 mac #0-0]     #add and #prepend
[chrome 150.0.7871.187 mac #0-0]        ✓ should add these ops
[chrome 150.0.7871.187 mac #0-0]        ✓ should prepend these ops
[chrome 150.0.7871.187 mac #0-0]        ✓ should add and prepend correctly
[chrome 150.0.7871.187 mac #0-0]        ✓ should add these push data
[chrome 150.0.7871.187 mac #0-0]        ✓ should add both pushdata and non-pushdata chunks
[chrome 150.0.7871.187 mac #0-0]        ✓ should work for no data OP_RETURN
[chrome 150.0.7871.187 mac #0-0]        ✓ works with objects
[chrome 150.0.7871.187 mac #0-0]        ✓ works with another script
[chrome 150.0.7871.187 mac #0-0]        ✓ fails with wrong type
[chrome 150.0.7871.187 mac #0-0]
[chrome 150.0.7871.187 mac #0-0]     #isStandard
[chrome 150.0.7871.187 mac #0-0]        ✓ should classify correctly standard script
[chrome 150.0.7871.187 mac #0-0]        ✓ should classify correctly non standard script
[chrome 150.0.7871.187 mac #0-0]
[chrome 150.0.7871.187 mac #0-0]     #buildMultisigOut
[chrome 150.0.7871.187 mac #0-0]        ✓ should create sorted script by default
[chrome 150.0.7871.187 mac #0-0]        ✓ should fail when number of required signatures is greater than number of pubkeys
[chrome 150.0.7871.187 mac #0-0]        ✓ should create unsorted script if specified
[chrome 150.0.7871.187 mac #0-0]        ✓ should create 1-of-1
[chrome 150.0.7871.187 mac #0-0]        ✓ should create 1-of-2
[chrome 150.0.7871.187 mac #0-0]        ✓ should create 2-of-2
[chrome 150.0.7871.187 mac #0-0]        ✓ should create 1-of-3
[chrome 150.0.7871.187 mac #0-0]        ✓ should create 2-of-3
[chrome 150.0.7871.187 mac #0-0]        ✓ should create 3-of-3
[chrome 150.0.7871.187 mac #0-0]        ✓ should create 1-of-4
[chrome 150.0.7871.187 mac #0-0]        ✓ should create 2-of-4
[chrome 150.0.7871.187 mac #0-0]        ✓ should create 3-of-4
[chrome 150.0.7871.187 mac #0-0]        ✓ should create 4-of-4
[chrome 150.0.7871.187 mac #0-0]        ✓ should create 1-of-5
[chrome 150.0.7871.187 mac #0-0]        ✓ should create 2-of-5
[chrome 150.0.7871.187 mac #0-0]        ✓ should create 3-of-5
[chrome 150.0.7871.187 mac #0-0]        ✓ should create 4-of-5
[chrome 150.0.7871.187 mac #0-0]        ✓ should create 5-of-5
[chrome 150.0.7871.187 mac #0-0]
[chrome 150.0.7871.187 mac #0-0]     #buildWitnessMultisigOutFromScript
[chrome 150.0.7871.187 mac #0-0]        ✓ it will build nested witness scriptSig
[chrome 150.0.7871.187 mac #0-0]
[chrome 150.0.7871.187 mac #0-0]     #buildPublicKeyHashOut
[chrome 150.0.7871.187 mac #0-0]        ✓ should create script from livenet address
[chrome 150.0.7871.187 mac #0-0]        ✓ should create script from testnet address
[chrome 150.0.7871.187 mac #0-0]        ✓ should create script from public key
[chrome 150.0.7871.187 mac #0-0]
[chrome 150.0.7871.187 mac #0-0]     #buildPublicKeyOut
[chrome 150.0.7871.187 mac #0-0]        ✓ should create script from public key
[chrome 150.0.7871.187 mac #0-0]
[chrome 150.0.7871.187 mac #0-0]     #buildDataOut
[chrome 150.0.7871.187 mac #0-0]        ✓ should create script from no data
[chrome 150.0.7871.187 mac #0-0]        ✓ should create script from empty data
[chrome 150.0.7871.187 mac #0-0]        ✓ should create script from some data
[chrome 150.0.7871.187 mac #0-0]        ✓ should create script from string
[chrome 150.0.7871.187 mac #0-0]        ✓ should create script from a hex string
[chrome 150.0.7871.187 mac #0-0]
[chrome 150.0.7871.187 mac #0-0]     #buildScriptHashOut
[chrome 150.0.7871.187 mac #0-0]        ✓ should create script from another script
[chrome 150.0.7871.187 mac #0-0]        ✓ inherits network property from other script
[chrome 150.0.7871.187 mac #0-0]        ✓ inherits network property from an address
[chrome 150.0.7871.187 mac #0-0]
[chrome 150.0.7871.187 mac #0-0]     #toScriptHashOut
[chrome 150.0.7871.187 mac #0-0]        ✓ should create script from another script
[chrome 150.0.7871.187 mac #0-0]
[chrome 150.0.7871.187 mac #0-0]     #removeCodeseparators
[chrome 150.0.7871.187 mac #0-0]        ✓ should remove any OP_CODESEPARATORs
[chrome 150.0.7871.187 mac #0-0]
[chrome 150.0.7871.187 mac #0-0]     #findAndDelete
[chrome 150.0.7871.187 mac #0-0]        ✓ should find and delete this buffer
[chrome 150.0.7871.187 mac #0-0]        ✓ should do nothing
[chrome 150.0.7871.187 mac #0-0]
[chrome 150.0.7871.187 mac #0-0]     #checkMinimalPush
[chrome 150.0.7871.187 mac #0-0]        ✓ should check these minimal pushes
[chrome 150.0.7871.187 mac #0-0]
[chrome 150.0.7871.187 mac #0-0]     getData returns associated data
[chrome 150.0.7871.187 mac #0-0]        ✓ works with this testnet transaction
[chrome 150.0.7871.187 mac #0-0]        ✓ for a P2PKH address
[chrome 150.0.7871.187 mac #0-0]        ✓ for a P2SH address
[chrome 150.0.7871.187 mac #0-0]        ✓ for a standard opreturn output
[chrome 150.0.7871.187 mac #0-0]        ✓ fails if content is not recognized
[chrome 150.0.7871.187 mac #0-0]
[chrome 150.0.7871.187 mac #0-0]     toAddress
[chrome 150.0.7871.187 mac #0-0]        ✓ priorize the network argument
[chrome 150.0.7871.187 mac #0-0]        ✓ use the inherited network
[chrome 150.0.7871.187 mac #0-0]        ✓ uses default network
[chrome 150.0.7871.187 mac #0-0]        ✓ for a P2PKH address
[chrome 150.0.7871.187 mac #0-0]        ✓ for a P2SH address
[chrome 150.0.7871.187 mac #0-0]        ✓ fails if content is not recognized
[chrome 150.0.7871.187 mac #0-0]        ✓ works for p2pkh output
[chrome 150.0.7871.187 mac #0-0]        ✓ works for p2pkh input
[chrome 150.0.7871.187 mac #0-0]        ✓ works for p2sh output
[chrome 150.0.7871.187 mac #0-0]        ✓ works for p2sh input
[chrome 150.0.7871.187 mac #0-0]        ✓ works for OP_RETURN script
[chrome 150.0.7871.187 mac #0-0]
[chrome 150.0.7871.187 mac #0-0]     equals
[chrome 150.0.7871.187 mac #0-0]        ✓ returns true for same script
[chrome 150.0.7871.187 mac #0-0]        ✓ returns false for different chunks sizes
[chrome 150.0.7871.187 mac #0-0]        ✓ returns false for different opcodes
[chrome 150.0.7871.187 mac #0-0]        ✓ returns false for different data
[chrome 150.0.7871.187 mac #0-0]        ✓ returns false for different data
[chrome 150.0.7871.187 mac #0-0]
[chrome 150.0.7871.187 mac #0-0]     #getSignatureOperationsCount
[chrome 150.0.7871.187 mac #0-0]        ✓ should return zero for empty scripts
[chrome 150.0.7871.187 mac #0-0]        ✓ should handle multi-sig multisig scripts from string
[chrome 150.0.7871.187 mac #0-0]        ✓ should handle multi-sig-out scripts from utility function
[chrome 150.0.7871.187 mac #0-0]        ✓ should handle P2SH-multisig-in scripts from utility
[chrome 150.0.7871.187 mac #0-0]        ✓ should default the one and only argument to true
[chrome 150.0.7871.187 mac #0-0]
[chrome 150.0.7871.187 mac #0-0] Interpreter
[chrome 150.0.7871.187 mac #0-0]    ✓ should make a new interp
[chrome 150.0.7871.187 mac #0-0]
[chrome 150.0.7871.187 mac #0-0]     @castToBool
[chrome 150.0.7871.187 mac #0-0]        ✓ should cast these bufs to bool correctly
[chrome 150.0.7871.187 mac #0-0]
[chrome 150.0.7871.187 mac #0-0]     #verifyWitnessProgram
[chrome 150.0.7871.187 mac #0-0]        ✓ will return true if witness program greater than 0
[chrome 150.0.7871.187 mac #0-0]        ✓ will return false with error if witness length is 0
[chrome 150.0.7871.187 mac #0-0]        ✓ will return false if program hash mismatch (version 0, 32 byte program)
[chrome 150.0.7871.187 mac #0-0]        ✓ will return false if witness stack doesn't have two items (version 0, 20 byte program)
[chrome 150.0.7871.187 mac #0-0]        ✓ will return false if program wrong length for version 0
[chrome 150.0.7871.187 mac #0-0]        ✓ will return false with discourage upgradable witness program
[chrome 150.0.7871.187 mac #0-0]        ✓ will return false with error if stack doesn't have exactly one item
[chrome 150.0.7871.187 mac #0-0]        ✓ will return false if last item in stack casts to false
[chrome 150.0.7871.187 mac #0-0]
[chrome 150.0.7871.187 mac #0-0]     #verify
[chrome 150.0.7871.187 mac #0-0]        ✓ should verify these trivial scripts
[chrome 150.0.7871.187 mac #0-0]        ✓ should verify these simple transaction
[chrome 150.0.7871.187 mac #0-0]
[chrome 150.0.7871.187 mac #0-0]     bitcoind script evaluation fixtures
[chrome 150.0.7871.187 mac #0-0]        ✓ should EVAL_FALSE script_tests vector #980:  0 0x206e340b9cffb37a989ca544e6bb780a2c78901d3fb33738768511a30617afa01d (Invalid witness script)
[chrome 150.0.7871.187 mac #0-0]        ✓ should WITNESS_PROGRAM_MISMATCH script_tests vector #981:  0 0x206e340b9cffb37a989ca544e6bb780a2c78901d3fb33738768511a30617afa01d (Witness script hash mismatch)
[chrome 150.0.7871.187 mac #0-0]        ✓ should OK script_tests vector #982:  0 0x206e340b9cffb37a989ca544e6bb780a2c78901d3fb33738768511a30617afa01d (Invalid witness script without WITNESS)
[chrome 150.0.7871.187 mac #0-0]        ✓ should OK script_tests vector #983:  0 0x206e340b9cffb37a989ca544e6bb780a2c78901d3fb33738768511a30617afa01d (Witness script hash mismatch without WITNESS)
[chrome 150.0.7871.187 mac #0-0]        ✓ should OK script_tests vector #1069:  0 0x20 0xb95237b48faaa69eb078e1170be3b5cbb3fddf16d0a991e14ad274f7b33a4f64 (Basic P2WSH)
[chrome 150.0.7871.187 mac #0-0]        ✓ should OK script_tests vector #1070:  0 0x14 0x91b24bf9f5288532960ac687abb035127b1d28a5 (Basic P2WPKH)
[chrome 150.0.7871.187 mac #0-0]        ✓ should OK script_tests vector #1071: 0x22 0x0020b95237b48faaa69eb078e1170be3b5cbb3fddf16d0a991e14ad274f7b33a4f64 HASH160 0x14 0xf386c2ba255cc56d20cfa6ea8b062f8b59945518 EQUAL (Basic P2SH(P2WSH))
[chrome 150.0.7871.187 mac #0-0]        ✓ should OK script_tests vector #1072: 0x16 0x001491b24bf9f5288532960ac687abb035127b1d28a5 HASH160 0x14 0x17743beb429c55c942d2ec703b98c4d57c2df5c6 EQUAL (Basic P2SH(P2WPKH))
[chrome 150.0.7871.187 mac #0-0]        ✓ should EVAL_FALSE script_tests vector #1073:  0 0x20 0xac8ebd9e52c17619a381fa4f71aebb696087c6ef17c960fd0587addad99c0610 (Basic P2WSH with the wrong key)
[chrome 150.0.7871.187 mac #0-0]        ✓ should EVAL_FALSE script_tests vector #1074:  0 0x14 0x7cf9c846cd4882efec4bf07e44ebdad495c94f4b (Basic P2WPKH with the wrong key)
[chrome 150.0.7871.187 mac #0-0]        ✓ should EVAL_FALSE script_tests vector #1075: 0x22 0x0020ac8ebd9e52c17619a381fa4f71aebb696087c6ef17c960fd0587addad99c0610 HASH160 0x14 0x61039a003883787c0d6ebc66d97fdabe8e31449d EQUAL (Basic P2SH(P2WSH) with the wrong key)
[chrome 150.0.7871.187 mac #0-0]        ✓ should EVAL_FALSE script_tests vector #1076: 0x16 0x00147cf9c846cd4882efec4bf07e44ebdad495c94f4b HASH160 0x14 0x4e0c2aed91315303fc6a1dc4c7bc21c88f75402e EQUAL (Basic P2SH(P2WPKH) with the wrong key)
[chrome 150.0.7871.187 mac #0-0]        ✓ should OK script_tests vector #1077:  0 0x20 0xac8ebd9e52c17619a381fa4f71aebb696087c6ef17c960fd0587addad99c0610 (Basic P2WSH with the wrong key but no WITNESS)
[chrome 150.0.7871.187 mac #0-0]        ✓ should OK script_tests vector #1078:  0 0x14 0x7cf9c846cd4882efec4bf07e44ebdad495c94f4b (Basic P2WPKH with the wrong key but no WITNESS)
[chrome 150.0.7871.187 mac #0-0]        ✓ should OK script_tests vector #1079: 0x22 0x0020ac8ebd9e52c17619a381fa4f71aebb696087c6ef17c960fd0587addad99c0610 HASH160 0x14 0x61039a003883787c0d6ebc66d97fdabe8e31449d EQUAL (Basic P2SH(P2WSH) with the wrong key but no WITNESS)
[chrome 150.0.7871.187 mac #0-0]        ✓ should OK script_tests vector #1080: 0x16 0x00147cf9c846cd4882efec4bf07e44ebdad495c94f4b HASH160 0x14 0x4e0c2aed91315303fc6a1dc4c7bc21c88f75402e EQUAL (Basic P2SH(P2WPKH) with the wrong key but no WITNESS)
[chrome 150.0.7871.187 mac #0-0]        ✓ should EVAL_FALSE script_tests vector #1081:  0 0x20 0xb95237b48faaa69eb078e1170be3b5cbb3fddf16d0a991e14ad274f7b33a4f64 (Basic P2WSH with wrong value)
[chrome 150.0.7871.187 mac #0-0]        ✓ should EVAL_FALSE script_tests vector #1082:  0 0x14 0x91b24bf9f5288532960ac687abb035127b1d28a5 (Basic P2WPKH with wrong value)
[chrome 150.0.7871.187 mac #0-0]        ✓ should EVAL_FALSE script_tests vector #1083: 0x22 0x0020b95237b48faaa69eb078e1170be3b5cbb3fddf16d0a991e14ad274f7b33a4f64 HASH160 0x14 0xf386c2ba255cc56d20cfa6ea8b062f8b59945518 EQUAL (Basic P2SH(P2WSH) with wrong value)
[chrome 150.0.7871.187 mac #0-0]        ✓ should EVAL_FALSE script_tests vector #1084: 0x16 0x001491b24bf9f5288532960ac687abb035127b1d28a5 HASH160 0x14 0x17743beb429c55c942d2ec703b98c4d57c2df5c6 EQUAL (Basic P2SH(P2WPKH) with wrong value)
[chrome 150.0.7871.187 mac #0-0]        ✓ should DISCOURAGE_UPGRADABLE_WITNESS_PROGRAM script_tests vector #1085:  1 0x14 0x91b24bf9f5288532960ac687abb035127b1d28a5 (P2WPKH with future witness version)
[chrome 150.0.7871.187 mac #0-0]        ✓ should WITNESS_PROGRAM_WRONG_LENGTH script_tests vector #1086:  0 0x1f 0xb34b78da162751647974d5cb7410aa428ad339dbf7d1e16e833f68a0cbf1c3 (P2WPKH with wrong witness program length)
[chrome 150.0.7871.187 mac #0-0]        ✓ should WITNESS_PROGRAM_MISMATCH script_tests vector #1088:  0 0x20 0xb95237b48faaa69eb078e1170be3b5cbb3fddf16d0a991e14ad274f7b33a4f64 (P2WSH with witness program mismatch)
[chrome 150.0.7871.187 mac #0-0]        ✓ should WITNESS_PROGRAM_MISMATCH script_tests vector #1089:  0 0x14 0x91b24bf9f5288532960ac687abb035127b1d28a5 (P2WPKH with witness program mismatch)
[chrome 150.0.7871.187 mac #0-0]        ✓ should WITNESS_MALLEATED script_tests vector #1090: 11 0 0x14 0x91b24bf9f5288532960ac687abb035127b1d28a5 (P2WPKH with non-empty scriptSig)
[chrome 150.0.7871.187 mac #0-0]        ✓ should WITNESS_MALLEATED_P2SH script_tests vector #1091: 11 0x16 0x00147cf9c846cd4882efec4bf07e44ebdad495c94f4b HASH160 0x14 0x4e0c2aed91315303fc6a1dc4c7bc21c88f75402e EQUAL (P2SH(P2WPKH) with superfluous push in scriptSig)
[chrome 150.0.7871.187 mac #0-0]        ✓ should WITNESS_UNEXPECTED script_tests vector #1092: 0x47 0x304402200a5c6163f07b8d3b013c4d1d6dba25e780b39658d79ba37af7057a3b7f15ffa102201fd9b4eaa9943f734928b99a83592c2e7bf342ea2680f6a2bb705167966b742001 0x41 0x0479be667ef9dcbbac55a06295ce870b07029bfcdb2dce28d959f2815b16f81798483ada7726a3c4655da4fbfc0e1108a8fd17b448a68554199c47d08ffb10d4b8 CHECKSIG (P2PK with witness)
[chrome 150.0.7871.187 mac #0-0]        ✓ should OK script_tests vector #1093:  0 0x20 0x1863143c14c5166804bd19203356da136c985678cd4d27a1b8c6329604903262 (Basic P2WSH with compressed key)
[chrome 150.0.7871.187 mac #0-0]        ✓ should OK script_tests vector #1094:  0 0x14 0x751e76e8199196d454941c45d1b3a323f1433bd6 (Basic P2WPKH with compressed key)
[chrome 150.0.7871.187 mac #0-0]        ✓ should OK script_tests vector #1095: 0x22 0x00201863143c14c5166804bd19203356da136c985678cd4d27a1b8c6329604903262 HASH160 0x14 0xe4300531190587e3880d4c3004f5355d88ff928d EQUAL (Basic P2SH(P2WSH) with compressed key)
[chrome 150.0.7871.187 mac #0-0]        ✓ should OK script_tests vector #1096: 0x16 0x0014751e76e8199196d454941c45d1b3a323f1433bd6 HASH160 0x14 0xbcfeb728b584253d5f3f70bcb780e9ef218a68f4 EQUAL (Basic P2SH(P2WPKH) with compressed key)
[chrome 150.0.7871.187 mac #0-0]        ✓ should WITNESS_PUBKEYTYPE script_tests vector #1097:  0 0x20 0xb95237b48faaa69eb078e1170be3b5cbb3fddf16d0a991e14ad274f7b33a4f64 (Basic P2WSH)
[chrome 150.0.7871.187 mac #0-0]        ✓ should WITNESS_PUBKEYTYPE script_tests vector #1098:  0 0x14 0x91b24bf9f5288532960ac687abb035127b1d28a5 (Basic P2WPKH)
[chrome 150.0.7871.187 mac #0-0]        ✓ should WITNESS_PUBKEYTYPE script_tests vector #1099: 0x22 0x0020b95237b48faaa69eb078e1170be3b5cbb3fddf16d0a991e14ad274f7b33a4f64 HASH160 0x14 0xf386c2ba255cc56d20cfa6ea8b062f8b59945518 EQUAL (Basic P2SH(P2WSH))
[chrome 150.0.7871.187 mac #0-0]        ✓ should WITNESS_PUBKEYTYPE script_tests vector #1100: 0x16 0x001491b24bf9f5288532960ac687abb035127b1d28a5 HASH160 0x14 0x17743beb429c55c942d2ec703b98c4d57c2df5c6 EQUAL (Basic P2SH(P2WPKH))
[chrome 150.0.7871.187 mac #0-0]        ✓ should OK script_tests vector #1101:  0 0x20 0x06c24420938f0fa3c1cb2707d867154220dca365cdbfa0dd2a83854730221460 (P2WSH CHECKMULTISIG with compressed keys)
[chrome 150.0.7871.187 mac #0-0]        ✓ should OK script_tests vector #1102: 0x22 0x002006c24420938f0fa3c1cb2707d867154220dca365cdbfa0dd2a83854730221460 HASH160 0x14 0x26282aad7c29369d15fed062a778b6100d31a340 EQUAL (P2SH(P2WSH) CHECKMULTISIG with compressed keys)
[chrome 150.0.7871.187 mac #0-0]        ✓ should OK script_tests vector #1103:  0 0x20 0x06c24420938f0fa3c1cb2707d867154220dca365cdbfa0dd2a83854730221460 (P2WSH CHECKMULTISIG with compressed keys)
[chrome 150.0.7871.187 mac #0-0]        ✓ should OK script_tests vector #1104: 0x22 0x002006c24420938f0fa3c1cb2707d867154220dca365cdbfa0dd2a83854730221460 HASH160 0x14 0x26282aad7c29369d15fed062a778b6100d31a340 EQUAL (P2SH(P2WSH) CHECKMULTISIG with compressed keys)
[chrome 150.0.7871.187 mac #0-0]        ✓ should OK script_tests vector #1105:  0 0x20 0x08a6665ebfd43b02323423e764e185d98d1587f903b81507dbb69bfc41005efa (P2WSH CHECKMULTISIG with first key uncompressed and signing with the first key)
[chrome 150.0.7871.187 mac #0-0]        ✓ should OK script_tests vector #1106: 0x22 0x002008a6665ebfd43b02323423e764e185d98d1587f903b81507dbb69bfc41005efa HASH160 0x14 0x6f5ecd4b83b77f3c438f5214eff96454934fc5d1 EQUAL (P2SH(P2WSH) CHECKMULTISIG first key uncompressed and signing with the first key)
[chrome 150.0.7871.187 mac #0-0]        ✓ should WITNESS_PUBKEYTYPE script_tests vector #1107:  0 0x20 0x08a6665ebfd43b02323423e764e185d98d1587f903b81507dbb69bfc41005efa (P2WSH CHECKMULTISIG with first key uncompressed and signing with the first key)
[chrome 150.0.7871.187 mac #0-0]        ✓ should WITNESS_PUBKEYTYPE script_tests vector #1108: 0x22 0x002008a6665ebfd43b02323423e764e185d98d1587f903b81507dbb69bfc41005efa HASH160 0x14 0x6f5ecd4b83b77f3c438f5214eff96454934fc5d1 EQUAL (P2SH(P2WSH) CHECKMULTISIG with first key uncompressed and signing with the first key)
[chrome 150.0.7871.187 mac #0-0]        ✓ should OK script_tests vector #1109:  0 0x20 0x08a6665ebfd43b02323423e764e185d98d1587f903b81507dbb69bfc41005efa (P2WSH CHECKMULTISIG with first key uncompressed and signing with the second key)
[chrome 150.0.7871.187 mac #0-0]        ✓ should OK script_tests vector #1110: 0x22 0x002008a6665ebfd43b02323423e764e185d98d1587f903b81507dbb69bfc41005efa HASH160 0x14 0x6f5ecd4b83b77f3c438f5214eff96454934fc5d1 EQUAL (P2SH(P2WSH) CHECKMULTISIG with first key uncompressed and signing with the second key)
[chrome 150.0.7871.187 mac #0-0]        ✓ should WITNESS_PUBKEYTYPE script_tests vector #1111:  0 0x20 0x08a6665ebfd43b02323423e764e185d98d1587f903b81507dbb69bfc41005efa (P2WSH CHECKMULTISIG with first key uncompressed and signing with the second key)
[chrome 150.0.7871.187 mac #0-0]        ✓ should WITNESS_PUBKEYTYPE script_tests vector #1112: 0x22 0x002008a6665ebfd43b02323423e764e185d98d1587f903b81507dbb69bfc41005efa HASH160 0x14 0x6f5ecd4b83b77f3c438f5214eff96454934fc5d1 EQUAL (P2SH(P2WSH) CHECKMULTISIG with first key uncompressed and signing with the second key)
[chrome 150.0.7871.187 mac #0-0]        ✓ should OK script_tests vector #1113:  0 0x20 0x230828ed48871f0f362ce9432aa52f620f442cc8d9ce7a8b5e798365595a38bb (P2WSH CHECKMULTISIG with second key uncompressed and signing with the first key)
[chrome 150.0.7871.187 mac #0-0]        ✓ should OK script_tests vector #1114: 0x22 0x0020230828ed48871f0f362ce9432aa52f620f442cc8d9ce7a8b5e798365595a38bb HASH160 0x14 0x3478e7019ce61a68148f87549579b704cbe4c393 EQUAL (P2SH(P2WSH) CHECKMULTISIG second key uncompressed and signing with the first key)
[chrome 150.0.7871.187 mac #0-0]        ✓ should OK script_tests vector #1115:  0 0x20 0x230828ed48871f0f362ce9432aa52f620f442cc8d9ce7a8b5e798365595a38bb (P2WSH CHECKMULTISIG with second key uncompressed and signing with the first key should pass as the uncompressed key is not used)
[chrome 150.0.7871.187 mac #0-0]        ✓ should OK script_tests vector #1116: 0x22 0x0020230828ed48871f0f362ce9432aa52f620f442cc8d9ce7a8b5e798365595a38bb HASH160 0x14 0x3478e7019ce61a68148f87549579b704cbe4c393 EQUAL (P2SH(P2WSH) CHECKMULTISIG with second key uncompressed and signing with the first key should pass as the uncompressed key is not used)
[chrome 150.0.7871.187 mac #0-0]        ✓ should OK script_tests vector #1117:  0 0x20 0x230828ed48871f0f362ce9432aa52f620f442cc8d9ce7a8b5e798365595a38bb (P2WSH CHECKMULTISIG with second key uncompressed and signing with the second key)
[chrome 150.0.7871.187 mac #0-0]        ✓ should OK script_tests vector #1118: 0x22 0x0020230828ed48871f0f362ce9432aa52f620f442cc8d9ce7a8b5e798365595a38bb HASH160 0x14 0x3478e7019ce61a68148f87549579b704cbe4c393 EQUAL (P2SH(P2WSH) CHECKMULTISIG with second key uncompressed and signing with the second key)
[chrome 150.0.7871.187 mac #0-0]        ✓ should WITNESS_PUBKEYTYPE script_tests vector #1119:  0 0x20 0x230828ed48871f0f362ce9432aa52f620f442cc8d9ce7a8b5e798365595a38bb (P2WSH CHECKMULTISIG with second key uncompressed and signing with the second key)
[chrome 150.0.7871.187 mac #0-0]        ✓ should WITNESS_PUBKEYTYPE script_tests vector #1120: 0x22 0x0020230828ed48871f0f362ce9432aa52f620f442cc8d9ce7a8b5e798365595a38bb HASH160 0x14 0x3478e7019ce61a68148f87549579b704cbe4c393 EQUAL (P2SH(P2WSH) CHECKMULTISIG with second key uncompressed and signing with the second key)
[chrome 150.0.7871.187 mac #0-0]        ✓ should OK script_tests vector #1148:  0 0x20 0xc7eaf06d5ae01a58e376e126eb1e6fab2036076922b96b2711ffbec1e590665d
[chrome 150.0.7871.187 mac #0-0]        ✓ should OK script_tests vector #1149:  0 0x20 0xc7eaf06d5ae01a58e376e126eb1e6fab2036076922b96b2711ffbec1e590665d
[chrome 150.0.7871.187 mac #0-0]        ✓ should OK script_tests vector #1150:  0 0x20 0xc7eaf06d5ae01a58e376e126eb1e6fab2036076922b96b2711ffbec1e590665d
[chrome 150.0.7871.187 mac #0-0]        ✓ should CLEANSTACK script_tests vector #1151:  0 0x20 0xc7eaf06d5ae01a58e376e126eb1e6fab2036076922b96b2711ffbec1e590665d
[chrome 150.0.7871.187 mac #0-0]        ✓ should CLEANSTACK script_tests vector #1152:  0 0x20 0xc7eaf06d5ae01a58e376e126eb1e6fab2036076922b96b2711ffbec1e590665d
[chrome 150.0.7871.187 mac #0-0]        ✓ should OK script_tests vector #1153:  0 0x20 0xc7eaf06d5ae01a58e376e126eb1e6fab2036076922b96b2711ffbec1e590665d
[chrome 150.0.7871.187 mac #0-0]        ✓ should MINIMALIF script_tests vector #1154:  0 0x20 0xc7eaf06d5ae01a58e376e126eb1e6fab2036076922b96b2711ffbec1e590665d
[chrome 150.0.7871.187 mac #0-0]        ✓ should MINIMALIF script_tests vector #1155:  0 0x20 0xc7eaf06d5ae01a58e376e126eb1e6fab2036076922b96b2711ffbec1e590665d
[chrome 150.0.7871.187 mac #0-0]        ✓ should CLEANSTACK script_tests vector #1156:  0 0x20 0xc7eaf06d5ae01a58e376e126eb1e6fab2036076922b96b2711ffbec1e590665d
[chrome 150.0.7871.187 mac #0-0]        ✓ should MINIMALIF script_tests vector #1157:  0 0x20 0xc7eaf06d5ae01a58e376e126eb1e6fab2036076922b96b2711ffbec1e590665d
[chrome 150.0.7871.187 mac #0-0]        ✓ should UNBALANCED_CONDITIONAL script_tests vector #1158:  0 0x20 0xc7eaf06d5ae01a58e376e126eb1e6fab2036076922b96b2711ffbec1e590665d
[chrome 150.0.7871.187 mac #0-0]        ✓ should UNBALANCED_CONDITIONAL script_tests vector #1159:  0 0x20 0xc7eaf06d5ae01a58e376e126eb1e6fab2036076922b96b2711ffbec1e590665d
[chrome 150.0.7871.187 mac #0-0]        ✓ should CLEANSTACK script_tests vector #1160:  0 0x20 0xf913eacf2e38a5d6fc3a8311d72ae704cb83866350a984dd3e5eb76d2a8c28e8
[chrome 150.0.7871.187 mac #0-0]        ✓ should CLEANSTACK script_tests vector #1161:  0 0x20 0xf913eacf2e38a5d6fc3a8311d72ae704cb83866350a984dd3e5eb76d2a8c28e8
[chrome 150.0.7871.187 mac #0-0]        ✓ should CLEANSTACK script_tests vector #1162:  0 0x20 0xf913eacf2e38a5d6fc3a8311d72ae704cb83866350a984dd3e5eb76d2a8c28e8
[chrome 150.0.7871.187 mac #0-0]        ✓ should OK script_tests vector #1163:  0 0x20 0xf913eacf2e38a5d6fc3a8311d72ae704cb83866350a984dd3e5eb76d2a8c28e8
[chrome 150.0.7871.187 mac #0-0]        ✓ should OK script_tests vector #1164:  0 0x20 0xf913eacf2e38a5d6fc3a8311d72ae704cb83866350a984dd3e5eb76d2a8c28e8
[chrome 150.0.7871.187 mac #0-0]        ✓ should CLEANSTACK script_tests vector #1165:  0 0x20 0xf913eacf2e38a5d6fc3a8311d72ae704cb83866350a984dd3e5eb76d2a8c28e8
[chrome 150.0.7871.187 mac #0-0]        ✓ should MINIMALIF script_tests vector #1166:  0 0x20 0xf913eacf2e38a5d6fc3a8311d72ae704cb83866350a984dd3e5eb76d2a8c28e8
[chrome 150.0.7871.187 mac #0-0]        ✓ should MINIMALIF script_tests vector #1167:  0 0x20 0xf913eacf2e38a5d6fc3a8311d72ae704cb83866350a984dd3e5eb76d2a8c28e8
[chrome 150.0.7871.187 mac #0-0]        ✓ should OK script_tests vector #1168:  0 0x20 0xf913eacf2e38a5d6fc3a8311d72ae704cb83866350a984dd3e5eb76d2a8c28e8
[chrome 150.0.7871.187 mac #0-0]        ✓ should MINIMALIF script_tests vector #1169:  0 0x20 0xf913eacf2e38a5d6fc3a8311d72ae704cb83866350a984dd3e5eb76d2a8c28e8
[chrome 150.0.7871.187 mac #0-0]        ✓ should UNBALANCED_CONDITIONAL script_tests vector #1170:  0 0x20 0xf913eacf2e38a5d6fc3a8311d72ae704cb83866350a984dd3e5eb76d2a8c28e8
[chrome 150.0.7871.187 mac #0-0]        ✓ should UNBALANCED_CONDITIONAL script_tests vector #1171:  0 0x20 0xf913eacf2e38a5d6fc3a8311d72ae704cb83866350a984dd3e5eb76d2a8c28e8
[chrome 150.0.7871.187 mac #0-0]        ✓ should OK script_tests vector #1172: 0x22 0x0020c7eaf06d5ae01a58e376e126eb1e6fab2036076922b96b2711ffbec1e590665d HASH160 0x14 0x9b27ee6d9010c21bf837b334d043be5d150e7ba7 EQUAL
[chrome 150.0.7871.187 mac #0-0]        ✓ should OK script_tests vector #1173: 0x22 0x0020c7eaf06d5ae01a58e376e126eb1e6fab2036076922b96b2711ffbec1e590665d HASH160 0x14 0x9b27ee6d9010c21bf837b334d043be5d150e7ba7 EQUAL
[chrome 150.0.7871.187 mac #0-0]        ✓ should OK script_tests vector #1174: 0x22 0x0020c7eaf06d5ae01a58e376e126eb1e6fab2036076922b96b2711ffbec1e590665d HASH160 0x14 0x9b27ee6d9010c21bf837b334d043be5d150e7ba7 EQUAL
[chrome 150.0.7871.187 mac #0-0]        ✓ should CLEANSTACK script_tests vector #1175: 0x22 0x0020c7eaf06d5ae01a58e376e126eb1e6fab2036076922b96b2711ffbec1e590665d HASH160 0x14 0x9b27ee6d9010c21bf837b334d043be5d150e7ba7 EQUAL
[chrome 150.0.7871.187 mac #0-0]        ✓ should CLEANSTACK script_tests vector #1176: 0x22 0x0020c7eaf06d5ae01a58e376e126eb1e6fab2036076922b96b2711ffbec1e590665d HASH160 0x14 0x9b27ee6d9010c21bf837b334d043be5d150e7ba7 EQUAL
[chrome 150.0.7871.187 mac #0-0]        ✓ should OK script_tests vector #1177: 0x22 0x0020c7eaf06d5ae01a58e376e126eb1e6fab2036076922b96b2711ffbec1e590665d HASH160 0x14 0x9b27ee6d9010c21bf837b334d043be5d150e7ba7 EQUAL
[chrome 150.0.7871.187 mac #0-0]        ✓ should MINIMALIF script_tests vector #1178: 0x22 0x0020c7eaf06d5ae01a58e376e126eb1e6fab2036076922b96b2711ffbec1e590665d HASH160 0x14 0x9b27ee6d9010c21bf837b334d043be5d150e7ba7 EQUAL
[chrome 150.0.7871.187 mac #0-0]        ✓ should MINIMALIF script_tests vector #1179: 0x22 0x0020c7eaf06d5ae01a58e376e126eb1e6fab2036076922b96b2711ffbec1e590665d HASH160 0x14 0x9b27ee6d9010c21bf837b334d043be5d150e7ba7 EQUAL
[chrome 150.0.7871.187 mac #0-0]        ✓ should CLEANSTACK script_tests vector #1180: 0x22 0x0020c7eaf06d5ae01a58e376e126eb1e6fab2036076922b96b2711ffbec1e590665d HASH160 0x14 0x9b27ee6d9010c21bf837b334d043be5d150e7ba7 EQUAL
[chrome 150.0.7871.187 mac #0-0]        ✓ should MINIMALIF script_tests vector #1181: 0x22 0x0020c7eaf06d5ae01a58e376e126eb1e6fab2036076922b96b2711ffbec1e590665d HASH160 0x14 0x9b27ee6d9010c21bf837b334d043be5d150e7ba7 EQUAL
[chrome 150.0.7871.187 mac #0-0]        ✓ should UNBALANCED_CONDITIONAL script_tests vector #1182: 0x22 0x0020c7eaf06d5ae01a58e376e126eb1e6fab2036076922b96b2711ffbec1e590665d HASH160 0x14 0x9b27ee6d9010c21bf837b334d043be5d150e7ba7 EQUAL
[chrome 150.0.7871.187 mac #0-0]        ✓ should UNBALANCED_CONDITIONAL script_tests vector #1183: 0x22 0x0020c7eaf06d5ae01a58e376e126eb1e6fab2036076922b96b2711ffbec1e590665d HASH160 0x14 0x9b27ee6d9010c21bf837b334d043be5d150e7ba7 EQUAL
[chrome 150.0.7871.187 mac #0-0]        ✓ should CLEANSTACK script_tests vector #1184: 0x22 0x0020f913eacf2e38a5d6fc3a8311d72ae704cb83866350a984dd3e5eb76d2a8c28e8 HASH160 0x14 0xdbb7d1c0a56b7a9c423300c8cca6e6e065baf1dc EQUAL
[chrome 150.0.7871.187 mac #0-0]        ✓ should CLEANSTACK script_tests vector #1185: 0x22 0x0020f913eacf2e38a5d6fc3a8311d72ae704cb83866350a984dd3e5eb76d2a8c28e8 HASH160 0x14 0xdbb7d1c0a56b7a9c423300c8cca6e6e065baf1dc EQUAL
[chrome 150.0.7871.187 mac #0-0]        ✓ should CLEANSTACK script_tests vector #1186: 0x22 0x0020f913eacf2e38a5d6fc3a8311d72ae704cb83866350a984dd3e5eb76d2a8c28e8 HASH160 0x14 0xdbb7d1c0a56b7a9c423300c8cca6e6e065baf1dc EQUAL
[chrome 150.0.7871.187 mac #0-0]        ✓ should OK script_tests vector #1187: 0x22 0x0020f913eacf2e38a5d6fc3a8311d72ae704cb83866350a984dd3e5eb76d2a8c28e8 HASH160 0x14 0xdbb7d1c0a56b7a9c423300c8cca6e6e065baf1dc EQUAL
[chrome 150.0.7871.187 mac #0-0]        ✓ should OK script_tests vector #1188: 0x22 0x0020f913eacf2e38a5d6fc3a8311d72ae704cb83866350a984dd3e5eb76d2a8c28e8 HASH160 0x14 0xdbb7d1c0a56b7a9c423300c8cca6e6e065baf1dc EQUAL
[chrome 150.0.7871.187 mac #0-0]        ✓ should CLEANSTACK script_tests vector #1189: 0x22 0x0020f913eacf2e38a5d6fc3a8311d72ae704cb83866350a984dd3e5eb76d2a8c28e8 HASH160 0x14 0xdbb7d1c0a56b7a9c423300c8cca6e6e065baf1dc EQUAL
[chrome 150.0.7871.187 mac #0-0]        ✓ should MINIMALIF script_tests vector #1190: 0x22 0x0020f913eacf2e38a5d6fc3a8311d72ae704cb83866350a984dd3e5eb76d2a8c28e8 HASH160 0x14 0xdbb7d1c0a56b7a9c423300c8cca6e6e065baf1dc EQUAL
[chrome 150.0.7871.187 mac #0-0]        ✓ should MINIMALIF script_tests vector #1191: 0x22 0x0020f913eacf2e38a5d6fc3a8311d72ae704cb83866350a984dd3e5eb76d2a8c28e8 HASH160 0x14 0xdbb7d1c0a56b7a9c423300c8cca6e6e065baf1dc EQUAL
[chrome 150.0.7871.187 mac #0-0]        ✓ should OK script_tests vector #1192: 0x22 0x0020f913eacf2e38a5d6fc3a8311d72ae704cb83866350a984dd3e5eb76d2a8c28e8 HASH160 0x14 0xdbb7d1c0a56b7a9c423300c8cca6e6e065baf1dc EQUAL
[chrome 150.0.7871.187 mac #0-0]        ✓ should MINIMALIF script_tests vector #1193: 0x22 0x0020f913eacf2e38a5d6fc3a8311d72ae704cb83866350a984dd3e5eb76d2a8c28e8 HASH160 0x14 0xdbb7d1c0a56b7a9c423300c8cca6e6e065baf1dc EQUAL
[chrome 150.0.7871.187 mac #0-0]        ✓ should UNBALANCED_CONDITIONAL script_tests vector #1194: 0x22 0x0020f913eacf2e38a5d6fc3a8311d72ae704cb83866350a984dd3e5eb76d2a8c28e8 HASH160 0x14 0xdbb7d1c0a56b7a9c423300c8cca6e6e065baf1dc EQUAL
[chrome 150.0.7871.187 mac #0-0]        ✓ should UNBALANCED_CONDITIONAL script_tests vector #1195: 0x22 0x0020f913eacf2e38a5d6fc3a8311d72ae704cb83866350a984dd3e5eb76d2a8c28e8 HASH160 0x14 0xdbb7d1c0a56b7a9c423300c8cca6e6e065baf1dc EQUAL
[chrome 150.0.7871.187 mac #0-0]
[chrome 150.0.7871.187 mac #0-0]     bitcoind transaction evaluation fixtures
[chrome 150.0.7871.187 mac #0-0]        ✓ should pass tx_valid vector 1
[chrome 150.0.7871.187 mac #0-0]        ✓ should pass tx_valid vector 2
[chrome 150.0.7871.187 mac #0-0]        ✓ should pass tx_valid vector 3
[chrome 150.0.7871.187 mac #0-0]        ✓ should pass tx_valid vector 4
[chrome 150.0.7871.187 mac #0-0]        ✓ should pass tx_valid vector 5
[chrome 150.0.7871.187 mac #0-0]        ✓ should pass tx_valid vector 6
[chrome 150.0.7871.187 mac #0-0]        ✓ should pass tx_valid vector 7
[chrome 150.0.7871.187 mac #0-0]        ✓ should pass tx_valid vector 8
[chrome 150.0.7871.187 mac #0-0]        ✓ should pass tx_valid vector 9
[chrome 150.0.7871.187 mac #0-0]        ✓ should pass tx_valid vector 10
[chrome 150.0.7871.187 mac #0-0]        ✓ should pass tx_valid vector 11
[chrome 150.0.7871.187 mac #0-0]        ✓ should pass tx_valid vector 12
[chrome 150.0.7871.187 mac #0-0]        ✓ should pass tx_valid vector 13
[chrome 150.0.7871.187 mac #0-0]        ✓ should pass tx_valid vector 14
[chrome 150.0.7871.187 mac #0-0]        ✓ should pass tx_valid vector 15
[chrome 150.0.7871.187 mac #0-0]        ✓ should pass tx_valid vector 16
[chrome 150.0.7871.187 mac #0-0]        ✓ should pass tx_valid vector 17
[chrome 150.0.7871.187 mac #0-0]        ✓ should pass tx_valid vector 18
[chrome 150.0.7871.187 mac #0-0]        ✓ should pass tx_valid vector 19
[chrome 150.0.7871.187 mac #0-0]        ✓ should pass tx_valid vector 20
[chrome 150.0.7871.187 mac #0-0]        ✓ should pass tx_valid vector 21
[chrome 150.0.7871.187 mac #0-0]        ✓ should pass tx_valid vector 22
[chrome 150.0.7871.187 mac #0-0]        ✓ should pass tx_valid vector 23
[chrome 150.0.7871.187 mac #0-0]        ✓ should pass tx_valid vector 24
[chrome 150.0.7871.187 mac #0-0]        ✓ should pass tx_valid vector 25
[chrome 150.0.7871.187 mac #0-0]        ✓ should pass tx_valid vector 26
[chrome 150.0.7871.187 mac #0-0]        ✓ should pass tx_valid vector 27
[chrome 150.0.7871.187 mac #0-0]        ✓ should pass tx_valid vector 28
[chrome 150.0.7871.187 mac #0-0]        ✓ should pass tx_valid vector 29
[chrome 150.0.7871.187 mac #0-0]        ✓ should pass tx_valid vector 30
[chrome 150.0.7871.187 mac #0-0]        ✓ should pass tx_valid vector 31
[chrome 150.0.7871.187 mac #0-0]        ✓ should pass tx_valid vector 32
[chrome 150.0.7871.187 mac #0-0]        ✓ should pass tx_valid vector 33
[chrome 150.0.7871.187 mac #0-0]        ✓ should pass tx_valid vector 34
[chrome 150.0.7871.187 mac #0-0]        ✓ should pass tx_valid vector 35
[chrome 150.0.7871.187 mac #0-0]        ✓ should pass tx_valid vector 36
[chrome 150.0.7871.187 mac #0-0]        ✓ should pass tx_valid vector 37
[chrome 150.0.7871.187 mac #0-0]        ✓ should pass tx_valid vector 38
[chrome 150.0.7871.187 mac #0-0]        ✓ should pass tx_valid vector 39
[chrome 150.0.7871.187 mac #0-0]        ✓ should pass tx_valid vector 40
[chrome 150.0.7871.187 mac #0-0]        ✓ should pass tx_valid vector 41
[chrome 150.0.7871.187 mac #0-0]        ✓ should pass tx_valid vector 42
[chrome 150.0.7871.187 mac #0-0]        ✓ should pass tx_valid vector 43
[chrome 150.0.7871.187 mac #0-0]        ✓ should pass tx_valid vector 44
[chrome 150.0.7871.187 mac #0-0]        ✓ should pass tx_valid vector 45
[chrome 150.0.7871.187 mac #0-0]        ✓ should pass tx_valid vector 46
[chrome 150.0.7871.187 mac #0-0]        ✓ should pass tx_valid vector 47
[chrome 150.0.7871.187 mac #0-0]        ✓ should pass tx_valid vector 48
[chrome 150.0.7871.187 mac #0-0]        ✓ should pass tx_valid vector 49
[chrome 150.0.7871.187 mac #0-0]        ✓ should pass tx_valid vector 50
[chrome 150.0.7871.187 mac #0-0]        ✓ should pass tx_valid vector 51
[chrome 150.0.7871.187 mac #0-0]        ✓ should pass tx_valid vector 52
[chrome 150.0.7871.187 mac #0-0]        ✓ should pass tx_valid vector 53
[chrome 150.0.7871.187 mac #0-0]        ✓ should pass tx_valid vector 54
[chrome 150.0.7871.187 mac #0-0]        ✓ should pass tx_valid vector 55
[chrome 150.0.7871.187 mac #0-0]        ✓ should pass tx_valid vector 56
[chrome 150.0.7871.187 mac #0-0]        ✓ should pass tx_valid vector 57
[chrome 150.0.7871.187 mac #0-0]        ✓ should pass tx_valid vector 58
[chrome 150.0.7871.187 mac #0-0]        ✓ should pass tx_valid vector 59
[chrome 150.0.7871.187 mac #0-0]        ✓ should pass tx_valid vector 60
[chrome 150.0.7871.187 mac #0-0]        ✓ should pass tx_valid vector 61
[chrome 150.0.7871.187 mac #0-0]        ✓ should pass tx_valid vector 62
[chrome 150.0.7871.187 mac #0-0]        ✓ should pass tx_valid vector 63
[chrome 150.0.7871.187 mac #0-0]        ✓ should pass tx_valid vector 64
[chrome 150.0.7871.187 mac #0-0]        ✓ should pass tx_valid vector 65
[chrome 150.0.7871.187 mac #0-0]        ✓ should pass tx_valid vector 66
[chrome 150.0.7871.187 mac #0-0]        ✓ should pass tx_valid vector 67
[chrome 150.0.7871.187 mac #0-0]        ✓ should pass tx_valid vector 68
[chrome 150.0.7871.187 mac #0-0]        ✓ should pass tx_valid vector 69
[chrome 150.0.7871.187 mac #0-0]        ✓ should pass tx_valid vector 70
[chrome 150.0.7871.187 mac #0-0]        ✓ should pass tx_valid vector 71
[chrome 150.0.7871.187 mac #0-0]        ✓ should pass tx_valid vector 72
[chrome 150.0.7871.187 mac #0-0]        ✓ should pass tx_valid vector 73
[chrome 150.0.7871.187 mac #0-0]        ✓ should pass tx_valid vector 74
[chrome 150.0.7871.187 mac #0-0]        ✓ should pass tx_valid vector 75
[chrome 150.0.7871.187 mac #0-0]        ✓ should pass tx_valid vector 76
[chrome 150.0.7871.187 mac #0-0]        ✓ should pass tx_valid vector 77
[chrome 150.0.7871.187 mac #0-0]        ✓ should pass tx_valid vector 78
[chrome 150.0.7871.187 mac #0-0]        ✓ should pass tx_valid vector 79
[chrome 150.0.7871.187 mac #0-0]        ✓ should pass tx_valid vector 80
[chrome 150.0.7871.187 mac #0-0]        ✓ should pass tx_valid vector 81
[chrome 150.0.7871.187 mac #0-0]        ✓ should pass tx_valid vector 82
[chrome 150.0.7871.187 mac #0-0]        ✓ should pass tx_valid vector 83
[chrome 150.0.7871.187 mac #0-0]        ✓ should pass tx_valid vector 84
[chrome 150.0.7871.187 mac #0-0]        ✓ should pass tx_valid vector 85
[chrome 150.0.7871.187 mac #0-0]        ✓ should pass tx_valid vector 86
[chrome 150.0.7871.187 mac #0-0]        ✓ should pass tx_valid vector 87
[chrome 150.0.7871.187 mac #0-0]        ✓ should pass tx_valid vector 88
[chrome 150.0.7871.187 mac #0-0]        ✓ should pass tx_valid vector 89
[chrome 150.0.7871.187 mac #0-0]        ✓ should pass tx_valid vector 90
[chrome 150.0.7871.187 mac #0-0]        ✓ should pass tx_valid vector 91
[chrome 150.0.7871.187 mac #0-0]        ✓ should pass tx_valid vector 92
[chrome 150.0.7871.187 mac #0-0]        ✓ should pass tx_valid vector 93
[chrome 150.0.7871.187 mac #0-0]        ✓ should pass tx_valid vector 94
[chrome 150.0.7871.187 mac #0-0]        ✓ should pass tx_valid vector 95
[chrome 150.0.7871.187 mac #0-0]        ✓ should pass tx_valid vector 96
[chrome 150.0.7871.187 mac #0-0]        ✓ should pass tx_valid vector 97
[chrome 150.0.7871.187 mac #0-0]        ✓ should pass tx_valid vector 98
[chrome 150.0.7871.187 mac #0-0]        ✓ should pass tx_valid vector 99
[chrome 150.0.7871.187 mac #0-0]        ✓ should pass tx_valid vector 100
[chrome 150.0.7871.187 mac #0-0]        ✓ should pass tx_valid vector 101
[chrome 150.0.7871.187 mac #0-0]        ✓ should pass tx_valid vector 102
[chrome 150.0.7871.187 mac #0-0]        ✓ should pass tx_valid vector 103
[chrome 150.0.7871.187 mac #0-0]        ✓ should pass tx_valid vector 104
[chrome 150.0.7871.187 mac #0-0]        ✓ should pass tx_valid vector 105
[chrome 150.0.7871.187 mac #0-0]        ✓ should pass tx_valid vector 106
[chrome 150.0.7871.187 mac #0-0]        ✓ should pass tx_valid vector 107
[chrome 150.0.7871.187 mac #0-0]        ✓ should pass tx_valid vector 108
[chrome 150.0.7871.187 mac #0-0]        ✓ should pass tx_valid vector 109
[chrome 150.0.7871.187 mac #0-0]        ✓ should pass tx_valid vector 110
[chrome 150.0.7871.187 mac #0-0]        ✓ should pass tx_valid vector 111
[chrome 150.0.7871.187 mac #0-0]        ✓ should pass tx_valid vector 112
[chrome 150.0.7871.187 mac #0-0]        ✓ should pass tx_valid vector 113
[chrome 150.0.7871.187 mac #0-0]        ✓ should pass tx_valid vector 114
[chrome 150.0.7871.187 mac #0-0]        ✓ should pass tx_valid vector 115
[chrome 150.0.7871.187 mac #0-0]        ✓ should pass tx_valid vector 116
[chrome 150.0.7871.187 mac #0-0]        ✓ should pass tx_valid vector 117
[chrome 150.0.7871.187 mac #0-0]        ✓ should pass tx_valid vector 118
[chrome 150.0.7871.187 mac #0-0]        ✓ should pass tx_valid vector 119
[chrome 150.0.7871.187 mac #0-0]        ✓ should pass tx_valid vector 120
[chrome 150.0.7871.187 mac #0-0]        ✓ should pass tx_invalid vector 1
[chrome 150.0.7871.187 mac #0-0]        ✓ should pass tx_invalid vector 2
[chrome 150.0.7871.187 mac #0-0]        ✓ should pass tx_invalid vector 3
[chrome 150.0.7871.187 mac #0-0]        ✓ should pass tx_invalid vector 4
[chrome 150.0.7871.187 mac #0-0]        ✓ should pass tx_invalid vector 5
[chrome 150.0.7871.187 mac #0-0]        ✓ should pass tx_invalid vector 6
[chrome 150.0.7871.187 mac #0-0]        ✓ should pass tx_invalid vector 7
[chrome 150.0.7871.187 mac #0-0]        ✓ should pass tx_invalid vector 8
[chrome 150.0.7871.187 mac #0-0]        ✓ should pass tx_invalid vector 9
[chrome 150.0.7871.187 mac #0-0]        ✓ should pass tx_invalid vector 10
[chrome 150.0.7871.187 mac #0-0]        ✓ should pass tx_invalid vector 11
[chrome 150.0.7871.187 mac #0-0]        ✓ should pass tx_invalid vector 12
[chrome 150.0.7871.187 mac #0-0]        ✓ should pass tx_invalid vector 13
[chrome 150.0.7871.187 mac #0-0]        ✓ should pass tx_invalid vector 14
[chrome 150.0.7871.187 mac #0-0]        ✓ should pass tx_invalid vector 15
[chrome 150.0.7871.187 mac #0-0]        ✓ should pass tx_invalid vector 16
[chrome 150.0.7871.187 mac #0-0]        ✓ should pass tx_invalid vector 17
[chrome 150.0.7871.187 mac #0-0]        ✓ should pass tx_invalid vector 18
[chrome 150.0.7871.187 mac #0-0]        ✓ should pass tx_invalid vector 19
[chrome 150.0.7871.187 mac #0-0]        ✓ should pass tx_invalid vector 20
[chrome 150.0.7871.187 mac #0-0]        ✓ should pass tx_invalid vector 21
[chrome 150.0.7871.187 mac #0-0]        ✓ should pass tx_invalid vector 22
[chrome 150.0.7871.187 mac #0-0]        ✓ should pass tx_invalid vector 23
[chrome 150.0.7871.187 mac #0-0]        ✓ should pass tx_invalid vector 24
[chrome 150.0.7871.187 mac #0-0]        ✓ should pass tx_invalid vector 25
[chrome 150.0.7871.187 mac #0-0]        ✓ should pass tx_invalid vector 26
[chrome 150.0.7871.187 mac #0-0]        ✓ should pass tx_invalid vector 27
[chrome 150.0.7871.187 mac #0-0]        ✓ should pass tx_invalid vector 28
[chrome 150.0.7871.187 mac #0-0]        ✓ should pass tx_invalid vector 29
[chrome 150.0.7871.187 mac #0-0]        ✓ should pass tx_invalid vector 30
[chrome 150.0.7871.187 mac #0-0]        ✓ should pass tx_invalid vector 31
[chrome 150.0.7871.187 mac #0-0]        ✓ should pass tx_invalid vector 32
[chrome 150.0.7871.187 mac #0-0]        ✓ should pass tx_invalid vector 33
[chrome 150.0.7871.187 mac #0-0]        ✓ should pass tx_invalid vector 34
[chrome 150.0.7871.187 mac #0-0]        ✓ should pass tx_invalid vector 35
[chrome 150.0.7871.187 mac #0-0]        ✓ should pass tx_invalid vector 36
[chrome 150.0.7871.187 mac #0-0]        ✓ should pass tx_invalid vector 37
[chrome 150.0.7871.187 mac #0-0]        ✓ should pass tx_invalid vector 38
[chrome 150.0.7871.187 mac #0-0]        ✓ should pass tx_invalid vector 39
[chrome 150.0.7871.187 mac #0-0]        ✓ should pass tx_invalid vector 40
[chrome 150.0.7871.187 mac #0-0]        ✓ should pass tx_invalid vector 41
[chrome 150.0.7871.187 mac #0-0]        ✓ should pass tx_invalid vector 42
[chrome 150.0.7871.187 mac #0-0]        ✓ should pass tx_invalid vector 43
[chrome 150.0.7871.187 mac #0-0]        ✓ should pass tx_invalid vector 44
[chrome 150.0.7871.187 mac #0-0]        ✓ should pass tx_invalid vector 45
[chrome 150.0.7871.187 mac #0-0]        ✓ should pass tx_invalid vector 46
[chrome 150.0.7871.187 mac #0-0]        ✓ should pass tx_invalid vector 47
[chrome 150.0.7871.187 mac #0-0]        ✓ should pass tx_invalid vector 48
[chrome 150.0.7871.187 mac #0-0]        ✓ should pass tx_invalid vector 49
[chrome 150.0.7871.187 mac #0-0]        ✓ should pass tx_invalid vector 50
[chrome 150.0.7871.187 mac #0-0]        ✓ should pass tx_invalid vector 51
[chrome 150.0.7871.187 mac #0-0]        ✓ should pass tx_invalid vector 52
[chrome 150.0.7871.187 mac #0-0]        ✓ should pass tx_invalid vector 53
[chrome 150.0.7871.187 mac #0-0]        ✓ should pass tx_invalid vector 54
[chrome 150.0.7871.187 mac #0-0]        ✓ should pass tx_invalid vector 55
[chrome 150.0.7871.187 mac #0-0]        ✓ should pass tx_invalid vector 56
[chrome 150.0.7871.187 mac #0-0]        ✓ should pass tx_invalid vector 57
[chrome 150.0.7871.187 mac #0-0]        ✓ should pass tx_invalid vector 58
[chrome 150.0.7871.187 mac #0-0]        ✓ should pass tx_invalid vector 59
[chrome 150.0.7871.187 mac #0-0]        ✓ should pass tx_invalid vector 60
[chrome 150.0.7871.187 mac #0-0]        ✓ should pass tx_invalid vector 61
[chrome 150.0.7871.187 mac #0-0]        ✓ should pass tx_invalid vector 62
[chrome 150.0.7871.187 mac #0-0]        ✓ should pass tx_invalid vector 63
[chrome 150.0.7871.187 mac #0-0]        ✓ should pass tx_invalid vector 64
[chrome 150.0.7871.187 mac #0-0]        ✓ should pass tx_invalid vector 65
[chrome 150.0.7871.187 mac #0-0]        ✓ should pass tx_invalid vector 66
[chrome 150.0.7871.187 mac #0-0]        ✓ should pass tx_invalid vector 67
[chrome 150.0.7871.187 mac #0-0]        ✓ should pass tx_invalid vector 68
[chrome 150.0.7871.187 mac #0-0]        ✓ should pass tx_invalid vector 69
[chrome 150.0.7871.187 mac #0-0]        ✓ should pass tx_invalid vector 70
[chrome 150.0.7871.187 mac #0-0]        ✓ should pass tx_invalid vector 71
[chrome 150.0.7871.187 mac #0-0]        ✓ should pass tx_invalid vector 72
[chrome 150.0.7871.187 mac #0-0]        ✓ should pass tx_invalid vector 73
[chrome 150.0.7871.187 mac #0-0]        ✓ should pass tx_invalid vector 74
[chrome 150.0.7871.187 mac #0-0]        ✓ should pass tx_invalid vector 75
[chrome 150.0.7871.187 mac #0-0]        ✓ should pass tx_invalid vector 76
[chrome 150.0.7871.187 mac #0-0]        ✓ should pass tx_invalid vector 77
[chrome 150.0.7871.187 mac #0-0]        ✓ should pass tx_invalid vector 78
[chrome 150.0.7871.187 mac #0-0]        ✓ should pass tx_invalid vector 79
[chrome 150.0.7871.187 mac #0-0]        ✓ should pass tx_invalid vector 80
[chrome 150.0.7871.187 mac #0-0]        ✓ should pass tx_invalid vector 81
[chrome 150.0.7871.187 mac #0-0]        ✓ should pass tx_invalid vector 82
[chrome 150.0.7871.187 mac #0-0]        ✓ should pass tx_invalid vector 83
[chrome 150.0.7871.187 mac #0-0]        ✓ should pass tx_invalid vector 84
[chrome 150.0.7871.187 mac #0-0]        ✓ should pass tx_invalid vector 85
[chrome 150.0.7871.187 mac #0-0]        ✓ should pass tx_invalid vector 86
[chrome 150.0.7871.187 mac #0-0]        ✓ should pass tx_invalid vector 87
[chrome 150.0.7871.187 mac #0-0]        ✓ should pass tx_invalid vector 88
[chrome 150.0.7871.187 mac #0-0]        ✓ should pass tx_invalid vector 89
[chrome 150.0.7871.187 mac #0-0]        ✓ should pass tx_invalid vector 90
[chrome 150.0.7871.187 mac #0-0]        ✓ should pass tx_invalid vector 91
[chrome 150.0.7871.187 mac #0-0]        ✓ should pass tx_invalid vector 92
[chrome 150.0.7871.187 mac #0-0]
[chrome 150.0.7871.187 mac #0-0] PublicKey
[chrome 150.0.7871.187 mac #0-0]     validating errors on creation
[chrome 150.0.7871.187 mac #0-0]        ✓ errors if data is missing
[chrome 150.0.7871.187 mac #0-0]        ✓ errors if an invalid point is provided
[chrome 150.0.7871.187 mac #0-0]        ✓ errors if a point not on the secp256k1 curve is provided
[chrome 150.0.7871.187 mac #0-0]        ✓ errors if the argument is of an unrecognized type
[chrome 150.0.7871.187 mac #0-0]
[chrome 150.0.7871.187 mac #0-0]     instantiation
[chrome 150.0.7871.187 mac #0-0]        ✓ from a private key
[chrome 150.0.7871.187 mac #0-0]        ✓ problematic secp256k1 public keys
[chrome 150.0.7871.187 mac #0-0]        ✓ from a compressed public key
[chrome 150.0.7871.187 mac #0-0]        ✓ from another publicKey
[chrome 150.0.7871.187 mac #0-0]        ✓ sets the network to defaultNetwork if none provided
[chrome 150.0.7871.187 mac #0-0]        ✓ from a hex encoded DER string
[chrome 150.0.7871.187 mac #0-0]        ✓ from a hex encoded DER buffer
[chrome 150.0.7871.187 mac #0-0]        ✓ from a point
[chrome 150.0.7871.187 mac #0-0]
[chrome 150.0.7871.187 mac #0-0]     #getValidationError
[chrome 150.0.7871.187 mac #0-0]        ✓ should recieve an invalid point error
[chrome 150.0.7871.187 mac #0-0]        ✓ should recieve a boolean as false
[chrome 150.0.7871.187 mac #0-0]        ✓ should recieve a boolean as true for uncompressed
[chrome 150.0.7871.187 mac #0-0]        ✓ should recieve a boolean as true for compressed
[chrome 150.0.7871.187 mac #0-0]
[chrome 150.0.7871.187 mac #0-0]     #fromPoint
[chrome 150.0.7871.187 mac #0-0]        ✓ should instantiate from a point
[chrome 150.0.7871.187 mac #0-0]        ✓ should error because paramater is not a point
[chrome 150.0.7871.187 mac #0-0]
[chrome 150.0.7871.187 mac #0-0]     #json/object
[chrome 150.0.7871.187 mac #0-0]        ✓ should input/ouput json
[chrome 150.0.7871.187 mac #0-0]        ✓ fails if "y" is not provided
[chrome 150.0.7871.187 mac #0-0]        ✓ fails if invalid JSON is provided
[chrome 150.0.7871.187 mac #0-0]        ✓ works for X starting with 0x00
[chrome 150.0.7871.187 mac #0-0]
[chrome 150.0.7871.187 mac #0-0]     #fromPrivateKey
[chrome 150.0.7871.187 mac #0-0]        ✓ should make a public key from a privkey
[chrome 150.0.7871.187 mac #0-0]        ✓ should error because not an instance of privkey
[chrome 150.0.7871.187 mac #0-0]
[chrome 150.0.7871.187 mac #0-0]     #fromBuffer
[chrome 150.0.7871.187 mac #0-0]        ✓ should parse this uncompressed public key
[chrome 150.0.7871.187 mac #0-0]        ✓ should parse this compressed public key
[chrome 150.0.7871.187 mac #0-0]        ✓ should throw an error on this invalid public key
[chrome 150.0.7871.187 mac #0-0]        ✓ should throw error because not a buffer
[chrome 150.0.7871.187 mac #0-0]        ✓ should throw error because buffer is the incorrect length
[chrome 150.0.7871.187 mac #0-0]
[chrome 150.0.7871.187 mac #0-0]     #fromDER
[chrome 150.0.7871.187 mac #0-0]        ✓ should parse this uncompressed public key
[chrome 150.0.7871.187 mac #0-0]        ✓ should parse this compressed public key
[chrome 150.0.7871.187 mac #0-0]        ✓ should throw an error on this invalid public key
[chrome 150.0.7871.187 mac #0-0]
[chrome 150.0.7871.187 mac #0-0]     #fromString
[chrome 150.0.7871.187 mac #0-0]        ✓ should parse this known valid public key
[chrome 150.0.7871.187 mac #0-0]
[chrome 150.0.7871.187 mac #0-0]     #fromX
[chrome 150.0.7871.187 mac #0-0]        ✓ should create this known public key
[chrome 150.0.7871.187 mac #0-0]        ✓ should error because odd was not included as a param
[chrome 150.0.7871.187 mac #0-0]
[chrome 150.0.7871.187 mac #0-0]     #toBuffer
[chrome 150.0.7871.187 mac #0-0]        ✓ should return this compressed DER format
[chrome 150.0.7871.187 mac #0-0]        ✓ should return this uncompressed DER format
[chrome 150.0.7871.187 mac #0-0]
[chrome 150.0.7871.187 mac #0-0]     #toDER
[chrome 150.0.7871.187 mac #0-0]        ✓ should return this compressed DER format
[chrome 150.0.7871.187 mac #0-0]        ✓ should return this uncompressed DER format
[chrome 150.0.7871.187 mac #0-0]
[chrome 150.0.7871.187 mac #0-0]     #toAddress
[chrome 150.0.7871.187 mac #0-0]        ✓ should output this known mainnet address correctly
[chrome 150.0.7871.187 mac #0-0]        ✓ should output this known testnet address correctly
[chrome 150.0.7871.187 mac #0-0]
[chrome 150.0.7871.187 mac #0-0]     #toString
[chrome 150.0.7871.187 mac #0-0]        ✓ should print this known public key
[chrome 150.0.7871.187 mac #0-0]
[chrome 150.0.7871.187 mac #0-0]     #inspect
[chrome 150.0.7871.187 mac #0-0]        ✓ should output known uncompressed pubkey for console
[chrome 150.0.7871.187 mac #0-0]        ✓ should output known compressed pubkey for console
[chrome 150.0.7871.187 mac #0-0]        ✓ should output known compressed pubkey with network for console
[chrome 150.0.7871.187 mac #0-0]
[chrome 150.0.7871.187 mac #0-0]     #validate
[chrome 150.0.7871.187 mac #0-0]        ✓ should not have an error if pubkey is valid
[chrome 150.0.7871.187 mac #0-0]        ✓ should throw an error if pubkey is invalid
[chrome 150.0.7871.187 mac #0-0]        ✓ should throw an error if pubkey is invalid
[chrome 150.0.7871.187 mac #0-0]        ✓ should throw an error if pubkey is infinity
[chrome 150.0.7871.187 mac #0-0]
[chrome 150.0.7871.187 mac #0-0] HDPublicKey interface
[chrome 150.0.7871.187 mac #0-0]    ✓ toString() returns the same value as .xpubkey
[chrome 150.0.7871.187 mac #0-0]    ✓ publicKey property matches network
[chrome 150.0.7871.187 mac #0-0]    ✓ inspect() displays correctly
[chrome 150.0.7871.187 mac #0-0]
[chrome 150.0.7871.187 mac #0-0]     creation formats
[chrome 150.0.7871.187 mac #0-0]        ✓ returns same argument if already an instance of HDPublicKey
[chrome 150.0.7871.187 mac #0-0]        ✓ returns the correct xpubkey for a xprivkey
[chrome 150.0.7871.187 mac #0-0]        ✓ allows to call the argument with no "new" keyword
[chrome 150.0.7871.187 mac #0-0]        ✓ fails when user doesn't supply an argument
[chrome 150.0.7871.187 mac #0-0]        ✓ should not be able to change read-only properties
[chrome 150.0.7871.187 mac #0-0]        ✓ doesn't recognize an invalid argument
[chrome 150.0.7871.187 mac #0-0]        ✓ can be generated from a json
[chrome 150.0.7871.187 mac #0-0]        ✓ can generate a json that has a particular structure
[chrome 150.0.7871.187 mac #0-0]        ✓ builds from a buffer object
[chrome 150.0.7871.187 mac #0-0]        ✓ checks the checksum
[chrome 150.0.7871.187 mac #0-0]
[chrome 150.0.7871.187 mac #0-0]         xpubkey string serialization errors
[chrome 150.0.7871.187 mac #0-0]            ✓ fails on invalid length
[chrome 150.0.7871.187 mac #0-0]            ✓ fails on invalid base58 encoding
[chrome 150.0.7871.187 mac #0-0]            ✓ user can ask if a string is valid
[chrome 150.0.7871.187 mac #0-0]
[chrome 150.0.7871.187 mac #0-0]     error checking on serialization
[chrome 150.0.7871.187 mac #0-0]        ✓ throws invalid argument when argument is not a string or buffer
[chrome 150.0.7871.187 mac #0-0]        ✓ if a network is provided, validates that data corresponds to it
[chrome 150.0.7871.187 mac #0-0]        ✓ recognizes invalid network arguments
[chrome 150.0.7871.187 mac #0-0]        ✓ recognizes a valid network
[chrome 150.0.7871.187 mac #0-0]
[chrome 150.0.7871.187 mac #0-0]     conversion to/from buffer
[chrome 150.0.7871.187 mac #0-0]        ✓ should roundtrip to an equivalent object
[chrome 150.0.7871.187 mac #0-0]
[chrome 150.0.7871.187 mac #0-0]     conversion to different formats
[chrome 150.0.7871.187 mac #0-0]        ✓ roundtrips to JSON and to Object
[chrome 150.0.7871.187 mac #0-0]        ✓ recovers state from Object
[chrome 150.0.7871.187 mac #0-0]
[chrome 150.0.7871.187 mac #0-0]     derivation
[chrome 150.0.7871.187 mac #0-0]        ✓ derivation is the same whether deriving with number or string
[chrome 150.0.7871.187 mac #0-0]        ✓ allows special parameters m, M
[chrome 150.0.7871.187 mac #0-0]        ✓ doesn't allow object arguments for derivation
[chrome 150.0.7871.187 mac #0-0]        ✓ needs first argument for derivation
[chrome 150.0.7871.187 mac #0-0]        ✓ doesn't allow other parameters like m' or M' or "s"
[chrome 150.0.7871.187 mac #0-0]        ✓ can't derive hardened keys
[chrome 150.0.7871.187 mac #0-0]        ✓ can't derive hardened keys via second argument
[chrome 150.0.7871.187 mac #0-0]        ✓ validates correct paths
[chrome 150.0.7871.187 mac #0-0]        ✓ rejects illegal paths
[chrome 150.0.7871.187 mac #0-0]
[chrome 150.0.7871.187 mac #0-0] Networks
[chrome 150.0.7871.187 mac #0-0]    ✓ should contain all Networks
[chrome 150.0.7871.187 mac #0-0]    ✓ should not replace testnet network with regtest
[chrome 150.0.7871.187 mac #0-0]    ✓ will get network based on string "regtest" value
[chrome 150.0.7871.187 mac #0-0]    ✓ should be able to define a custom Network
[chrome 150.0.7871.187 mac #0-0]    ✓ can remove a custom network
[chrome 150.0.7871.187 mac #0-0]    ✓ should not set a network map for an undefined value
[chrome 150.0.7871.187 mac #0-0]    ✓ can remove a custom network by name
[chrome 150.0.7871.187 mac #0-0]    ✓ should have constant name for livenet and testnet
[chrome 150.0.7871.187 mac #0-0]    ✓ should have constant alias for livenet and testnet
[chrome 150.0.7871.187 mac #0-0]    ✓ should have constant pubkeyhash for livenet and testnet
[chrome 150.0.7871.187 mac #0-0]    ✓ should have constant scripthash for livenet and testnet
[chrome 150.0.7871.187 mac #0-0]    ✓ should have constant xpubkey for livenet and testnet
[chrome 150.0.7871.187 mac #0-0]    ✓ should have constant xprivkey for livenet and testnet
[chrome 150.0.7871.187 mac #0-0]    ✓ tests only for the specified key
[chrome 150.0.7871.187 mac #0-0]    ✓ can test for multiple keys
[chrome 150.0.7871.187 mac #0-0]    ✓ converts to string using the "name" property
[chrome 150.0.7871.187 mac #0-0]    ✓ network object should be immutable
[chrome 150.0.7871.187 mac #0-0]    ✓ should have not have network magic or port for testnet
[chrome 150.0.7871.187 mac #0-0]    ✓ should have network magic and port for testnet variant "testnet4"
[chrome 150.0.7871.187 mac #0-0]
[chrome 150.0.7871.187 mac #0-0] HDPrivate key interface
[chrome 150.0.7871.187 mac #0-0]    ✓ should make a new private key from random
[chrome 150.0.7871.187 mac #0-0]    ✓ should make a new private key from random for testnet
[chrome 150.0.7871.187 mac #0-0]    ✓ should not be able to change read-only properties
[chrome 150.0.7871.187 mac #0-0]    ✓ should error with an invalid checksum
[chrome 150.0.7871.187 mac #0-0]    ✓ can be rebuilt from a json generated by itself
[chrome 150.0.7871.187 mac #0-0]    ✓ builds a json keeping the structure and same members
[chrome 150.0.7871.187 mac #0-0]    ✓ inspect() displays correctly
[chrome 150.0.7871.187 mac #0-0]    ✓ fails when trying to derive with an invalid argument
[chrome 150.0.7871.187 mac #0-0]    ✓ catches early invalid paths
[chrome 150.0.7871.187 mac #0-0]    ✓ allows derivation of hardened keys by passing a very big number
[chrome 150.0.7871.187 mac #0-0]    ✓ returns itself with 'm' parameter
[chrome 150.0.7871.187 mac #0-0]    ✓ returns InvalidArgument if invalid data is given to getSerializedError
[chrome 150.0.7871.187 mac #0-0]    ✓ returns InvalidLength if data of invalid length is given to getSerializedError
[chrome 150.0.7871.187 mac #0-0]    ✓ returns InvalidNetworkArgument if an invalid network is provided
[chrome 150.0.7871.187 mac #0-0]    ✓ recognizes that the wrong network was asked for
[chrome 150.0.7871.187 mac #0-0]    ✓ recognizes the correct network
[chrome 150.0.7871.187 mac #0-0]    ✓ correctly errors if an invalid checksum is provided
[chrome 150.0.7871.187 mac #0-0]    ✓ correctly validates the checksum
[chrome 150.0.7871.187 mac #0-0]    ✓ shouldn't matter if derivations are made with strings or numbers
[chrome 150.0.7871.187 mac #0-0]    ✓ should make a new private key from random for testnet
[chrome 150.0.7871.187 mac #0-0]    ✓ should make a new private key from random for testnet when passing specific network "testnet4"
[chrome 150.0.7871.187 mac #0-0]
[chrome 150.0.7871.187 mac #0-0]     instantiation
[chrome 150.0.7871.187 mac #0-0]        ✓ invalid argument: can not instantiate from a number
[chrome 150.0.7871.187 mac #0-0]        ✓ allows no-new calling
[chrome 150.0.7871.187 mac #0-0]        ✓ allows the use of a copy constructor
[chrome 150.0.7871.187 mac #0-0]
[chrome 150.0.7871.187 mac #0-0]     public key
[chrome 150.0.7871.187 mac #0-0]        ✓ matches the network
[chrome 150.0.7871.187 mac #0-0]        ✓ cache for xpubkey works
[chrome 150.0.7871.187 mac #0-0]
[chrome 150.0.7871.187 mac #0-0]     on creation from seed
[chrome 150.0.7871.187 mac #0-0]        ✓ converts correctly from an hexa string
[chrome 150.0.7871.187 mac #0-0]        ✓ fails when argument is not a buffer or string
[chrome 150.0.7871.187 mac #0-0]        ✓ fails when argument doesn't provide enough entropy
[chrome 150.0.7871.187 mac #0-0]        ✓ fails when argument provides too much entropy
[chrome 150.0.7871.187 mac #0-0]
[chrome 150.0.7871.187 mac #0-0]     validates paths
[chrome 150.0.7871.187 mac #0-0]        ✓ validates correct paths
[chrome 150.0.7871.187 mac #0-0]        ✓ rejects illegal path m/-1/12
[chrome 150.0.7871.187 mac #0-0]        ✓ rejects illegal path bad path
[chrome 150.0.7871.187 mac #0-0]        ✓ rejects illegal path K
[chrome 150.0.7871.187 mac #0-0]        ✓ rejects illegal path m/
[chrome 150.0.7871.187 mac #0-0]        ✓ rejects illegal path m/12asd
[chrome 150.0.7871.187 mac #0-0]        ✓ rejects illegal path m/1/2//3
[chrome 150.0.7871.187 mac #0-0]        ✓ generates deriving indexes correctly
[chrome 150.0.7871.187 mac #0-0]
[chrome 150.0.7871.187 mac #0-0]     conversion to/from buffer
[chrome 150.0.7871.187 mac #0-0]        ✓ should roundtrip to/from a buffer
[chrome 150.0.7871.187 mac #0-0]
[chrome 150.0.7871.187 mac #0-0]     conversion to plain object/json
[chrome 150.0.7871.187 mac #0-0]        ✓ toObject leaves no Buffer instances
[chrome 150.0.7871.187 mac #0-0]        ✓ roundtrips toObject
[chrome 150.0.7871.187 mac #0-0]        ✓ roundtrips to JSON and to Object
[chrome 150.0.7871.187 mac #0-0]        ✓ recovers state from JSON
[chrome 150.0.7871.187 mac #0-0]        ✓ recovers state from Object
[chrome 150.0.7871.187 mac #0-0]
[chrome 150.0.7871.187 mac #0-0] PrivateKey
[chrome 150.0.7871.187 mac #0-0]    ✓ should create a new random private key
[chrome 150.0.7871.187 mac #0-0]    ✓ should create a privatekey from hexa string
[chrome 150.0.7871.187 mac #0-0]    ✓ should create a privatekey from a non-standard hex string
[chrome 150.0.7871.187 mac #0-0]    ✓ should create a new random testnet private key with only one argument
[chrome 150.0.7871.187 mac #0-0]    ✓ should create a private key from a custom network WIF string
[chrome 150.0.7871.187 mac #0-0]    ✓ should create a new random testnet private key with empty data
[chrome 150.0.7871.187 mac #0-0]    ✓ should create a private key from WIF string
[chrome 150.0.7871.187 mac #0-0]    ✓ should create a private key from WIF buffer
[chrome 150.0.7871.187 mac #0-0]    ✓ coverage: public key cache
[chrome 150.0.7871.187 mac #0-0]    ✓ creates an address as expected from WIF, livenet
[chrome 150.0.7871.187 mac #0-0]    ✓ creates an address as expected from WIF, testnet
[chrome 150.0.7871.187 mac #0-0]
[chrome 150.0.7871.187 mac #0-0]     bitcoind compliance
[chrome 150.0.7871.187 mac #0-0]        ✓ should describe input ... as invalid
[chrome 150.0.7871.187 mac #0-0]        ✓ should describe input x... as invalid
[chrome 150.0.7871.187 mac #0-0]        ✓ should describe input gZXdHjj9QC... as invalid
[chrome 150.0.7871.187 mac #0-0]        ✓ should describe input 6vFieKyF36... as invalid
[chrome 150.0.7871.187 mac #0-0]        ✓ should describe input cQWGj8MhCt... as invalid
[chrome 150.0.7871.187 mac #0-0]        ✓ should describe input JBoefAMfPK... as invalid
[chrome 150.0.7871.187 mac #0-0]        ✓ should describe input TbxPvvXwEt... as invalid
[chrome 150.0.7871.187 mac #0-0]        ✓ should describe input 2NUDYkhC7d... as invalid
[chrome 150.0.7871.187 mac #0-0]        ✓ should describe input LgcotVvFQg... as invalid
[chrome 150.0.7871.187 mac #0-0]        ✓ should describe input 5mfqm4pggS... as invalid
[chrome 150.0.7871.187 mac #0-0]        ✓ should describe input 2U4ajn8ASm... as invalid
[chrome 150.0.7871.187 mac #0-0]        ✓ should describe input 2PGCEn9m7V... as invalid
[chrome 150.0.7871.187 mac #0-0]        ✓ should describe input 2iKcv8HMvV... as invalid
[chrome 150.0.7871.187 mac #0-0]        ✓ should describe input uDpgjm6HCQ... as invalid
[chrome 150.0.7871.187 mac #0-0]        ✓ should describe input 4MxF1GvQDo... as invalid
[chrome 150.0.7871.187 mac #0-0]        ✓ should describe input cQcyPZ6SYh... as invalid
[chrome 150.0.7871.187 mac #0-0]        ✓ should describe input 5ngBnqMF5s... as invalid
[chrome 150.0.7871.187 mac #0-0]        ✓ should describe input cRSUJiBwxS... as invalid
[chrome 150.0.7871.187 mac #0-0]        ✓ should describe input 2KtV23FPhB... as invalid
[chrome 150.0.7871.187 mac #0-0]        ✓ should describe input 25xmYrwhzc... as invalid
[chrome 150.0.7871.187 mac #0-0]        ✓ should describe input 5mqiJJe7ej... as invalid
[chrome 150.0.7871.187 mac #0-0]        ✓ should describe input cN6EEuVvKa... as invalid
[chrome 150.0.7871.187 mac #0-0]        ✓ should describe input wVwfGNa9Bk... as invalid
[chrome 150.0.7871.187 mac #0-0]        ✓ should describe input HfLPJ1eL8K... as invalid
[chrome 150.0.7871.187 mac #0-0]        ✓ should describe input Yk5B6MRro1... as invalid
[chrome 150.0.7871.187 mac #0-0]        ✓ should describe input LbW5JEaVWM... as invalid
[chrome 150.0.7871.187 mac #0-0]        ✓ should describe input FwVS4Xy2KU... as invalid
[chrome 150.0.7871.187 mac #0-0]        ✓ should describe input T3Xe7hU6cg... as invalid
[chrome 150.0.7871.187 mac #0-0]        ✓ should describe input M8LH9iCJBT... as invalid
[chrome 150.0.7871.187 mac #0-0]        ✓ should describe input JKAsgoe5RR... as invalid
[chrome 150.0.7871.187 mac #0-0]        ✓ should describe input 7sTp4xUuNR... as invalid
[chrome 150.0.7871.187 mac #0-0]        ✓ should describe input cUSxdRJwpE... as invalid
[chrome 150.0.7871.187 mac #0-0]        ✓ should describe input JKSnxB43og... as invalid
[chrome 150.0.7871.187 mac #0-0]        ✓ should describe input tJgWcJ8FqG... as invalid
[chrome 150.0.7871.187 mac #0-0]        ✓ should describe input 2UDnhZGfuH... as invalid
[chrome 150.0.7871.187 mac #0-0]        ✓ should describe input JCK4Kx3L6Z... as invalid
[chrome 150.0.7871.187 mac #0-0]        ✓ should describe input AbnXu1Rgae... as invalid
[chrome 150.0.7871.187 mac #0-0]        ✓ should describe input 928wcz8UaX... as invalid
[chrome 150.0.7871.187 mac #0-0]        ✓ should describe input Qp7EyuWueg... as invalid
[chrome 150.0.7871.187 mac #0-0]        ✓ should describe input 6R9r5RHQdN... as invalid
[chrome 150.0.7871.187 mac #0-0]        ✓ should describe input 271T9hGPSe... as invalid
[chrome 150.0.7871.187 mac #0-0]        ✓ should describe input 2x7WjATScg... as invalid
[chrome 150.0.7871.187 mac #0-0]        ✓ should describe input 2jwUaPdB93... as invalid
[chrome 150.0.7871.187 mac #0-0]        ✓ should describe input 7VkJFJwgtT... as invalid
[chrome 150.0.7871.187 mac #0-0]        ✓ should describe input T4UVQQSBJd... as invalid
[chrome 150.0.7871.187 mac #0-0]        ✓ should describe input 2UA3wL1KGh... as invalid
[chrome 150.0.7871.187 mac #0-0]        ✓ should describe input gcBstMZS9m... as invalid
[chrome 150.0.7871.187 mac #0-0]        ✓ should describe input 5mqKtSZGj3... as invalid
[chrome 150.0.7871.187 mac #0-0]        ✓ should describe input 31q9AKvsdw... as invalid
[chrome 150.0.7871.187 mac #0-0]        ✓ should describe input 2A1q1YsMZo... as invalid
[chrome 150.0.7871.187 mac #0-0]        ✓ should describe input tc1qw508d6... as invalid
[chrome 150.0.7871.187 mac #0-0]        ✓ should describe input bc1qw508d6... as invalid
[chrome 150.0.7871.187 mac #0-0]        ✓ should describe input BC13W508D6... as invalid
[chrome 150.0.7871.187 mac #0-0]        ✓ should describe input bc1rw5uspc... as invalid
[chrome 150.0.7871.187 mac #0-0]        ✓ should describe input bc10w508d6... as invalid
[chrome 150.0.7871.187 mac #0-0]        ✓ should describe input BC1QR508D6... as invalid
[chrome 150.0.7871.187 mac #0-0]        ✓ should describe input tb1qrp33g0... as invalid
[chrome 150.0.7871.187 mac #0-0]        ✓ should describe input bc1zw508d6... as invalid
[chrome 150.0.7871.187 mac #0-0]        ✓ should describe input tb1qrp33g0... as invalid
[chrome 150.0.7871.187 mac #0-0]        ✓ should describe input bc1gmk9yu... as invalid
[chrome 150.0.7871.187 mac #0-0]        ✓ should describe input ltc1pw508d... as invalid
[chrome 150.0.7871.187 mac #0-0]        ✓ should describe input ltc1sw50qz... as invalid
[chrome 150.0.7871.187 mac #0-0]        ✓ should describe input ltc1zw508d... as invalid
[chrome 150.0.7871.187 mac #0-0]
[chrome 150.0.7871.187 mac #0-0]     instantiation
[chrome 150.0.7871.187 mac #0-0]        ✓ should not be able to instantiate private key greater than N
[chrome 150.0.7871.187 mac #0-0]        ✓ should not be able to instantiate private key because of network mismatch
[chrome 150.0.7871.187 mac #0-0]        ✓ should not be able to instantiate private key WIF is too long
[chrome 150.0.7871.187 mac #0-0]        ✓ should not be able to instantiate private key WIF because of unknown network byte
[chrome 150.0.7871.187 mac #0-0]        ✓ should not be able to instantiate private key WIF because of network mismatch
[chrome 150.0.7871.187 mac #0-0]        ✓ can be instantiated from a hex string
[chrome 150.0.7871.187 mac #0-0]        ✓ should not be able to instantiate because of unrecognized data
[chrome 150.0.7871.187 mac #0-0]        ✓ should not be able to instantiate with unknown network
[chrome 150.0.7871.187 mac #0-0]        ✓ should not create a zero private key
[chrome 150.0.7871.187 mac #0-0]        ✓ should create a livenet private key
[chrome 150.0.7871.187 mac #0-0]        ✓ should create a default network private key
[chrome 150.0.7871.187 mac #0-0]        ✓ returns the same instance if a PrivateKey is provided (immutable)
[chrome 150.0.7871.187 mac #0-0]
[chrome 150.0.7871.187 mac #0-0]     #json/object
[chrome 150.0.7871.187 mac #0-0]        ✓ should input/output json
[chrome 150.0.7871.187 mac #0-0]        ✓ input json should correctly initialize network field
[chrome 150.0.7871.187 mac #0-0]        ✓ fails on invalid argument
[chrome 150.0.7871.187 mac #0-0]        ✓ also accepts an object as argument
[chrome 150.0.7871.187 mac #0-0]
[chrome 150.0.7871.187 mac #0-0]     #toString
[chrome 150.0.7871.187 mac #0-0]        ✓ should parse this uncompressed livenet address correctly
[chrome 150.0.7871.187 mac #0-0]
[chrome 150.0.7871.187 mac #0-0]     #toAddress
[chrome 150.0.7871.187 mac #0-0]        ✓ should output this known livenet address correctly
[chrome 150.0.7871.187 mac #0-0]        ✓ should output this known testnet address correctly
[chrome 150.0.7871.187 mac #0-0]        ✓ creates network specific address
[chrome 150.0.7871.187 mac #0-0]
[chrome 150.0.7871.187 mac #0-0]     #inspect
[chrome 150.0.7871.187 mac #0-0]        ✓ should output known livenet address for console
[chrome 150.0.7871.187 mac #0-0]        ✓ should output known testnet address for console
[chrome 150.0.7871.187 mac #0-0]        ✓ outputs "uncompressed" for uncompressed imported WIFs
[chrome 150.0.7871.187 mac #0-0]
[chrome 150.0.7871.187 mac #0-0]     #getValidationError
[chrome 150.0.7871.187 mac #0-0]        ✓ should get an error because private key greater than N
[chrome 150.0.7871.187 mac #0-0]        ✓ should validate as false because private key greater than N
[chrome 150.0.7871.187 mac #0-0]        ✓ should recognize that undefined is an invalid private key
[chrome 150.0.7871.187 mac #0-0]        ✓ should validate as true
[chrome 150.0.7871.187 mac #0-0]
[chrome 150.0.7871.187 mac #0-0]     buffer serialization
[chrome 150.0.7871.187 mac #0-0]        ✓ returns an expected value when creating a PrivateKey from a buffer
[chrome 150.0.7871.187 mac #0-0]        ✓ roundtrips correctly when using toBuffer/fromBuffer
[chrome 150.0.7871.187 mac #0-0]        ✓ should return buffer with length equal 32
[chrome 150.0.7871.187 mac #0-0]
[chrome 150.0.7871.187 mac #0-0]     #toBigNumber
[chrome 150.0.7871.187 mac #0-0]        ✓ should output known BN
[chrome 150.0.7871.187 mac #0-0]
[chrome 150.0.7871.187 mac #0-0]     #fromRandom
[chrome 150.0.7871.187 mac #0-0]        ✓ should set bn gt 0 and lt n, and should be compressed
[chrome 150.0.7871.187 mac #0-0]
[chrome 150.0.7871.187 mac #0-0]     #fromWIF
[chrome 150.0.7871.187 mac #0-0]        ✓ should parse this compressed testnet address correctly
[chrome 150.0.7871.187 mac #0-0]
[chrome 150.0.7871.187 mac #0-0]     #toWIF
[chrome 150.0.7871.187 mac #0-0]        ✓ should parse this compressed testnet address correctly
[chrome 150.0.7871.187 mac #0-0]
[chrome 150.0.7871.187 mac #0-0]     #fromString
[chrome 150.0.7871.187 mac #0-0]        ✓ should parse this uncompressed testnet address correctly
[chrome 150.0.7871.187 mac #0-0]
[chrome 150.0.7871.187 mac #0-0]     #toPublicKey
[chrome 150.0.7871.187 mac #0-0]        ✓ should convert this known PrivateKey to known PublicKey
[chrome 150.0.7871.187 mac #0-0]        ✓ should have a "publicKey" property
[chrome 150.0.7871.187 mac #0-0]        ✓ should convert this known PrivateKey to known PublicKey and preserve compressed=true
[chrome 150.0.7871.187 mac #0-0]        ✓ should convert this known PrivateKey to known PublicKey and preserve compressed=false
[chrome 150.0.7871.187 mac #0-0]
[chrome 150.0.7871.187 mac #0-0] Unit
[chrome 150.0.7871.187 mac #0-0]    ✓ can be created from a number and unit
[chrome 150.0.7871.187 mac #0-0]    ✓ can be created from a number and exchange rate
[chrome 150.0.7871.187 mac #0-0]    ✓ no "new" is required for creating an instance
[chrome 150.0.7871.187 mac #0-0]    ✓ has property accesors "BTC", "mBTC", "uBTC", "bits", and "satoshis"
[chrome 150.0.7871.187 mac #0-0]    ✓ a string amount is allowed
[chrome 150.0.7871.187 mac #0-0]    ✓ should have constructor helpers
[chrome 150.0.7871.187 mac #0-0]    ✓ converts to satoshis correctly
[chrome 150.0.7871.187 mac #0-0]    ✓ takes into account floating point problems
[chrome 150.0.7871.187 mac #0-0]    ✓ exposes unit codes
[chrome 150.0.7871.187 mac #0-0]    ✓ exposes a method that converts to different units
[chrome 150.0.7871.187 mac #0-0]    ✓ exposes shorthand conversion methods
[chrome 150.0.7871.187 mac #0-0]    ✓ can convert to fiat
[chrome 150.0.7871.187 mac #0-0]    ✓ toString works as expected
[chrome 150.0.7871.187 mac #0-0]    ✓ can be imported and exported from/to JSON
[chrome 150.0.7871.187 mac #0-0]    ✓ importing from invalid JSON fails quickly
[chrome 150.0.7871.187 mac #0-0]    ✓ inspect method displays nicely
[chrome 150.0.7871.187 mac #0-0]    ✓ fails when the unit is not recognized
[chrome 150.0.7871.187 mac #0-0]    ✓ fails when the exchange rate is invalid
[chrome 150.0.7871.187 mac #0-0]
[chrome 150.0.7871.187 mac #0-0] Block
[chrome 150.0.7871.187 mac #0-0]    ✓ should make a new block
[chrome 150.0.7871.187 mac #0-0]    ✓ should not make an empty block
[chrome 150.0.7871.187 mac #0-0]
[chrome 150.0.7871.187 mac #0-0]     #constructor
[chrome 150.0.7871.187 mac #0-0]        ✓ should set these known values
[chrome 150.0.7871.187 mac #0-0]        ✓ should properly deserialize blocks
[chrome 150.0.7871.187 mac #0-0]
[chrome 150.0.7871.187 mac #0-0]     #fromRawBlock
[chrome 150.0.7871.187 mac #0-0]        - should instantiate from a raw block binary
[chrome 150.0.7871.187 mac #0-0]        - should instantiate from raw block buffer
[chrome 150.0.7871.187 mac #0-0]
[chrome 150.0.7871.187 mac #0-0]     #fromJSON
[chrome 150.0.7871.187 mac #0-0]        ✓ should set these known values
[chrome 150.0.7871.187 mac #0-0]        ✓ should set these known values
[chrome 150.0.7871.187 mac #0-0]
[chrome 150.0.7871.187 mac #0-0]     #toJSON
[chrome 150.0.7871.187 mac #0-0]        ✓ should recover these known values
[chrome 150.0.7871.187 mac #0-0]
[chrome 150.0.7871.187 mac #0-0]     #fromString/#toString
[chrome 150.0.7871.187 mac #0-0]        ✓ should output/input a block hex string
[chrome 150.0.7871.187 mac #0-0]
[chrome 150.0.7871.187 mac #0-0]     #fromBuffer
[chrome 150.0.7871.187 mac #0-0]        ✓ should make a block from this known buffer
[chrome 150.0.7871.187 mac #0-0]        ✓ should instantiate from block buffer from the network
[chrome 150.0.7871.187 mac #0-0]
[chrome 150.0.7871.187 mac #0-0]     #fromBufferReader
[chrome 150.0.7871.187 mac #0-0]        ✓ should make a block from this known buffer
[chrome 150.0.7871.187 mac #0-0]
[chrome 150.0.7871.187 mac #0-0]     #toBuffer
[chrome 150.0.7871.187 mac #0-0]        ✓ should recover a block from this known buffer
[chrome 150.0.7871.187 mac #0-0]
[chrome 150.0.7871.187 mac #0-0]     #toBufferWriter
[chrome 150.0.7871.187 mac #0-0]        ✓ should recover a block from this known buffer
[chrome 150.0.7871.187 mac #0-0]        ✓ doesn't create a bufferWriter if one provided
[chrome 150.0.7871.187 mac #0-0]
[chrome 150.0.7871.187 mac #0-0]     #toObject
[chrome 150.0.7871.187 mac #0-0]        ✓ should recover a block from genesis block buffer
[chrome 150.0.7871.187 mac #0-0]        ✓ roundtrips correctly
[chrome 150.0.7871.187 mac #0-0]
[chrome 150.0.7871.187 mac #0-0]     #_getHash
[chrome 150.0.7871.187 mac #0-0]        ✓ should return the correct hash of the genesis block
[chrome 150.0.7871.187 mac #0-0]
[chrome 150.0.7871.187 mac #0-0]     #id
[chrome 150.0.7871.187 mac #0-0]        ✓ should return the correct id of the genesis block
[chrome 150.0.7871.187 mac #0-0]        ✓ "hash" should be the same as "id"
[chrome 150.0.7871.187 mac #0-0]
[chrome 150.0.7871.187 mac #0-0]     #inspect
[chrome 150.0.7871.187 mac #0-0]        ✓ should return the correct inspect of the genesis block
[chrome 150.0.7871.187 mac #0-0]
[chrome 150.0.7871.187 mac #0-0]     #merkleRoot
[chrome 150.0.7871.187 mac #0-0]        - should describe as valid merkle root
[chrome 150.0.7871.187 mac #0-0]        ✓ should describe as invalid merkle root
[chrome 150.0.7871.187 mac #0-0]        ✓ should get a null hash merkle root
[chrome 150.0.7871.187 mac #0-0]
[chrome 150.0.7871.187 mac #0-0] MerkleBlock
[chrome 150.0.7871.187 mac #0-0]     #constructor
[chrome 150.0.7871.187 mac #0-0]        ✓ should make a new merkleblock from buffer
[chrome 150.0.7871.187 mac #0-0]        ✓ should make a new merkleblock from object
[chrome 150.0.7871.187 mac #0-0]        ✓ should make a new merkleblock from JSON
[chrome 150.0.7871.187 mac #0-0]        ✓ should not make an empty block
[chrome 150.0.7871.187 mac #0-0]
[chrome 150.0.7871.187 mac #0-0]     #fromObject
[chrome 150.0.7871.187 mac #0-0]        ✓ should set these known values
[chrome 150.0.7871.187 mac #0-0]        ✓ should set these known values
[chrome 150.0.7871.187 mac #0-0]        ✓ accepts an object as argument
[chrome 150.0.7871.187 mac #0-0]
[chrome 150.0.7871.187 mac #0-0]     #toJSON
[chrome 150.0.7871.187 mac #0-0]        ✓ should recover these known values
[chrome 150.0.7871.187 mac #0-0]
[chrome 150.0.7871.187 mac #0-0]     #fromBuffer
[chrome 150.0.7871.187 mac #0-0]        ✓ should make a block from this known buffer
[chrome 150.0.7871.187 mac #0-0]
[chrome 150.0.7871.187 mac #0-0]     #fromBufferReader
[chrome 150.0.7871.187 mac #0-0]        ✓ should make a block from this known buffer
[chrome 150.0.7871.187 mac #0-0]
[chrome 150.0.7871.187 mac #0-0]     #toBuffer
[chrome 150.0.7871.187 mac #0-0]        ✓ should recover a block from this known buffer
[chrome 150.0.7871.187 mac #0-0]
[chrome 150.0.7871.187 mac #0-0]     #toBufferWriter
[chrome 150.0.7871.187 mac #0-0]        ✓ should recover a block from this known buffer
[chrome 150.0.7871.187 mac #0-0]        ✓ doesn't create a bufferWriter if one provided
[chrome 150.0.7871.187 mac #0-0]
[chrome 150.0.7871.187 mac #0-0]     #validMerkleTree
[chrome 150.0.7871.187 mac #0-0]        ✓ should validate good merkleblocks
[chrome 150.0.7871.187 mac #0-0]        ✓ should not validate merkleblocks with too many hashes
[chrome 150.0.7871.187 mac #0-0]        ✓ should not validate merkleblocks with too few bit flags
[chrome 150.0.7871.187 mac #0-0]
[chrome 150.0.7871.187 mac #0-0]     #hasTransaction
[chrome 150.0.7871.187 mac #0-0]        ✓ should find transactions via hash string
[chrome 150.0.7871.187 mac #0-0]        ✓ should find transactions via Transaction object
[chrome 150.0.7871.187 mac #0-0]        ✓ should not find non-existant Transaction object
[chrome 150.0.7871.187 mac #0-0]        ✓ should not match with merkle nodes
[chrome 150.0.7871.187 mac #0-0]
[chrome 150.0.7871.187 mac #0-0] BlockHeader
[chrome 150.0.7871.187 mac #0-0]    ✓ should make a new blockheader
[chrome 150.0.7871.187 mac #0-0]    ✓ should not make an empty block
[chrome 150.0.7871.187 mac #0-0]    ✓ coverage: caches the "_id" property
[chrome 150.0.7871.187 mac #0-0]
[chrome 150.0.7871.187 mac #0-0]     #constructor
[chrome 150.0.7871.187 mac #0-0]        ✓ should set all the variables
[chrome 150.0.7871.187 mac #0-0]        ✓ will throw an error if the argument object hash property doesn't match
[chrome 150.0.7871.187 mac #0-0]
[chrome 150.0.7871.187 mac #0-0]     version
[chrome 150.0.7871.187 mac #0-0]        ✓ is interpreted as an int32le
[chrome 150.0.7871.187 mac #0-0]
[chrome 150.0.7871.187 mac #0-0]     #fromObject
[chrome 150.0.7871.187 mac #0-0]        ✓ should set all the variables
[chrome 150.0.7871.187 mac #0-0]
[chrome 150.0.7871.187 mac #0-0]     #toJSON
[chrome 150.0.7871.187 mac #0-0]        ✓ should set all the variables
[chrome 150.0.7871.187 mac #0-0]
[chrome 150.0.7871.187 mac #0-0]     #fromJSON
[chrome 150.0.7871.187 mac #0-0]        ✓ should parse this known json string
[chrome 150.0.7871.187 mac #0-0]
[chrome 150.0.7871.187 mac #0-0]     #fromString/#toString
[chrome 150.0.7871.187 mac #0-0]        ✓ should output/input a block hex string
[chrome 150.0.7871.187 mac #0-0]
[chrome 150.0.7871.187 mac #0-0]     #fromBuffer
[chrome 150.0.7871.187 mac #0-0]        ✓ should parse this known buffer
[chrome 150.0.7871.187 mac #0-0]
[chrome 150.0.7871.187 mac #0-0]     #fromBufferReader
[chrome 150.0.7871.187 mac #0-0]        ✓ should parse this known buffer
[chrome 150.0.7871.187 mac #0-0]
[chrome 150.0.7871.187 mac #0-0]     #toBuffer
[chrome 150.0.7871.187 mac #0-0]        ✓ should output this known buffer
[chrome 150.0.7871.187 mac #0-0]
[chrome 150.0.7871.187 mac #0-0]     #toBufferWriter
[chrome 150.0.7871.187 mac #0-0]        ✓ should output this known buffer
[chrome 150.0.7871.187 mac #0-0]        ✓ doesn't create a bufferWriter if one provided
[chrome 150.0.7871.187 mac #0-0]
[chrome 150.0.7871.187 mac #0-0]     #inspect
[chrome 150.0.7871.187 mac #0-0]        ✓ should return the correct inspect of the genesis block
[chrome 150.0.7871.187 mac #0-0]        ✓ should return the correct inspect of testnet block 1856255
[chrome 150.0.7871.187 mac #0-0]
[chrome 150.0.7871.187 mac #0-0]     #fromRawBlock
[chrome 150.0.7871.187 mac #0-0]        ✓ should instantiate from a raw block binary
[chrome 150.0.7871.187 mac #0-0]        ✓ should instantiate from raw block buffer
[chrome 150.0.7871.187 mac #0-0]        ✓ should instantiate from raw block with verification
[chrome 150.0.7871.187 mac #0-0]        ✓ should fail network verification from raw block
[chrome 150.0.7871.187 mac #0-0]
[chrome 150.0.7871.187 mac #0-0]     #validTimestamp
[chrome 150.0.7871.187 mac #0-0]        ✓ should validate timestamp as true
[chrome 150.0.7871.187 mac #0-0]        ✓ should validate timestamp as false
[chrome 150.0.7871.187 mac #0-0]
[chrome 150.0.7871.187 mac #0-0]     #validProofOfWork
[chrome 150.0.7871.187 mac #0-0]        ✓ should validate proof-of-work as true
[chrome 150.0.7871.187 mac #0-0]        ✓ should validate proof of work as false because incorrect proof of work
[chrome 150.0.7871.187 mac #0-0]
[chrome 150.0.7871.187 mac #0-0]     #getDifficulty
[chrome 150.0.7871.187 mac #0-0]        ✓ should get the correct difficulty for block 1856255
[chrome 150.0.7871.187 mac #0-0]        ✓ should get the correct difficulty for testnet block 552065
[chrome 150.0.7871.187 mac #0-0]        ✓ should get the correct difficulty for livenet block 373043
[chrome 150.0.7871.187 mac #0-0]        ✓ should get the correct difficulty for livenet block 340000
[chrome 150.0.7871.187 mac #0-0]        ✓ should use exponent notation if difficulty is larger than Javascript number
[chrome 150.0.7871.187 mac #0-0]
[chrome 150.0.7871.187 mac #0-0] HDKeys building with static methods
[chrome 150.0.7871.187 mac #0-0]    ✓ HDPublicKey fromJSON checks that a valid JSON is provided
[chrome 150.0.7871.187 mac #0-0]    ✓ HDPublicKey fromString checks that a string is provided
[chrome 150.0.7871.187 mac #0-0]    ✓ HDPublicKey fromObject checks that an object is provided
[chrome 150.0.7871.187 mac #0-0]    ✓ HDPrivateKey fromJSON checks that a valid JSON is provided
[chrome 150.0.7871.187 mac #0-0]    ✓ HDPrivateKey fromString checks that a string is provided
[chrome 150.0.7871.187 mac #0-0]    ✓ HDPrivateKey fromObject checks that an object is provided
[chrome 150.0.7871.187 mac #0-0]
[chrome 150.0.7871.187 mac #0-0] BIP32 compliance
[chrome 150.0.7871.187 mac #0-0]    ✓ should initialize test vector 1 from the extended public key
[chrome 150.0.7871.187 mac #0-0]    ✓ should initialize test vector 1 from the extended private key
[chrome 150.0.7871.187 mac #0-0]    ✓ can initialize a public key from an extended private key
[chrome 150.0.7871.187 mac #0-0]    ✓ toString should be equal to the `xpubkey` member
[chrome 150.0.7871.187 mac #0-0]    ✓ toString should be equal to the `xpubkey` member
[chrome 150.0.7871.187 mac #0-0]    ✓ should get the extended public key from the extended private key for test vector 1
[chrome 150.0.7871.187 mac #0-0]    ✓ should get m/0' ext. private key from test vector 1
[chrome 150.0.7871.187 mac #0-0]    ✓ should get m/0' ext. public key from test vector 1
[chrome 150.0.7871.187 mac #0-0]    ✓ should get m/0'/1 ext. private key from test vector 1
[chrome 150.0.7871.187 mac #0-0]    ✓ should get m/0'/1 ext. public key from test vector 1
[chrome 150.0.7871.187 mac #0-0]    ✓ should get m/0'/1 ext. public key from m/0' public key from test vector 1
[chrome 150.0.7871.187 mac #0-0]    ✓ should get m/0'/1/2' ext. private key from test vector 1
[chrome 150.0.7871.187 mac #0-0]    ✓ should get m/0'/1/2' ext. public key from test vector 1
[chrome 150.0.7871.187 mac #0-0]    ✓ should get m/0'/1/2'/2 ext. private key from test vector 1
[chrome 150.0.7871.187 mac #0-0]    ✓ should get m/0'/1/2'/2 ext. public key from m/0'/1/2' public key from test vector 1
[chrome 150.0.7871.187 mac #0-0]    ✓ should get m/0'/1/2h/2 ext. public key from test vector 1
[chrome 150.0.7871.187 mac #0-0]    ✓ should get m/0'/1/2h/2/1000000000 ext. private key from test vector 1
[chrome 150.0.7871.187 mac #0-0]    ✓ should get m/0'/1/2h/2/1000000000 ext. public key from test vector 1
[chrome 150.0.7871.187 mac #0-0]    ✓ should get m/0'/1/2'/2/1000000000 ext. public key from m/0'/1/2'/2 public key from test vector 1
[chrome 150.0.7871.187 mac #0-0]    ✓ should initialize test vector 2 from the extended public key
[chrome 150.0.7871.187 mac #0-0]    ✓ should initialize test vector 2 from the extended private key
[chrome 150.0.7871.187 mac #0-0]    ✓ should get the extended public key from the extended private key for test vector 2
[chrome 150.0.7871.187 mac #0-0]    ✓ should get m/0 ext. private key from test vector 2
[chrome 150.0.7871.187 mac #0-0]    ✓ should get m/0 ext. public key from test vector 2
[chrome 150.0.7871.187 mac #0-0]    ✓ should get m/0 ext. public key from m public key from test vector 2
[chrome 150.0.7871.187 mac #0-0]    ✓ should get m/0/2147483647h ext. private key from test vector 2
[chrome 150.0.7871.187 mac #0-0]    ✓ should get m/0/2147483647h ext. public key from test vector 2
[chrome 150.0.7871.187 mac #0-0]    ✓ should get m/0/2147483647h/1 ext. private key from test vector 2
[chrome 150.0.7871.187 mac #0-0]    ✓ should get m/0/2147483647h/1 ext. public key from test vector 2
[chrome 150.0.7871.187 mac #0-0]    ✓ should get m/0/2147483647h/1 ext. public key from m/0/2147483647h public key from test vector 2
[chrome 150.0.7871.187 mac #0-0]    ✓ should get m/0/2147483647h/1/2147483646h ext. private key from test vector 2
[chrome 150.0.7871.187 mac #0-0]    ✓ should get m/0/2147483647h/1/2147483646h ext. public key from test vector 2
[chrome 150.0.7871.187 mac #0-0]    ✓ should get m/0/2147483647h/1/2147483646h/2 ext. private key from test vector 2
[chrome 150.0.7871.187 mac #0-0]    ✓ should get m/0/2147483647h/1/2147483646h/2 ext. public key from test vector 2
[chrome 150.0.7871.187 mac #0-0]    ✓ should get m/0/2147483647h/1/2147483646h/2 ext. public key from m/0/2147483647h/2147483646h public key from test vector 2
[chrome 150.0.7871.187 mac #0-0]    ✓ should use full 32 bytes for private key data that is hashed (as per bip32)
[chrome 150.0.7871.187 mac #0-0]    ✓ should NOT use full 32 bytes for private key data that is hashed with nonCompliant flag
[chrome 150.0.7871.187 mac #0-0]
[chrome 150.0.7871.187 mac #0-0]     edge cases
[chrome 150.0.7871.187 mac #0-0]        ✓ will handle edge case that derived private key is invalid
[chrome 150.0.7871.187 mac #0-0]        ✓ will handle edge case that a derive public key is invalid
[chrome 150.0.7871.187 mac #0-0]
[chrome 150.0.7871.187 mac #0-0]     seed
[chrome 150.0.7871.187 mac #0-0]        ✓ should initialize a new BIP32 correctly from test vector 1 seed
[chrome 150.0.7871.187 mac #0-0]        ✓ should initialize a new BIP32 correctly from test vector 2 seed
[chrome 150.0.7871.187 mac #0-0]
[chrome 150.0.7871.187 mac #0-0] URI
[chrome 150.0.7871.187 mac #0-0]    ✓ parses uri strings correctly (test vector)
[chrome 150.0.7871.187 mac #0-0]    ✓ URIs can be validated statically (test vector)
[chrome 150.0.7871.187 mac #0-0]    ✓ fails on creation with no params
[chrome 150.0.7871.187 mac #0-0]    ✓ do not need new keyword
[chrome 150.0.7871.187 mac #0-0]    ✓ should create instance from object
[chrome 150.0.7871.187 mac #0-0]    ✓ should support double slash scheme
[chrome 150.0.7871.187 mac #0-0]    ✓ should input/output String
[chrome 150.0.7871.187 mac #0-0]    ✓ should input/output JSON
[chrome 150.0.7871.187 mac #0-0]    ✓ should support numeric amounts
[chrome 150.0.7871.187 mac #0-0]    ✓ should support extra arguments
[chrome 150.0.7871.187 mac #0-0]    ✓ should generate a valid URI
[chrome 150.0.7871.187 mac #0-0]    ✓ should be case insensitive to protocol
[chrome 150.0.7871.187 mac #0-0]    ✓ writes correctly the "r" parameter on string serialization
[chrome 150.0.7871.187 mac #0-0]    ✓ displays nicely on the console (#inspect)
[chrome 150.0.7871.187 mac #0-0]    ✓ fails early when fromString isn't provided a string
[chrome 150.0.7871.187 mac #0-0]    ✓ fails early when fromJSON isn't provided a valid JSON string
[chrome 150.0.7871.187 mac #0-0]
[chrome 150.0.7871.187 mac #0-0]     instantiation from litecoin uri
[chrome 150.0.7871.187 mac #0-0]        ✓ parses address
[chrome 150.0.7871.187 mac #0-0]        ✓ parses amount
[chrome 150.0.7871.187 mac #0-0]        ✓ parses a testnet address
[chrome 150.0.7871.187 mac #0-0]        ✓ stores unknown parameters as "extras"
[chrome 150.0.7871.187 mac #0-0]        ✓ throws error when a required feature is not supported
[chrome 150.0.7871.187 mac #0-0]        ✓ has no false negative when checking supported features
[chrome 150.0.7871.187 mac #0-0]
[chrome 150.0.7871.187 mac #0-0] 2647 passing (16.3s)
[chrome 150.0.7871.187 mac #0-0] 5 skipped


Spec Files:	 1 passed, 1 total (100% completed) in 00:00:19  

[14:57:25] Finished 'test' after 25 s
