
> test:bitcore-lib-doge
> cd ./packages/bitcore-lib-doge && npm run test


> @bitpay-labs/bitcore-lib-doge@11.10.4 test
> gulp --tasks && gulp test

[14:56:29] Tasks for ~/dev/bitcore/packages/bitcore-lib-doge/gulpfile.js
[14:56:29] ├── test:karma
[14:56:29] ├── test:webdriverio
[14:56:29] ├── noop
[14:56:29] ├── browser:uncompressed
[14:56:29] ├── browser:terser
[14:56:29] ├── browser:compressed
[14:56:29] ├── browser:maketests
[14:56:29] ├── browser
[14:56:29] ├── test:node
[14:56:29] ├── watch:test
[14:56:29] ├── watch:test:node
[14:56:29] ├── watch:test:browser
[14:56:29] ├── watch:lint
[14:56:29] ├── watch:browser
[14:56:29] ├── test:browser
[14:56:29] ├── test
[14:56:29] ├── default
[14:56:29] └── release:install
[14:56:30] Using gulpfile ~/dev/bitcore/packages/bitcore-lib-doge/gulpfile.js
[14:56:30] Starting 'test'...
`sandbox.create()` is deprecated. Use default sandbox at `sinon.sandbox` or create new sandboxes with `sinon.createSandbox()`


  Address
    ✔ can't build without data
    ✔ should throw an error because of bad network param
    ✔ should throw an error because of bad type param
    ✔ throws an error if it couldn't instantiate
    ✔ can roundtrip from/to a object
    ✔ will use the default network for an object
    bitcoind compliance
      ✔ should describe address DD4KSSuBJqcjuTcvUg1CgUKeurPUFeEZkE as valid
      ✔ should describe address A7HRQk3GFCW2QasvdZxXuYj8kkQK5QrYLs as valid
      ✔ should describe address nhRsrUaxZou6sewjqaS37cJrMRJRgwVXdk as valid
      ✔ should describe address 2MsvyG12kxxipe276Au4zKqvd2xdrBuHWb3 as valid
      ✔ should describe address DBjW6kna7rUPE4Mj9j4B3oK3xVA1SDHrdt as valid
      ✔ should describe address A3RHoAQLPDSuBewbuvt5NMqEKasqs9ty3C as valid
      ✔ should describe address ngbSgr1dhCqsLg6Z5tpsaCspwrH72x2Zk3 as valid
      ✔ should describe address 2MvY1BBau2C6jRC1hNX5LmviLrpvVG386TM as valid
      ✔ should describe address D77Z1nmgSZxJTmtN65n2MVF9yvLSB4MpiC as valid
      ✔ should describe address 9zYnVRaekPtdKBYuPw5QiBtv3NNrzD2LLW as valid
      ✔ should describe address ngao4q8auS6YuDKYPkzjt7zKYYT8LzkGZS as valid
      ✔ should describe address 2N22vuiMGhfqD77vPqsXPiALBfn6oUTtFtH as valid
      ✔ should describe address DGYdw7jC17b9SappjsrAsaghhDTS8sV5Mx as valid
      ✔ should describe address A3YUuiZjn3FzW2i6KqFVgHaN5r5fjvwEJ1 as valid
      ✔ should describe address nbo7vyCuiMxiYW4thwwuaTHQdCoqinmzJz as valid
      ✔ should describe address 2N1Gz97rN7P6VCj9xf64wWFqQZgpUng1mM3 as valid
      ✔ should describe address DExWunrSkF2P9NAzW4JpEeC38uC3z36cCk as valid
      ✔ should describe address AFVkW8WgPP2rsTdAeyogFK9k8gXJ1LZwrb as valid
      ✔ should describe address nagGnGDKWYpvnphf9rgo3xtQhAxiEM1QGD as valid
      ✔ should describe address 2N2f7vA5j92GCGuNt868zihqDBexEdDmJ8V as valid
      ✔ should describe address DMYFDsuFamS4kogsiqxQRXK9diCfmJzNLh as valid
      ✔ should describe address A2CUbyEtqGUjngAjxpGmM5Nwhrz72gh23v as valid
      ✔ should describe address nics7FiGssSKTuDrfNbHXa913W4LrLLK2w as valid
      ✔ should describe address 2MtHzsXQHKJCW6s6MikTVM14kk8aqF3WmZv as valid
      ✔ should describe address DQJXChtyuN3aiU3W6pG4mgnykisHH5hqst as valid
      ✔ should describe address AD21pKoCWcrqrUW4oRv5xUaGwCfXhiyx6y as valid
      ✔ should describe input ... as invalid
      ✔ should describe input x... as invalid
      ✔ should describe input 37qgekLpCC... as invalid
      ✔ should describe input dzb7VV1Ui5... as invalid
      ✔ should describe input MuNu7ZAEDF... as invalid
      ✔ should describe input rPpQpYknyN... as invalid
      ✔ should describe input 4Uc3FmN6NQ... as invalid
      ✔ should describe input 7aQgR5DFQ2... as invalid
      ✔ should describe input 17QpPprjeg... as invalid
      ✔ should describe input KxuACDviz8... as invalid
      ✔ should describe input 7nK3GSmqdX... as invalid
      ✔ should describe input cTivdBmq7b... as invalid
      ✔ should describe input gjMV4vjNjy... as invalid
      ✔ should describe input emXm1naBMo... as invalid
      ✔ should describe input 7VThQnNRj1... as invalid
      ✔ should describe input 1G9u6oCVCP... as invalid
      ✔ should describe input 31QQ7ZMLkS... as invalid
      ✔ should describe input DHqKSnpxa8... as invalid
      ✔ should describe input 2LUHcJPbwL... as invalid
      ✔ should describe input 7USRzBXAnm... as invalid
      ✔ should describe input 1DGezo7BfV... as invalid
      ✔ should describe input 2D12DqDZKw... as invalid
      ✔ should describe input 8AFJzuTujX... as invalid
      ✔ should describe input 163Q17qLbT... as invalid
      ✔ should describe input 2MnmgiRH4e... as invalid
      ✔ should describe input 461QQ2sYWx... as invalid
      ✔ should describe input 2UCtv53Vtt... as invalid
      ✔ should describe input cSNjAsnhgt... as invalid
      ✔ should describe input gmsow2Y6EW... as invalid
      ✔ should describe input nksUKSkzS7... as invalid
      ✔ should describe input L3favK1UzF... as invalid
      ✔ should describe input 7VxLxGGtYT... as invalid
      ✔ should describe input 2mbZwFXF6c... as invalid
      ✔ should describe input dB7cwYdcPS... as invalid
      ✔ should describe input HPhFUhUAh8... as invalid
      ✔ should describe input 4ctAH6AkHz... as invalid
      ✔ should describe input Hn1uFi4dNe... as invalid
      ✔ should describe input Sq3fDbvutA... as invalid
      ✔ should describe input 6TqWyrqdgU... as invalid
      ✔ should describe input giqJo7oWqF... as invalid
      ✔ should describe input cNzHY5e8vc... as invalid
      ✔ should describe input 37uTe568EY... as invalid
      ✔ should describe input EsYbG4tWWW... as invalid
      ✔ should describe input nbuzhfwMoN... as invalid
      ✔ should describe input cQN9PoxZeC... as invalid
      ✔ should describe input 1Gm3N3rkef... as invalid
      ✔ should describe input 2TAq2tuN6x... as invalid
      ✔ should describe input ntEtnnGhqP... as invalid
      ✔ should describe input Ky1YjoZNgQ... as invalid
      ✔ should describe input 2A1q1YsMZo... as invalid
    validation
      ✔ getValidationError detects network mismatchs
      ✔ isValid returns true on a valid address
      ✔ isValid returns false on network mismatch
      ✔ validates correctly the P2PKH test vector
      ✔ validates correctly the P2SH test vector
      ✔ validates correctly the P2SH testnet test vector
      ✔ rejects correctly the P2PKH livenet test vector with "testnet" parameter
      ✔ validates correctly the P2PKH livenet test vector with "livenet" parameter
      ✔ should not validate if checksum is invalid
      ✔ should not validate on a network mismatch
      ✔ should not validate on a type mismatch
      ✔ should not validate on non-base58 characters
      ✔ testnet addresses are validated correctly
      ✔ addresses with whitespace are validated correctly
    instantiation
      ✔ can be instantiated from another address
    encodings
      ✔ should make an address from a buffer
      ✔ should make an address from a string
      ✔ should make an address using a non-string network
      ✔ should error because of unrecognized data format
      ✔ should error because of incorrect format for pubkey hash
      ✔ should error because of incorrect format for script hash
      ✔ should error because of incorrect type for transform buffer
      ✔ should error because of incorrect length buffer for transform buffer
      ✔ should error because of incorrect type for pubkey transform
      ✔ should error because of incorrect type for script transform
      ✔ should error because of incorrect type for string transform
      ✔ should make an address from a pubkey hash buffer
      ✔ should make an address using the default network
      ✔ should throw an error for invalid length hashBuffer
      ✔ should make this address from a compressed pubkey
      ✔ should use the default network for pubkey
      ✔ should make this address from an uncompressed pubkey
      ✔ should classify from a custom network
      ✔ should derive from this known address string livenet
      ✔ should derive from this known address string testnet
      ✔ should derive from this known address string livenet scripthash
      ✔ should derive from this known address string testnet scripthash
      from a script
        ✔ should fail to build address from a non p2sh,p2pkh script
        ✔ should make this address from a p2pkh output script
        ✔ should make this address from a p2sh input script
        ✔ returns the same address if the script is a pay to public key hash out
        ✔ returns the same address if the script is a pay to script hash out
    #toBuffer
      ✔ 3c3fa3d4adcaf8f52d5b1843975e122548269937 corresponds to hash LQiX3WFFnc6JDULSRRG3Dsjza3VmhJ5pCP
    #object
      ✔ roundtrip to-from-to
      ✔ will fail with invalid state
    #toString
      ✔ livenet pubkeyhash address
      ✔ scripthash address
      ✔ testnet scripthash address
      ✔ testnet pubkeyhash address
    #inspect
      ✔ should output formatted output correctly
    questions about the address
      ✔ should detect a P2SH address
      ✔ should detect a Pay To PubkeyHash address
    creating a P2SH address from public keys
      ✔ can create an address from a set of public keys
      ✔ works on testnet also
      ✔ can also be created by Address.createMultisig
      ✔ fails if invalid array is provided

  AuxPow
    ✔ should correctly handle a pre-AuxPow header
    ✔ should correctly parse a post-AuxPow but non-AuxPow header
    ✔ should correctly parse an AuxPow header
    ✔ should correctly parse an AuxPow header with witnesses
    ✔ should correctly encode header with no AuxPow
    ✔ should correctly encode header with AuxPow
    ✔ should correctly encode header with AuxPow with witness

  Block
    ✔ should make a new block
    ✔ should not make an empty block
    #constructor
      ✔ should set these known values
      ✔ should properly deserialize blocks
    #fromRawBlock
      - should instantiate from a raw block binary
      - should instantiate from raw block buffer
    #fromJSON
      ✔ should set these known values
      ✔ should set these known values
    #toJSON
      ✔ should recover these known values
    #fromString/#toString
      ✔ should output/input a block hex string
    #fromBuffer
      ✔ should make a block from this known buffer
      ✔ should instantiate from block buffer from the network
    #fromBufferReader
      ✔ should make a block from this known buffer
    #toBuffer
      ✔ should recover a block from this known buffer
    #toBufferWriter
      ✔ should recover a block from this known buffer
      ✔ doesn't create a bufferWriter if one provided
    #toObject
      ✔ should recover a block from genesis block buffer
      ✔ roundtrips correctly
    #_getHash
      ✔ should return the correct hash of the genesis block
    #id
      ✔ should return the correct id of the genesis block
      ✔ "hash" should be the same as "id"
    #inspect
      ✔ should return the correct inspect of the genesis block
    #merkleRoot
      - should describe as valid merkle root
      ✔ should describe as invalid merkle root
      ✔ should get a null hash merkle root

  BlockHeader
    ✔ should make a new blockheader
    ✔ should not make an empty block
    ✔ coverage: caches the "_id" property
    #constructor
      ✔ should set all the variables
      ✔ will throw an error if the argument object hash property doesn't match
    #fromObject
      ✔ should set all the variables
    #toJSON
      ✔ should set all the variables
    #fromJSON
      ✔ should parse this known json string
    #fromString/#toString
      ✔ should output/input a block hex string
    #fromBuffer
      ✔ should parse this known buffer
    #fromBufferReader
      ✔ should parse this known buffer
    #toBuffer
      ✔ should output this known buffer
    #toBufferWriter
      ✔ should output this known buffer
      ✔ doesn't create a bufferWriter if one provided
    #inspect
      ✔ should return the correct inspect of the genesis block
    #fromRawBlock
      ✔ should instantiate from a raw block binary
      ✔ should instantiate from raw block buffer
    #validTimestamp
      ✔ should validate timestamp as true
      ✔ should validate timestamp as false
    #validProofOfWork
      ✔ should validate proof-of-work as true
      ✔ should validate proof of work as false because incorrect proof of work
    #getDifficulty
      ✔ should get the correct difficulty for testnet block 160775
      ✔ should get the correct difficulty for testnet block 2402952
      ✔ should get the correct difficulty for livenet block 3637988
      ✔ should get the correct difficulty for livenet block 831920
      ✔ should use exponent notation if difficulty is larger than Javascript number

  MerkleBlock
    #constructor
      ✔ should make a new merkleblock from buffer
      ✔ should make a new merkleblock from object
      ✔ should make a new merkleblock from JSON
      ✔ should not make an empty block
    #fromObject
      ✔ should set these known values
      ✔ should set these known values
      ✔ accepts an object as argument
    #toJSON
      ✔ should recover these known values
    #fromBuffer
      ✔ should make a block from this known buffer
    #fromBufferReader
      ✔ should make a block from this known buffer
    #toBuffer
      ✔ should recover a block from this known buffer
    #toBufferWriter
      ✔ should recover a block from this known buffer
      ✔ doesn't create a bufferWriter if one provided
    #validMerkleTree
      ✔ should validate good merkleblocks
      ✔ should not validate merkleblocks with too many hashes
      ✔ should not validate merkleblocks with too few bit flags
    #hasTransaction
      ✔ should find transactions via hash string
      ✔ should find transactions via Transaction object
      ✔ should not find non-existant Transaction object
      ✔ should not match with merkle nodes

  BN
    ✔ should create a bn
    ✔ should parse this number
    ✔ should parse numbers below and at bn.js internal word size
    #add
      ✔ should add two small numbers together
    #sub
      ✔ should subtract a small number
    #gt
      ✔ should say 1 is greater than 0
      ✔ should say a big number is greater than a small big number
      ✔ should say a big number is great than a standard number
    to/from ScriptNumBuffer
      ✔ rountrips correctly for 0
      ✔ rountrips correctly for 1
      ✔ rountrips correctly for 10
      ✔ rountrips correctly for 256
      ✔ rountrips correctly for 1000
      ✔ rountrips correctly for 65536
      ✔ rountrips correctly for 65537
      ✔ rountrips correctly for -1
      ✔ rountrips correctly for -1000
      ✔ rountrips correctly for -65536
      ✔ rountrips correctly for -65537
    #fromString
      ✔ should make BN from a string
      ✔ should work with hex string
    #toString
      ✔ should make a string
    @fromBuffer
      ✔ should work with big endian
      ✔ should work with big endian 256
      ✔ should work with little endian if we specify the size
      ✔ should work with Uint8Array input
      ✔ should throw on invalid input: Array
      ✔ should throw on invalid input: string
      ✔ should throw on invalid input: Uint16Array
    #toBuffer
      ✔ should create a 4 byte buffer
      ✔ should create a 4 byte buffer in little endian
      ✔ should create a 2 byte buffer even if you ask for a 1 byte
      ✔ should create a 4 byte buffer even if you ask for a 1 byte

  ECDSA
    #calci
      ✔ calculates i correctly
      ✔ calulates this known i
    #getRandomK
      ✔ should generate a new random k when called twice in a row
      ✔ should generate a random k that is (almost always) greater than this relatively small number
    #getDeterministicK
      ✔ should generate the same deterministic k
      ✔ should generate the same deterministic k if badrs is set
      ✔ should compute this test vector correctly
    #recoverPublicKey
      ✔ should calculate the correct public key
      ✔ should calculate the correct public key for this signature with low s
      ✔ should calculate the correct public key for this signature with high s
    #verificationError
      ✔ should return an error if the hash is invalid
      ✔ should return an error if r, s are invalid
      ✔ should return an error if the signature is incorrect
    #sign
      ✔ should create a valid signature
      ✔ should create a valid signature defaulting to deterministicK
      ✔ should create a valid signature explicitly using deterministicK
      ✔ should create a valid signature using randomK
      ✔ should not re-use k values
      ✔ should should throw an error if hashbuf is not 32 bytes
      ✔ should generate right K
      ✔ should generate correct signature for Uint8Array input
      ✔ should throw on improper input: Array
      ✔ should throw on improper input: Uint16Array
    #verify
      ✔ should verify a signature that was just signed
      ✔ should verify this known good signature
      ✔ should verify a valid signature, and unverify an invalid signature
      ✔ should work with big and little endian
    vectors
      ✔ should validate valid vector 0
      ✔ should validate valid vector 1
      ✔ should validate valid vector 2
      ✔ should validate valid vector 3
      ✔ should validate valid vector 4
      ✔ should validate valid vector 5
      ✔ should validate valid vector 6
      ✔ should validate invalid.sigError vector 0: The wrong signature
      ✔ should validate invalid.sigError vector 1: Invalid r value (< 0)
      ✔ should validate invalid.sigError vector 2: Invalid r value (== 0)
      ✔ should validate invalid.sigError vector 3: Invalid r value (>= n)
      ✔ should validate invalid.sigError vector 4: Invalid s value (< 0)
      ✔ should validate invalid.sigError vector 5: Invalid s value (== 0)
      ✔ should validate invalid.sigError vector 6: Invalid s value (>= n)
      ✔ should validate invalid.sigError vector 7: Invalid r, s values (r = s = -n)
      ✔ should validate deterministicK vector 0
      ✔ should validate deterministicK vector 1
      ✔ should validate deterministicK vector 2
      ✔ should validate deterministicK vector 3
      ✔ should validate deterministicK vector 4
      ✔ should validate deterministicK vector 5
      ✔ should validate deterministicK vector 6
      ✔ should validate deterministicK vector 7
      ✔ should validate deterministicK vector 8
      ✔ should validate deterministicK vector 9

  Hash
    @sha1
      ✔ calculates the hash of this buffer correctly
      ✔ throws an error when the input is not a buffer
    #sha256
      ✔ calculates the hash of this buffer correctly
      ✔ fails when the input is not a buffer
    #sha256hmac
      ✔ computes this known big key correctly
      ✔ computes this known empty test vector correctly
      ✔ computes this known non-empty test vector correctly
    #sha256sha256
      ✔ calculates the hash of this buffer correctly
      ✔ fails when the input is not a buffer
    #sha256ripemd160
      ✔ calculates the hash of this buffer correctly
      ✔ fails when the input is not a buffer
    #ripemd160
      ✔ calculates the hash of this buffer correctly
      ✔ fails when the input is not a buffer
    #sha512
      ✔ calculates the hash of this buffer correctly
      ✔ fails when the input is not a buffer
    #sha512hmac
      ✔ calculates this known empty test vector correctly
      ✔ calculates this known non-empty test vector correctly
    #scrypt
      ✔ calculates scrypt hash correctly

  Point
    ✔ should create a point
    ✔ should create a point when called with "new"
    #getX
      ✔ should return x
      ✔ should be convertable to a buffer
    #getY
      ✔ should return y
      ✔ should be convertable to a buffer
    #add
      ✔ should accurately add g to itself
    #mul
      ✔ should accurately multiply g by 2
      ✔ should accurately multiply g by n-1
      ✔ should accurately multiply g by n+1
    @fromX
      ✔ should return g
    #validate
      ✔ should describe this point as valid
      ✔ should describe this point as invalid because of zero y
      ✔ should describe this point as invalid because of invalid y
      ✔ should describe this point as invalid because out of curve bounds
      ✔ should describe this point as invalid because out of curve bounds

  Random
    @getRandomBuffer
      ✔ should return a buffer
      ✔ should not equate two 256 bit random buffers
      ✔ should generate 100 8 byte buffers in a row that are not equal

  Signature
    ✔ should make a blank signature
    ✔ should work with conveniently setting r, s
    #set
      ✔ should set compressed
      ✔ should set nhashtype
    #fromCompact
      ✔ should create a signature from a compressed signature
      ✔ should create a signature from an uncompressed signature
    #fromDER
      ✔ should parse this DER format signature
    #fromString
      ✔ should parse this DER format signature in hex
    #toTxFormat
      ✔ should parse this known signature and rebuild it with updated zero-padded sighash types
    #fromTxFormat
      ✔ should convert from this known tx-format buffer
      ✔ should parse this known signature and rebuild it
    #parseDER
      ✔ should parse this signature generated in node
      ✔ should parse this 69 byte signature
      ✔ should parse this 68 byte signature
      ✔ should parse this signature from script_valid.json
    #toDER
      ✔ should convert these known r and s values into a known signature
    #toString
      ✔ should convert this signature in to hex DER
    @isTxDER
      ✔ should know this is a DER signature
      ✔ should know this is not a DER signature
      bitcoind fixtures
        ✔ should be valid for fixture #0
        ✔ should be valid for fixture #1
        ✔ should be valid for fixture #2
        ✔ should be valid for fixture #3
        ✔ should be valid for fixture #4
        ✔ should be invalid for fixture #0
        ✔ should be invalid for fixture #1
        ✔ should be invalid for fixture #2
        ✔ should be invalid for fixture #3
        ✔ should be invalid for fixture #4
        ✔ should be invalid for fixture #5
        ✔ should be invalid for fixture #6
        ✔ should be invalid for fixture #7
        ✔ should be invalid for fixture #8
        ✔ should be invalid for fixture #9
        ✔ should be invalid for fixture #10
        ✔ should be invalid for fixture #11
        ✔ should be invalid for fixture #12
        ✔ should be invalid for fixture #13
        ✔ should be invalid for fixture #14
    #hasLowS
      ✔ should detect high and low S
    #hasDefinedHashtype
      ✔ should reject invalid sighash types and accept valid ones

  Base58
    ✔ should make an instance with "new"
    ✔ validates characters with no false negatives
    ✔ validates characters from buffer
    ✔ some characters are invalid (no false positives)
    ✔ should make an instance without "new"
    ✔ should allow this handy syntax
    #set
      ✔ should set a blank buffer
    @encode
      ✔ should encode the buffer accurately
      ✔ should throw an error when the Input is not a buffer
    @decode
      ✔ should decode this encoded value correctly
      ✔ should throw an error when Input is not a string
    #fromBuffer
      ✔ should not fail
      ✔ should set buffer
    #fromString
      ✔ should convert this known string to a buffer
    #toBuffer
      ✔ should return the buffer
    #toString
      ✔ should return the buffer

  Base58Check
    ✔ should make an instance with "new"
    ✔ can validate a serialized string
    ✔ should make an instance without "new"
    ✔ should allow this handy syntax
    #set
      ✔ should set a buf
    @encode
      ✔ should encode the buffer accurately
      ✔ should throw an error when the input is not a buffer
    @decode
      ✔ should decode this encoded value correctly
      ✔ should throw an error when input is not a string
      ✔ should throw an error when input is too short
      ✔ should throw an error when there is a checksum mismatch
    #fromBuffer
      ✔ should not fail
      ✔ should set buffer
    #fromString
      ✔ should convert this known string to a buffer
    #toBuffer
      ✔ should return the buffer
    #toString
      ✔ should return the buffer

  BufferReader
    ✔ should make a new BufferReader
    ✔ should create a new bufferreader with a buffer
    ✔ should fail for invalid object
    #set
      ✔ should set pos
    #eof
      ✔ should return true for a blank br
    read
      ✔ should return the same buffer
      ✔ should return a buffer of this length
      ✔ should work with 0 length
    readVarLengthBuffer
      ✔ returns correct buffer
      ✔ fails on length too big
    #readUInt8
      ✔ should return 1
    #readUInt16BE
      ✔ should return 1
    #readUInt16LE
      ✔ should return 1
    #readUInt32BE
      ✔ should return 1
    #readUInt32LE
      ✔ should return 1
    #readUInt64BEBN
      ✔ should return 1
      ✔ should return 2^64
    #readUInt64LEBN
      ✔ should return 1
      ✔ should return 10BTC
      ✔ should return 2^30
      ✔ should return 2^32 + 1
      ✔ should return max number of satoshis
      ✔ should return 2^53 - 1
      ✔ should return 2^53
      ✔ should return 0
      ✔ should return 2^64
    #readVarintBuf
      ✔ should read a 1 byte varint
      ✔ should read a 3 byte varint
      ✔ should read a 5 byte varint
      ✔ should read a 9 byte varint
    #readVarintNum
      ✔ should read a 1 byte varint
      ✔ should read a 3 byte varint
      ✔ should read a 5 byte varint
      ✔ should throw an error on a 9 byte varint over the javascript uint precision limit
      ✔ should not throw an error on a 9 byte varint not over the javascript uint precision limit
    #readVarintBN
      ✔ should read a 1 byte varint
      ✔ should read a 3 byte varint
      ✔ should read a 5 byte varint
      ✔ should read a 9 byte varint
    #reverse
      ✔ should reverse this [0, 1]

  BufferWriter
    ✔ should create a new buffer writer
    #set
      ✔ set bufs
    #toBuffer
      ✔ should concat these two bufs
    #concat
      ✔ should concat these two bufs
    #write
      ✔ should write a buffer
    #writeUInt8
      ✔ should write 1
    #writeUInt16BE
      ✔ should write 1
    #writeUInt16LE
      ✔ should write 1
    #writeUInt32BE
      ✔ should write 1
    #writeUInt32LE
      ✔ should write 1
    #writeUInt64BEBN
      ✔ should write 1
    #writeUInt64LEBN
      ✔ should write 1
    #writeVarint
      ✔ should write a 1 byte varint
      ✔ should write a 3 byte varint
      ✔ should write a 5 byte varint
      ✔ should write a 9 byte varint
      ✔ should read back the same value it wrote for a 9 byte varint
    #writeVarintBN
      ✔ should write a 1 byte varint
      ✔ should write a 3 byte varint
      ✔ should write a 5 byte varint
      ✔ should write a 9 byte varint

  Varint
    ✔ should make a new varint
    #set
      ✔ should set a buffer
    #fromString
      ✔ should set a buffer
    #toString
      ✔ should return a buffer
    #fromBuffer
      ✔ should set a buffer
    #fromBufferReader
      ✔ should set a buffer reader
    #fromBN
      ✔ should set a number
    #fromNumber
      ✔ should set a number
    #toBuffer
      ✔ should return a buffer
    #toBN
      ✔ should return a buffer
    #toNumber
      ✔ should return a buffer

  HDKey cache
    ✔ saves a derived key
    ✔ starts erasing unused keys
    ✔ avoids erasing keys that get cache hits ("hot keys")
    ✔ keeps the size of the cache small

  HDKeys building with static methods
    ✔ HDPublicKey fromJSON checks that a valid JSON is provided
    ✔ HDPublicKey fromString checks that a string is provided
    ✔ HDPublicKey fromObject checks that an object is provided
    ✔ HDPrivateKey fromJSON checks that a valid JSON is provided
    ✔ HDPrivateKey fromString checks that a string is provided
    ✔ HDPrivateKey fromObject checks that an object is provided

  BIP32 compliance
    ✔ should initialize test vector 1 from the extended public key
    ✔ should initialize test vector 1 from the extended private key
    ✔ can initialize a public key from an extended private key
    ✔ toString should be equal to the `xpubkey` member
    ✔ toString should be equal to the `xpubkey` member
    ✔ should get the extended public key from the extended private key for test vector 1
    ✔ should get m/0' ext. private key from test vector 1
    ✔ should get m/0' ext. public key from test vector 1
    ✔ should get m/0'/1 ext. private key from test vector 1
    ✔ should get m/0'/1 ext. public key from test vector 1
    ✔ should get m/0'/1 ext. public key from m/0' public key from test vector 1
    ✔ should get m/0'/1/2' ext. private key from test vector 1
    ✔ should get m/0'/1/2' ext. public key from test vector 1
    ✔ should get m/0'/1/2'/2 ext. private key from test vector 1
    ✔ should get m/0'/1/2'/2 ext. public key from m/0'/1/2' public key from test vector 1
    ✔ should get m/0'/1/2h/2 ext. public key from test vector 1
    ✔ should get m/0'/1/2h/2/1000000000 ext. private key from test vector 1
    ✔ should get m/0'/1/2h/2/1000000000 ext. public key from test vector 1
    ✔ should get m/0'/1/2'/2/1000000000 ext. public key from m/0'/1/2'/2 public key from test vector 1
    ✔ should initialize test vector 2 from the extended public key
    ✔ should initialize test vector 2 from the extended private key
    ✔ should get the extended public key from the extended private key for test vector 2
    ✔ should get m/0 ext. private key from test vector 2
    ✔ should get m/0 ext. public key from test vector 2
    ✔ should get m/0 ext. public key from m public key from test vector 2
    ✔ should get m/0/2147483647h ext. private key from test vector 2
    ✔ should get m/0/2147483647h ext. public key from test vector 2
    ✔ should get m/0/2147483647h/1 ext. private key from test vector 2
    ✔ should get m/0/2147483647h/1 ext. public key from test vector 2
    ✔ should get m/0/2147483647h/1 ext. public key from m/0/2147483647h public key from test vector 2
    ✔ should get m/0/2147483647h/1/2147483646h ext. private key from test vector 2
    ✔ should get m/0/2147483647h/1/2147483646h ext. public key from test vector 2
    ✔ should get m/0/2147483647h/1/2147483646h/2 ext. private key from test vector 2
    ✔ should get m/0/2147483647h/1/2147483646h/2 ext. public key from test vector 2
    ✔ should get m/0/2147483647h/1/2147483646h/2 ext. public key from m/0/2147483647h/2147483646h public key from test vector 2
    ✔ should use full 32 bytes for private key data that is hashed (as per bip32)
    edge cases
      ✔ will handle edge case that derived private key is invalid
      ✔ will handle edge case that a derive public key is invalid
    seed
      ✔ should initialize a new BIP32 correctly from test vector 1 seed
      ✔ should initialize a new BIP32 correctly from test vector 2 seed

  HDPrivate key interface
    ✔ should make a new private key from random
    ✔ should make a new private key from random for testnet
    ✔ should not be able to change read-only properties
    ✔ should error with an invalid checksum
    ✔ can be rebuilt from a json generated by itself
    ✔ builds a json keeping the structure and same members
    ✔ should make a new private key from random for testnet
    ✔ should make a new private key from random for testnet when passing specific network "testnet3"
    ✔ inspect() displays correctly
    ✔ fails when trying to derive with an invalid argument
    ✔ catches early invalid paths
    ✔ allows derivation of hardened keys by passing a very big number
    ✔ returns itself with 'm' parameter
    ✔ returns InvalidArgument if invalid data is given to getSerializedError
    ✔ returns InvalidLength if data of invalid length is given to getSerializedError
    ✔ returns InvalidNetworkArgument if an invalid network is provided
    ✔ recognizes that the wrong network was asked for
    ✔ recognizes the correct network
    ✔ correctly errors if an invalid checksum is provided
    ✔ correctly validates the checksum
    ✔ shouldn't matter if derivations are made with strings or numbers
    instantiation
      ✔ invalid argument: can not instantiate from a number
      ✔ allows no-new calling
      ✔ allows the use of a copy constructor
    public key
      ✔ matches the network
      ✔ cache for xpubkey works
    on creation from seed
      ✔ converts correctly from an hexa string
      ✔ fails when argument is not a buffer or string
      ✔ fails when argument doesn't provide enough entropy
      ✔ fails when argument provides too much entropy
    validates paths
      ✔ validates correct paths
      ✔ rejects illegal path m/-1/12
      ✔ rejects illegal path bad path
      ✔ rejects illegal path K
      ✔ rejects illegal path m/
      ✔ rejects illegal path m/12asd
      ✔ rejects illegal path m/1/2//3
      ✔ generates deriving indexes correctly
    conversion to/from buffer
      ✔ should roundtrip to/from a buffer
    conversion to plain object/json
      ✔ toObject leaves no Buffer instances
      ✔ roundtrips toObject
      ✔ roundtrips to JSON and to Object
      ✔ recovers state from JSON
      ✔ recovers state from Object

  HDPublicKey interface
    ✔ toString() returns the same value as .xpubkey
    ✔ publicKey property matches network
    ✔ inspect() displays correctly
    creation formats
      ✔ returns same argument if already an instance of HDPublicKey
      ✔ returns the correct xpubkey for a xprivkey
      ✔ allows to call the argument with no "new" keyword
      ✔ fails when user doesn't supply an argument
      ✔ should not be able to change read-only properties
      ✔ doesn't recognize an invalid argument
      ✔ can be generated from a json
      ✔ can generate a json that has a particular structure
      ✔ builds from a buffer object
      ✔ checks the checksum
      xpubkey string serialization errors
        ✔ fails on invalid length
        ✔ fails on invalid base58 encoding
        ✔ user can ask if a string is valid
    error checking on serialization
      ✔ throws invalid argument when argument is not a string or buffer
      ✔ if a network is provided, validates that data corresponds to it
      ✔ recognizes invalid network arguments
      ✔ recognizes a valid network
    conversion to/from buffer
      ✔ should roundtrip to an equivalent object
    conversion to different formats
      ✔ roundtrips to JSON and to Object
      ✔ recovers state from Object
    derivation
      ✔ derivation is the same whether deriving with number or string
      ✔ allows special parameters m, M
      ✔ doesn't allow object arguments for derivation
      ✔ needs first argument for derivation
      ✔ doesn't allow other parameters like m' or M' or "s"
      ✔ can't derive hardened keys
      ✔ can't derive hardened keys via second argument
      ✔ validates correct paths
      ✔ rejects illegal paths
      ✔ should use the cache

  #versionGuard
    ✔ global._dogecore should be defined
    ✔ throw an error if version is already defined

  Networks
    ✔ should contain all Networks
    ✔ should not replace testnet network with regtest
    ✔ will get network based on string "regtest" value
    ✔ should be able to define a custom Network
    ✔ can remove a custom network
    ✔ should not set a network map for an undefined value
    ✔ can remove a custom network by name
    ✔ should have constant name for livenet and testnet
    ✔ should have constant alias for livenet and testnet
    ✔ should have constant pubkeyhash for livenet and testnet
    ✔ should have constant scripthash for livenet and testnet
    ✔ should have constant xpubkey for livenet and testnet
    ✔ should have constant xprivkey for livenet and testnet
    ✔ tests only for the specified key
    ✔ can test for multiple keys
    ✔ converts to string using the "name" property
    ✔ network object should be immutable
    ✔ should have not have network magic or port for testnet
    ✔ should have network magic and port for testnet variant "testnet3"

  Opcode
    ✔ should create a new Opcode
    ✔ should convert to a string with this handy syntax
    ✔ should convert to a number with this handy syntax
    #fromNumber
      ✔ should work for 0
      ✔ should fail for non-number
    #set
      ✔ should work for object
      ✔ should fail for empty-object
    #toNumber
      ✔ should work for 0
    #buffer
      ✔ should correctly input/output a buffer
    #fromString
      ✔ should work for OP_0
      ✔ should fail for invalid string
      ✔ should fail for non-string
    #toString
      ✔ should work for OP_0
      ✔ should not work for non-opcode
    @map
      ✔ should have a map containing 117 elements
    @reverseMap
      ✔ should exist and have op 185
    @smallInt
      ✔ should work for small int OP_0
      ✔ should work for small int OP_1
      ✔ should work for small int OP_2
      ✔ should work for small int OP_3
      ✔ should work for small int OP_4
      ✔ should work for small int OP_5
      ✔ should work for small int OP_6
      ✔ should work for small int OP_7
      ✔ should work for small int OP_8
      ✔ should work for small int OP_9
      ✔ should work for small int OP_10
      ✔ should work for small int OP_11
      ✔ should work for small int OP_12
      ✔ should work for small int OP_13
      ✔ should work for small int OP_14
      ✔ should work for small int OP_15
      ✔ should work for small int OP_16
      ✔ with not number
      ✔ with n equal -1
      ✔ with n equal 17
    @isSmallIntOp
      ✔ should work for small int OP_0
      ✔ should work for small int OP_1
      ✔ should work for small int OP_2
      ✔ should work for small int OP_3
      ✔ should work for small int OP_4
      ✔ should work for small int OP_5
      ✔ should work for small int OP_6
      ✔ should work for small int OP_7
      ✔ should work for small int OP_8
      ✔ should work for small int OP_9
      ✔ should work for small int OP_10
      ✔ should work for small int OP_11
      ✔ should work for small int OP_12
      ✔ should work for small int OP_13
      ✔ should work for small int OP_14
      ✔ should work for small int OP_15
      ✔ should work for small int OP_16
      ✔ should work for non-small ints
    #inspect
      ✔ should output opcode by name, hex, and decimal

  PrivateKey
    ✔ should create a new random private key
    ✔ should create a privatekey from hexa string
    ✔ should create a privatekey from a non-standard hex string
    ✔ should create a new random testnet private key with only one argument
    ✔ should create a private key from a custom network WIF string
    ✔ should create a new random testnet private key with empty data
    ✔ should create a private key from WIF string
    ✔ should create a private key from WIF buffer
    ✔ coverage: public key cache
    ✔ creates an address as expected from WIF, livenet
    ✔ creates an address as expected from WIF, testnet
    bitcoind compliance
      ✔ should instantiate WIF private key 6K7a8wZW8A1oZxNd7wZz8PhgAAaDxybkzNpD1sGVvmSaBmc3Hg2 with correct properties
      ✔ should instantiate WIF private key QP5rQxpaP8HHPEdCEqxTjiHGWRvsyPvzZJeJ9BCxpfT13FN9VesQ with correct properties
      ✔ should instantiate WIF private key 96MAePnF8ppQm8165ABvzSEShnNy3vgxjmMhcqEkQVZ9FtPV2XL with correct properties
      ✔ should instantiate WIF private key ckaDjxhDsVyZTHLUF7uoojCXVYcciUGeEk53VFzKUJsKUKhnbUnZ with correct properties
      ✔ should instantiate WIF private key 6KVnGBP927t1rfowDpRcqYyE7WUX9w814iCNyYwtQEqKxEq8kBa with correct properties
      ✔ should instantiate WIF private key QVi86rdL3APa6TXXwPdRnKfqVfzGv6a993E5LeiHXaGGjE7cpah1 with correct properties
      ✔ should instantiate WIF private key 95zguKdTJ9FznRvT4oUuBdqUxfrXe6qZby53E1GKsc1y5K713pe with correct properties
      ✔ should instantiate WIF private key cmcFP2C5YMhPQpxv3X2i6byHxt21VYyuju7kCiVmUXqihMPshNKe with correct properties
      ✔ should instantiate WIF private key 6Jz9frVjB2g4F7tALvkt6yytWo5vQbLeGdvHPP3TRtZ8NDz7ayS with correct properties
      ✔ should instantiate WIF private key QPyvGzBensKS63stwvzsxrqQafwdFtYYqqmDhuxySpY1jkEKZ6kr with correct properties
      ✔ should instantiate WIF private key 96SJY1FrWHRvDuWtAMCbfZPqUkA6JxQpqjihjpbwrqFYcmLBuMW with correct properties
      ✔ should instantiate WIF private key cjN4SQ4pHBLNnsyDPwjTPRTtoPN4YZoSthpAs2ysuF8kLnUYc12C with correct properties
      ✔ should instantiate WIF private key 6Kr2pQ4e9nGGZH8zYZMGWbeM4bft4L8efsg4jhN3rhMCJfB2Pkx with correct properties
      ✔ should instantiate WIF private key QUsNNw934sS8DjjTNKAkpZbN2RUFW1YaNz6PHYgkFMaj8uWhCuLc with correct properties
      ✔ should instantiate WIF private key 979GQk1egwDTfCWnzeyNVxEiqfoKBudz1FRVooEzcTCb8JA9dau with correct properties
      ✔ should instantiate WIF private key cf2NrvygA68y6ZCAkW2ueCuQ1B8qzyWpjGY38qhjvQgZAFLhRWGB with correct properties
      ✔ should instantiate WIF private key 6KaPu5s64YkVCz5n4oc5FEFVL6qVCh9a8Sdd6BYoE1SN2awEgb5 with correct properties
      ✔ should instantiate WIF private key QRy3VpfeQ9hynFuZe7wJ7aPUNTtFmLrXoWQDtUY7fkoFQsNDLiTu with correct properties
      ✔ should instantiate WIF private key 96fTvLn3vYVp3ztgSEJdH4LfUNUvNdGav8SGD1hzpuupXVQuEWm with correct properties
      ✔ should instantiate WIF private key ckoubjh1yr1Hyg8NPtGwDz4tx91b6qztxrJZgTtdR4Ed9CqAV5cn with correct properties
      ✔ should instantiate WIF private key 6KWRvmWB1YXTp54zTKBPS4QUHbag7aP2CKkJ5eN7YqFcfFRjFaM with correct properties
      ✔ should instantiate WIF private key QVDwi7RFwB1hL2upnnEBn1HjaTexNWSYtkYpdE1VhcY3n7faQ32D with correct properties
      ✔ should instantiate WIF private key 95cdHztwpWKgA4dgw8chw9hjR4yjxNFZrPr9otqgPL5mH9PGesJ with correct properties
      ✔ should instantiate WIF private key ckrhHfB5k7NzVEqEsksYGvh2xSjZiT71oVGGSysP97bGMCkm3EgK with correct properties
      ✔ should describe input ... as invalid
      ✔ should describe input x... as invalid
      ✔ should describe input 37qgekLpCC... as invalid
      ✔ should describe input dzb7VV1Ui5... as invalid
      ✔ should describe input MuNu7ZAEDF... as invalid
      ✔ should describe input rPpQpYknyN... as invalid
      ✔ should describe input 4Uc3FmN6NQ... as invalid
      ✔ should describe input 7aQgR5DFQ2... as invalid
      ✔ should describe input 17QpPprjeg... as invalid
      ✔ should describe input KxuACDviz8... as invalid
      ✔ should describe input 7nK3GSmqdX... as invalid
      ✔ should describe input cTivdBmq7b... as invalid
      ✔ should describe input gjMV4vjNjy... as invalid
      ✔ should describe input emXm1naBMo... as invalid
      ✔ should describe input 7VThQnNRj1... as invalid
      ✔ should describe input 1G9u6oCVCP... as invalid
      ✔ should describe input 31QQ7ZMLkS... as invalid
      ✔ should describe input DHqKSnpxa8... as invalid
      ✔ should describe input 2LUHcJPbwL... as invalid
      ✔ should describe input 7USRzBXAnm... as invalid
      ✔ should describe input 1DGezo7BfV... as invalid
      ✔ should describe input 2D12DqDZKw... as invalid
      ✔ should describe input 8AFJzuTujX... as invalid
      ✔ should describe input 163Q17qLbT... as invalid
      ✔ should describe input 2MnmgiRH4e... as invalid
      ✔ should describe input 461QQ2sYWx... as invalid
      ✔ should describe input 2UCtv53Vtt... as invalid
      ✔ should describe input cSNjAsnhgt... as invalid
      ✔ should describe input gmsow2Y6EW... as invalid
      ✔ should describe input nksUKSkzS7... as invalid
      ✔ should describe input L3favK1UzF... as invalid
      ✔ should describe input 7VxLxGGtYT... as invalid
      ✔ should describe input 2mbZwFXF6c... as invalid
      ✔ should describe input dB7cwYdcPS... as invalid
      ✔ should describe input HPhFUhUAh8... as invalid
      ✔ should describe input 4ctAH6AkHz... as invalid
      ✔ should describe input Hn1uFi4dNe... as invalid
      ✔ should describe input Sq3fDbvutA... as invalid
      ✔ should describe input 6TqWyrqdgU... as invalid
      ✔ should describe input giqJo7oWqF... as invalid
      ✔ should describe input cNzHY5e8vc... as invalid
      ✔ should describe input 37uTe568EY... as invalid
      ✔ should describe input EsYbG4tWWW... as invalid
      ✔ should describe input nbuzhfwMoN... as invalid
      ✔ should describe input cQN9PoxZeC... as invalid
      ✔ should describe input 1Gm3N3rkef... as invalid
      ✔ should describe input 2TAq2tuN6x... as invalid
      ✔ should describe input ntEtnnGhqP... as invalid
      ✔ should describe input Ky1YjoZNgQ... as invalid
      ✔ should describe input 2A1q1YsMZo... as invalid
    instantiation
      ✔ should not be able to instantiate private key greater than N
      ✔ should not be able to instantiate private key because of network mismatch
      ✔ should not be able to instantiate private key WIF is too long
      ✔ should not be able to instantiate private key WIF because of unknown network byte
      ✔ should not be able to instantiate private key WIF because of network mismatch
      ✔ can be instantiated from a hex string
      ✔ should not be able to instantiate because of unrecognized data
      ✔ should not be able to instantiate with unknown network
      ✔ should not create a zero private key
      ✔ should create a livenet private key
      ✔ should create a default network private key
      ✔ returns the same instance if a PrivateKey is provided (immutable)
    #json/object
      ✔ should input/output json
      ✔ input json should correctly initialize network field
      ✔ fails on invalid argument
      ✔ also accepts an object as argument
    #toString
      ✔ should output this address correctly
    #toAddress
      ✔ should output this known livenet address correctly
      ✔ should output this known testnet address correctly
      ✔ creates network specific address
    #inspect
      ✔ should output known livenet address for console
      ✔ should output known testnet address for console
      ✔ outputs "uncompressed" for uncompressed imported WIFs
    #getValidationError
      ✔ should get an error because private key greater than N
      ✔ should validate as false because private key greater than N
      ✔ should recognize that undefined is an invalid private key
      ✔ should validate as true
    buffer serialization
      ✔ returns an expected value when creating a PrivateKey from a buffer
      ✔ roundtrips correctly when using toBuffer/fromBuffer
      ✔ should return buffer with length equal 32
    #toBigNumber
      ✔ should output known BN
    #fromRandom
      ✔ should set bn gt 0 and lt n, and should be compressed
    #fromWIF
      ✔ should parse this compressed testnet address correctly
    #toWIF
      ✔ should parse this compressed testnet address correctly
    #fromString
      ✔ should parse this uncompressed testnet address correctly
    #toString
      ✔ should parse this uncompressed livenet address correctly
    #toPublicKey
      ✔ should convert this known PrivateKey to known PublicKey
      ✔ should have a "publicKey" property
      ✔ should convert this known PrivateKey to known PublicKey and preserve compressed=true
      ✔ should convert this known PrivateKey to known PublicKey and preserve compressed=false

  PublicKey
    validating errors on creation
      ✔ errors if data is missing
      ✔ errors if an invalid point is provided
      ✔ errors if a point not on the secp256k1 curve is provided
      ✔ errors if the argument is of an unrecognized type
    instantiation
      ✔ from a private key
      ✔ problematic secp256k1 public keys
      ✔ from a compressed public key
      ✔ from another publicKey
      ✔ sets the network to defaultNetwork if none provided
      ✔ from a hex encoded DER string
      ✔ from a hex encoded DER buffer
      ✔ from a point
    #getValidationError
      ✔ should recieve an invalid point error
      ✔ should recieve a boolean as false
      ✔ should recieve a boolean as true for uncompressed
      ✔ should recieve a boolean as true for compressed
    #fromPoint
      ✔ should instantiate from a point
      ✔ should error because paramater is not a point
    #json/object
      ✔ should input/ouput json
      ✔ fails if "y" is not provided
      ✔ fails if invalid JSON is provided
      ✔ works for X starting with 0x00
    #fromPrivateKey
      ✔ should make a public key from a privkey
      ✔ should error because not an instance of privkey
    #fromBuffer
      ✔ should parse this uncompressed public key
      ✔ should parse this compressed public key
      ✔ should throw an error on this invalid public key
      ✔ should throw error because not a buffer
      ✔ should throw error because buffer is the incorrect length
    #fromDER
      ✔ should parse this uncompressed public key
      ✔ should parse this compressed public key
      ✔ should throw an error on this invalid public key
    #fromString
      ✔ should parse this known valid public key
    #fromX
      ✔ should create this known public key
      ✔ should error because odd was not included as a param
    #toBuffer
      ✔ should return this compressed DER format
      ✔ should return this uncompressed DER format
    #toDER
      ✔ should return this compressed DER format
      ✔ should return this uncompressed DER format
    #toAddress
      ✔ should output this known mainnet address correctly
      ✔ should output this known testnet address correctly
    #toString
      ✔ should print this known public key
    #inspect
      ✔ should output known uncompressed pubkey for console
      ✔ should output known compressed pubkey for console
      ✔ should output known compressed pubkey with network for console
    #validate
      ✔ should not have an error if pubkey is valid
      ✔ should throw an error if pubkey is invalid
      ✔ should throw an error if pubkey is invalid
      ✔ should throw an error if pubkey is infinity

  Interpreter
    ✔ should make a new interp
    @castToBool
      ✔ should cast these bufs to bool correctly
    #verify
      ✔ should verify these trivial scripts
      ✔ should verify these simple transaction
    bitcoind script evaluation fixtures
      ✔ should EVAL_FALSE script_tests vector #970:  0 0x206e340b9cffb37a989ca544e6bb780a2c78901d3fb33738768511a30617afa01d (Invalid witness script)
      ✔ should WITNESS_PROGRAM_MISMATCH script_tests vector #971:  0 0x206e340b9cffb37a989ca544e6bb780a2c78901d3fb33738768511a30617afa01d (Witness script hash mismatch)
      ✔ should OK script_tests vector #972:  0 0x206e340b9cffb37a989ca544e6bb780a2c78901d3fb33738768511a30617afa01d (Invalid witness script without WITNESS)
      ✔ should OK script_tests vector #973:  0 0x206e340b9cffb37a989ca544e6bb780a2c78901d3fb33738768511a30617afa01d (Witness script hash mismatch without WITNESS)
      ✔ should OK script_tests vector #1059:  0 0x20 0xb95237b48faaa69eb078e1170be3b5cbb3fddf16d0a991e14ad274f7b33a4f64 (Basic P2WSH)
      ✔ should OK script_tests vector #1060:  0 0x14 0x91b24bf9f5288532960ac687abb035127b1d28a5 (Basic P2WPKH)
      ✔ should OK script_tests vector #1061: 0x22 0x0020b95237b48faaa69eb078e1170be3b5cbb3fddf16d0a991e14ad274f7b33a4f64 HASH160 0x14 0xf386c2ba255cc56d20cfa6ea8b062f8b59945518 EQUAL (Basic P2SH(P2WSH))
      ✔ should OK script_tests vector #1062: 0x16 0x001491b24bf9f5288532960ac687abb035127b1d28a5 HASH160 0x14 0x17743beb429c55c942d2ec703b98c4d57c2df5c6 EQUAL (Basic P2SH(P2WPKH))
      ✔ should EVAL_FALSE script_tests vector #1063:  0 0x20 0xac8ebd9e52c17619a381fa4f71aebb696087c6ef17c960fd0587addad99c0610 (Basic P2WSH with the wrong key)
      ✔ should EVAL_FALSE script_tests vector #1064:  0 0x14 0x7cf9c846cd4882efec4bf07e44ebdad495c94f4b (Basic P2WPKH with the wrong key)
      ✔ should EVAL_FALSE script_tests vector #1065: 0x22 0x0020ac8ebd9e52c17619a381fa4f71aebb696087c6ef17c960fd0587addad99c0610 HASH160 0x14 0x61039a003883787c0d6ebc66d97fdabe8e31449d EQUAL (Basic P2SH(P2WSH) with the wrong key)
      ✔ should EVAL_FALSE script_tests vector #1066: 0x16 0x00147cf9c846cd4882efec4bf07e44ebdad495c94f4b HASH160 0x14 0x4e0c2aed91315303fc6a1dc4c7bc21c88f75402e EQUAL (Basic P2SH(P2WPKH) with the wrong key)
      ✔ should OK script_tests vector #1067:  0 0x20 0xac8ebd9e52c17619a381fa4f71aebb696087c6ef17c960fd0587addad99c0610 (Basic P2WSH with the wrong key but no WITNESS)
      ✔ should OK script_tests vector #1068:  0 0x14 0x7cf9c846cd4882efec4bf07e44ebdad495c94f4b (Basic P2WPKH with the wrong key but no WITNESS)
      ✔ should OK script_tests vector #1069: 0x22 0x0020ac8ebd9e52c17619a381fa4f71aebb696087c6ef17c960fd0587addad99c0610 HASH160 0x14 0x61039a003883787c0d6ebc66d97fdabe8e31449d EQUAL (Basic P2SH(P2WSH) with the wrong key but no WITNESS)
      ✔ should OK script_tests vector #1070: 0x16 0x00147cf9c846cd4882efec4bf07e44ebdad495c94f4b HASH160 0x14 0x4e0c2aed91315303fc6a1dc4c7bc21c88f75402e EQUAL (Basic P2SH(P2WPKH) with the wrong key but no WITNESS)
      ✔ should EVAL_FALSE script_tests vector #1071:  0 0x20 0xb95237b48faaa69eb078e1170be3b5cbb3fddf16d0a991e14ad274f7b33a4f64 (Basic P2WSH with wrong value)
      ✔ should EVAL_FALSE script_tests vector #1072:  0 0x14 0x91b24bf9f5288532960ac687abb035127b1d28a5 (Basic P2WPKH with wrong value)
      ✔ should EVAL_FALSE script_tests vector #1073: 0x22 0x0020b95237b48faaa69eb078e1170be3b5cbb3fddf16d0a991e14ad274f7b33a4f64 HASH160 0x14 0xf386c2ba255cc56d20cfa6ea8b062f8b59945518 EQUAL (Basic P2SH(P2WSH) with wrong value)
      ✔ should EVAL_FALSE script_tests vector #1074: 0x16 0x001491b24bf9f5288532960ac687abb035127b1d28a5 HASH160 0x14 0x17743beb429c55c942d2ec703b98c4d57c2df5c6 EQUAL (Basic P2SH(P2WPKH) with wrong value)
      ✔ should DISCOURAGE_UPGRADABLE_WITNESS_PROGRAM script_tests vector #1075:  1 0x14 0x91b24bf9f5288532960ac687abb035127b1d28a5 (P2WPKH with future witness version)
      ✔ should WITNESS_PROGRAM_WRONG_LENGTH script_tests vector #1076:  0 0x1f 0xb34b78da162751647974d5cb7410aa428ad339dbf7d1e16e833f68a0cbf1c3 (P2WPKH with wrong witness program length)
      ✔ should WITNESS_PROGRAM_MISMATCH script_tests vector #1078:  0 0x20 0xb95237b48faaa69eb078e1170be3b5cbb3fddf16d0a991e14ad274f7b33a4f64 (P2WSH with witness program mismatch)
      ✔ should WITNESS_PROGRAM_MISMATCH script_tests vector #1079:  0 0x14 0x91b24bf9f5288532960ac687abb035127b1d28a5 (P2WPKH with witness program mismatch)
      ✔ should WITNESS_MALLEATED script_tests vector #1080: 11 0 0x14 0x91b24bf9f5288532960ac687abb035127b1d28a5 (P2WPKH with non-empty scriptSig)
      ✔ should WITNESS_MALLEATED_P2SH script_tests vector #1081: 11 0x16 0x00147cf9c846cd4882efec4bf07e44ebdad495c94f4b HASH160 0x14 0x4e0c2aed91315303fc6a1dc4c7bc21c88f75402e EQUAL (P2SH(P2WPKH) with superfluous push in scriptSig)
      ✔ should WITNESS_UNEXPECTED script_tests vector #1082: 0x47 0x304402200a5c6163f07b8d3b013c4d1d6dba25e780b39658d79ba37af7057a3b7f15ffa102201fd9b4eaa9943f734928b99a83592c2e7bf342ea2680f6a2bb705167966b742001 0x41 0x0479be667ef9dcbbac55a06295ce870b07029bfcdb2dce28d959f2815b16f81798483ada7726a3c4655da4fbfc0e1108a8fd17b448a68554199c47d08ffb10d4b8 CHECKSIG (P2PK with witness)
      ✔ should OK script_tests vector #1083:  0 0x20 0x1863143c14c5166804bd19203356da136c985678cd4d27a1b8c6329604903262 (Basic P2WSH with compressed key)
      ✔ should OK script_tests vector #1084:  0 0x14 0x751e76e8199196d454941c45d1b3a323f1433bd6 (Basic P2WPKH with compressed key)
      ✔ should OK script_tests vector #1085: 0x22 0x00201863143c14c5166804bd19203356da136c985678cd4d27a1b8c6329604903262 HASH160 0x14 0xe4300531190587e3880d4c3004f5355d88ff928d EQUAL (Basic P2SH(P2WSH) with compressed key)
      ✔ should OK script_tests vector #1086: 0x16 0x0014751e76e8199196d454941c45d1b3a323f1433bd6 HASH160 0x14 0xbcfeb728b584253d5f3f70bcb780e9ef218a68f4 EQUAL (Basic P2SH(P2WPKH) with compressed key)
      ✔ should WITNESS_PUBKEYTYPE script_tests vector #1087:  0 0x20 0xb95237b48faaa69eb078e1170be3b5cbb3fddf16d0a991e14ad274f7b33a4f64 (Basic P2WSH)
      ✔ should WITNESS_PUBKEYTYPE script_tests vector #1088:  0 0x14 0x91b24bf9f5288532960ac687abb035127b1d28a5 (Basic P2WPKH)
      ✔ should WITNESS_PUBKEYTYPE script_tests vector #1089: 0x22 0x0020b95237b48faaa69eb078e1170be3b5cbb3fddf16d0a991e14ad274f7b33a4f64 HASH160 0x14 0xf386c2ba255cc56d20cfa6ea8b062f8b59945518 EQUAL (Basic P2SH(P2WSH))
      ✔ should WITNESS_PUBKEYTYPE script_tests vector #1090: 0x16 0x001491b24bf9f5288532960ac687abb035127b1d28a5 HASH160 0x14 0x17743beb429c55c942d2ec703b98c4d57c2df5c6 EQUAL (Basic P2SH(P2WPKH))
      ✔ should OK script_tests vector #1091:  0 0x20 0x06c24420938f0fa3c1cb2707d867154220dca365cdbfa0dd2a83854730221460 (P2WSH CHECKMULTISIG with compressed keys)
      ✔ should OK script_tests vector #1092: 0x22 0x002006c24420938f0fa3c1cb2707d867154220dca365cdbfa0dd2a83854730221460 HASH160 0x14 0x26282aad7c29369d15fed062a778b6100d31a340 EQUAL (P2SH(P2WSH) CHECKMULTISIG with compressed keys)
      ✔ should OK script_tests vector #1093:  0 0x20 0x06c24420938f0fa3c1cb2707d867154220dca365cdbfa0dd2a83854730221460 (P2WSH CHECKMULTISIG with compressed keys)
      ✔ should OK script_tests vector #1094: 0x22 0x002006c24420938f0fa3c1cb2707d867154220dca365cdbfa0dd2a83854730221460 HASH160 0x14 0x26282aad7c29369d15fed062a778b6100d31a340 EQUAL (P2SH(P2WSH) CHECKMULTISIG with compressed keys)
      ✔ should OK script_tests vector #1095:  0 0x20 0x08a6665ebfd43b02323423e764e185d98d1587f903b81507dbb69bfc41005efa (P2WSH CHECKMULTISIG with first key uncompressed and signing with the first key)
      ✔ should OK script_tests vector #1096: 0x22 0x002008a6665ebfd43b02323423e764e185d98d1587f903b81507dbb69bfc41005efa HASH160 0x14 0x6f5ecd4b83b77f3c438f5214eff96454934fc5d1 EQUAL (P2SH(P2WSH) CHECKMULTISIG first key uncompressed and signing with the first key)
      ✔ should WITNESS_PUBKEYTYPE script_tests vector #1097:  0 0x20 0x08a6665ebfd43b02323423e764e185d98d1587f903b81507dbb69bfc41005efa (P2WSH CHECKMULTISIG with first key uncompressed and signing with the first key)
      ✔ should WITNESS_PUBKEYTYPE script_tests vector #1098: 0x22 0x002008a6665ebfd43b02323423e764e185d98d1587f903b81507dbb69bfc41005efa HASH160 0x14 0x6f5ecd4b83b77f3c438f5214eff96454934fc5d1 EQUAL (P2SH(P2WSH) CHECKMULTISIG with first key uncompressed and signing with the first key)
      ✔ should OK script_tests vector #1099:  0 0x20 0x08a6665ebfd43b02323423e764e185d98d1587f903b81507dbb69bfc41005efa (P2WSH CHECKMULTISIG with first key uncompressed and signing with the second key)
      ✔ should OK script_tests vector #1100: 0x22 0x002008a6665ebfd43b02323423e764e185d98d1587f903b81507dbb69bfc41005efa HASH160 0x14 0x6f5ecd4b83b77f3c438f5214eff96454934fc5d1 EQUAL (P2SH(P2WSH) CHECKMULTISIG with first key uncompressed and signing with the second key)
      ✔ should WITNESS_PUBKEYTYPE script_tests vector #1101:  0 0x20 0x08a6665ebfd43b02323423e764e185d98d1587f903b81507dbb69bfc41005efa (P2WSH CHECKMULTISIG with first key uncompressed and signing with the second key)
      ✔ should WITNESS_PUBKEYTYPE script_tests vector #1102: 0x22 0x002008a6665ebfd43b02323423e764e185d98d1587f903b81507dbb69bfc41005efa HASH160 0x14 0x6f5ecd4b83b77f3c438f5214eff96454934fc5d1 EQUAL (P2SH(P2WSH) CHECKMULTISIG with first key uncompressed and signing with the second key)
      ✔ should OK script_tests vector #1103:  0 0x20 0x230828ed48871f0f362ce9432aa52f620f442cc8d9ce7a8b5e798365595a38bb (P2WSH CHECKMULTISIG with second key uncompressed and signing with the first key)
      ✔ should OK script_tests vector #1104: 0x22 0x0020230828ed48871f0f362ce9432aa52f620f442cc8d9ce7a8b5e798365595a38bb HASH160 0x14 0x3478e7019ce61a68148f87549579b704cbe4c393 EQUAL (P2SH(P2WSH) CHECKMULTISIG second key uncompressed and signing with the first key)
      ✔ should OK script_tests vector #1105:  0 0x20 0x230828ed48871f0f362ce9432aa52f620f442cc8d9ce7a8b5e798365595a38bb (P2WSH CHECKMULTISIG with second key uncompressed and signing with the first key should pass as the uncompressed key is not used)
      ✔ should OK script_tests vector #1106: 0x22 0x0020230828ed48871f0f362ce9432aa52f620f442cc8d9ce7a8b5e798365595a38bb HASH160 0x14 0x3478e7019ce61a68148f87549579b704cbe4c393 EQUAL (P2SH(P2WSH) CHECKMULTISIG with second key uncompressed and signing with the first key should pass as the uncompressed key is not used)
      ✔ should OK script_tests vector #1107:  0 0x20 0x230828ed48871f0f362ce9432aa52f620f442cc8d9ce7a8b5e798365595a38bb (P2WSH CHECKMULTISIG with second key uncompressed and signing with the second key)
      ✔ should OK script_tests vector #1108: 0x22 0x0020230828ed48871f0f362ce9432aa52f620f442cc8d9ce7a8b5e798365595a38bb HASH160 0x14 0x3478e7019ce61a68148f87549579b704cbe4c393 EQUAL (P2SH(P2WSH) CHECKMULTISIG with second key uncompressed and signing with the second key)
      ✔ should WITNESS_PUBKEYTYPE script_tests vector #1109:  0 0x20 0x230828ed48871f0f362ce9432aa52f620f442cc8d9ce7a8b5e798365595a38bb (P2WSH CHECKMULTISIG with second key uncompressed and signing with the second key)
      ✔ should WITNESS_PUBKEYTYPE script_tests vector #1110: 0x22 0x0020230828ed48871f0f362ce9432aa52f620f442cc8d9ce7a8b5e798365595a38bb HASH160 0x14 0x3478e7019ce61a68148f87549579b704cbe4c393 EQUAL (P2SH(P2WSH) CHECKMULTISIG with second key uncompressed and signing with the second key)
      ✔ should OK script_tests vector #1138:  0 0x20 0xc7eaf06d5ae01a58e376e126eb1e6fab2036076922b96b2711ffbec1e590665d
      ✔ should OK script_tests vector #1139:  0 0x20 0xc7eaf06d5ae01a58e376e126eb1e6fab2036076922b96b2711ffbec1e590665d
      ✔ should OK script_tests vector #1140:  0 0x20 0xc7eaf06d5ae01a58e376e126eb1e6fab2036076922b96b2711ffbec1e590665d
      ✔ should EVAL_FALSE script_tests vector #1141:  0 0x20 0xc7eaf06d5ae01a58e376e126eb1e6fab2036076922b96b2711ffbec1e590665d
      ✔ should EVAL_FALSE script_tests vector #1142:  0 0x20 0xc7eaf06d5ae01a58e376e126eb1e6fab2036076922b96b2711ffbec1e590665d
      ✔ should OK script_tests vector #1143:  0 0x20 0xc7eaf06d5ae01a58e376e126eb1e6fab2036076922b96b2711ffbec1e590665d
      ✔ should MINIMALIF script_tests vector #1144:  0 0x20 0xc7eaf06d5ae01a58e376e126eb1e6fab2036076922b96b2711ffbec1e590665d
      ✔ should MINIMALIF script_tests vector #1145:  0 0x20 0xc7eaf06d5ae01a58e376e126eb1e6fab2036076922b96b2711ffbec1e590665d
      ✔ should EVAL_FALSE script_tests vector #1146:  0 0x20 0xc7eaf06d5ae01a58e376e126eb1e6fab2036076922b96b2711ffbec1e590665d
      ✔ should MINIMALIF script_tests vector #1147:  0 0x20 0xc7eaf06d5ae01a58e376e126eb1e6fab2036076922b96b2711ffbec1e590665d
      ✔ should UNBALANCED_CONDITIONAL script_tests vector #1148:  0 0x20 0xc7eaf06d5ae01a58e376e126eb1e6fab2036076922b96b2711ffbec1e590665d
      ✔ should UNBALANCED_CONDITIONAL script_tests vector #1149:  0 0x20 0xc7eaf06d5ae01a58e376e126eb1e6fab2036076922b96b2711ffbec1e590665d
      ✔ should EVAL_FALSE script_tests vector #1150:  0 0x20 0xf913eacf2e38a5d6fc3a8311d72ae704cb83866350a984dd3e5eb76d2a8c28e8
      ✔ should EVAL_FALSE script_tests vector #1151:  0 0x20 0xf913eacf2e38a5d6fc3a8311d72ae704cb83866350a984dd3e5eb76d2a8c28e8
      ✔ should EVAL_FALSE script_tests vector #1152:  0 0x20 0xf913eacf2e38a5d6fc3a8311d72ae704cb83866350a984dd3e5eb76d2a8c28e8
      ✔ should OK script_tests vector #1153:  0 0x20 0xf913eacf2e38a5d6fc3a8311d72ae704cb83866350a984dd3e5eb76d2a8c28e8
      ✔ should OK script_tests vector #1154:  0 0x20 0xf913eacf2e38a5d6fc3a8311d72ae704cb83866350a984dd3e5eb76d2a8c28e8
      ✔ should EVAL_FALSE script_tests vector #1155:  0 0x20 0xf913eacf2e38a5d6fc3a8311d72ae704cb83866350a984dd3e5eb76d2a8c28e8
      ✔ should MINIMALIF script_tests vector #1156:  0 0x20 0xf913eacf2e38a5d6fc3a8311d72ae704cb83866350a984dd3e5eb76d2a8c28e8
      ✔ should MINIMALIF script_tests vector #1157:  0 0x20 0xf913eacf2e38a5d6fc3a8311d72ae704cb83866350a984dd3e5eb76d2a8c28e8
      ✔ should OK script_tests vector #1158:  0 0x20 0xf913eacf2e38a5d6fc3a8311d72ae704cb83866350a984dd3e5eb76d2a8c28e8
      ✔ should MINIMALIF script_tests vector #1159:  0 0x20 0xf913eacf2e38a5d6fc3a8311d72ae704cb83866350a984dd3e5eb76d2a8c28e8
      ✔ should UNBALANCED_CONDITIONAL script_tests vector #1160:  0 0x20 0xf913eacf2e38a5d6fc3a8311d72ae704cb83866350a984dd3e5eb76d2a8c28e8
      ✔ should UNBALANCED_CONDITIONAL script_tests vector #1161:  0 0x20 0xf913eacf2e38a5d6fc3a8311d72ae704cb83866350a984dd3e5eb76d2a8c28e8
      ✔ should OK script_tests vector #1162: 0x22 0x0020c7eaf06d5ae01a58e376e126eb1e6fab2036076922b96b2711ffbec1e590665d HASH160 0x14 0x9b27ee6d9010c21bf837b334d043be5d150e7ba7 EQUAL
      ✔ should OK script_tests vector #1163: 0x22 0x0020c7eaf06d5ae01a58e376e126eb1e6fab2036076922b96b2711ffbec1e590665d HASH160 0x14 0x9b27ee6d9010c21bf837b334d043be5d150e7ba7 EQUAL
      ✔ should OK script_tests vector #1164: 0x22 0x0020c7eaf06d5ae01a58e376e126eb1e6fab2036076922b96b2711ffbec1e590665d HASH160 0x14 0x9b27ee6d9010c21bf837b334d043be5d150e7ba7 EQUAL
      ✔ should EVAL_FALSE script_tests vector #1165: 0x22 0x0020c7eaf06d5ae01a58e376e126eb1e6fab2036076922b96b2711ffbec1e590665d HASH160 0x14 0x9b27ee6d9010c21bf837b334d043be5d150e7ba7 EQUAL
      ✔ should EVAL_FALSE script_tests vector #1166: 0x22 0x0020c7eaf06d5ae01a58e376e126eb1e6fab2036076922b96b2711ffbec1e590665d HASH160 0x14 0x9b27ee6d9010c21bf837b334d043be5d150e7ba7 EQUAL
      ✔ should OK script_tests vector #1167: 0x22 0x0020c7eaf06d5ae01a58e376e126eb1e6fab2036076922b96b2711ffbec1e590665d HASH160 0x14 0x9b27ee6d9010c21bf837b334d043be5d150e7ba7 EQUAL
      ✔ should MINIMALIF script_tests vector #1168: 0x22 0x0020c7eaf06d5ae01a58e376e126eb1e6fab2036076922b96b2711ffbec1e590665d HASH160 0x14 0x9b27ee6d9010c21bf837b334d043be5d150e7ba7 EQUAL
      ✔ should MINIMALIF script_tests vector #1169: 0x22 0x0020c7eaf06d5ae01a58e376e126eb1e6fab2036076922b96b2711ffbec1e590665d HASH160 0x14 0x9b27ee6d9010c21bf837b334d043be5d150e7ba7 EQUAL
      ✔ should EVAL_FALSE script_tests vector #1170: 0x22 0x0020c7eaf06d5ae01a58e376e126eb1e6fab2036076922b96b2711ffbec1e590665d HASH160 0x14 0x9b27ee6d9010c21bf837b334d043be5d150e7ba7 EQUAL
      ✔ should MINIMALIF script_tests vector #1171: 0x22 0x0020c7eaf06d5ae01a58e376e126eb1e6fab2036076922b96b2711ffbec1e590665d HASH160 0x14 0x9b27ee6d9010c21bf837b334d043be5d150e7ba7 EQUAL
      ✔ should UNBALANCED_CONDITIONAL script_tests vector #1172: 0x22 0x0020c7eaf06d5ae01a58e376e126eb1e6fab2036076922b96b2711ffbec1e590665d HASH160 0x14 0x9b27ee6d9010c21bf837b334d043be5d150e7ba7 EQUAL
      ✔ should UNBALANCED_CONDITIONAL script_tests vector #1173: 0x22 0x0020c7eaf06d5ae01a58e376e126eb1e6fab2036076922b96b2711ffbec1e590665d HASH160 0x14 0x9b27ee6d9010c21bf837b334d043be5d150e7ba7 EQUAL
      ✔ should EVAL_FALSE script_tests vector #1174: 0x22 0x0020f913eacf2e38a5d6fc3a8311d72ae704cb83866350a984dd3e5eb76d2a8c28e8 HASH160 0x14 0xdbb7d1c0a56b7a9c423300c8cca6e6e065baf1dc EQUAL
      ✔ should EVAL_FALSE script_tests vector #1175: 0x22 0x0020f913eacf2e38a5d6fc3a8311d72ae704cb83866350a984dd3e5eb76d2a8c28e8 HASH160 0x14 0xdbb7d1c0a56b7a9c423300c8cca6e6e065baf1dc EQUAL
      ✔ should EVAL_FALSE script_tests vector #1176: 0x22 0x0020f913eacf2e38a5d6fc3a8311d72ae704cb83866350a984dd3e5eb76d2a8c28e8 HASH160 0x14 0xdbb7d1c0a56b7a9c423300c8cca6e6e065baf1dc EQUAL
      ✔ should OK script_tests vector #1177: 0x22 0x0020f913eacf2e38a5d6fc3a8311d72ae704cb83866350a984dd3e5eb76d2a8c28e8 HASH160 0x14 0xdbb7d1c0a56b7a9c423300c8cca6e6e065baf1dc EQUAL
      ✔ should OK script_tests vector #1178: 0x22 0x0020f913eacf2e38a5d6fc3a8311d72ae704cb83866350a984dd3e5eb76d2a8c28e8 HASH160 0x14 0xdbb7d1c0a56b7a9c423300c8cca6e6e065baf1dc EQUAL
      ✔ should EVAL_FALSE script_tests vector #1179: 0x22 0x0020f913eacf2e38a5d6fc3a8311d72ae704cb83866350a984dd3e5eb76d2a8c28e8 HASH160 0x14 0xdbb7d1c0a56b7a9c423300c8cca6e6e065baf1dc EQUAL
      ✔ should MINIMALIF script_tests vector #1180: 0x22 0x0020f913eacf2e38a5d6fc3a8311d72ae704cb83866350a984dd3e5eb76d2a8c28e8 HASH160 0x14 0xdbb7d1c0a56b7a9c423300c8cca6e6e065baf1dc EQUAL
      ✔ should MINIMALIF script_tests vector #1181: 0x22 0x0020f913eacf2e38a5d6fc3a8311d72ae704cb83866350a984dd3e5eb76d2a8c28e8 HASH160 0x14 0xdbb7d1c0a56b7a9c423300c8cca6e6e065baf1dc EQUAL
      ✔ should OK script_tests vector #1182: 0x22 0x0020f913eacf2e38a5d6fc3a8311d72ae704cb83866350a984dd3e5eb76d2a8c28e8 HASH160 0x14 0xdbb7d1c0a56b7a9c423300c8cca6e6e065baf1dc EQUAL
      ✔ should MINIMALIF script_tests vector #1183: 0x22 0x0020f913eacf2e38a5d6fc3a8311d72ae704cb83866350a984dd3e5eb76d2a8c28e8 HASH160 0x14 0xdbb7d1c0a56b7a9c423300c8cca6e6e065baf1dc EQUAL
      ✔ should UNBALANCED_CONDITIONAL script_tests vector #1184: 0x22 0x0020f913eacf2e38a5d6fc3a8311d72ae704cb83866350a984dd3e5eb76d2a8c28e8 HASH160 0x14 0xdbb7d1c0a56b7a9c423300c8cca6e6e065baf1dc EQUAL
      ✔ should UNBALANCED_CONDITIONAL script_tests vector #1185: 0x22 0x0020f913eacf2e38a5d6fc3a8311d72ae704cb83866350a984dd3e5eb76d2a8c28e8 HASH160 0x14 0xdbb7d1c0a56b7a9c423300c8cca6e6e065baf1dc EQUAL
    bitcoind transaction evaluation fixtures
      ✔ should pass tx_valid vector 1 -- It is also the first OP_CHECKMULTISIG transaction in standard form
      ✔ should pass tx_valid vector 2 -- The dummy byte is fine however, so the NULLDUMMY flag should be happy
      ✔ should pass tx_valid vector 3 -- It is an OP_CHECKMULTISIG with the dummy value set to something other than an empty string
      ✔ should pass tx_valid vector 4 -- As above, but using a OP_1
      ✔ should pass tx_valid vector 5 -- As above, but using a OP_1NEGATE
      ✔ should pass tx_valid vector 6 -- It is of interest because it contains a 0-sequence as well as a signature of SIGHASH type 0 (which is not a real type)
      ✔ should pass tx_valid vector 7 -- A nearly-standard transaction with CHECKSIGVERIFY 1 instead of CHECKSIG
      ✔ should pass tx_valid vector 8 -- Same as above, but with the signature duplicated in the scriptPubKey with the proper pushdata prefix
      ✔ should pass tx_valid vector 9 -- It caught a bug in the workaround for 23b397edccd3740a74adb603c9756370fafcde9bcc4483eb271ecad09a94dd63 in an overly simple implementation
      ✔ should pass tx_valid vector 10 -- when the input doing the signing has an index greater than the maximum output index
      ✔ should pass tx_valid vector 11 -- An invalid P2SH Transaction
      ✔ should pass tx_valid vector 12 -- A valid P2SH Transaction using the standard transaction type put forth in BIP 16
      ✔ should pass tx_valid vector 13 -- MAX_MONEY output
      ✔ should pass tx_valid vector 14 -- MAX_MONEY output + 0 output
      ✔ should pass tx_valid vector 15 -- Note the input is just required to make the tester happy
      ✔ should pass tx_valid vector 16 -- Note the input is just required to make the tester happy
      ✔ should pass tx_valid vector 17 -- Simple transaction with first input is signed with SIGHASH_ALL, second with SIGHASH_ANYONECANPAY
      ✔ should pass tx_valid vector 18 -- Same as above, but we change the sequence number of the first input to check that SIGHASH_ANYONECANPAY is being followed
      ✔ should pass tx_valid vector 19 -- afd9c17f8913577ec3509520bd6e5d63e9c0fd2a5f70c787993b097ba6ca9fae which has several SIGHASH_SINGLE signatures
      ✔ should pass tx_valid vector 20 -- ddc454a1c0c35c188c98976b17670f69e586d9c0f3593ea879928332f0a069e7, which spends an input that pushes using a PUSHDATA1 that is negative when read as signed
      ✔ should pass tx_valid vector 21 -- Note the input is just required to make the tester happy
      ✔ should pass tx_valid vector 22 -- cc60b1f899ec0a69b7c3f25ddf32c4524096a9c5b01cbd84c6d0312a0c478984, which is a fairly strange transaction which relies on OP_CHECKSIG returning 0 when checking a completely invalid sig of length 0
      ✔ should pass tx_valid vector 23 -- Empty pubkey
      ✔ should pass tx_valid vector 24 -- Empty signature
      ✔ should pass tx_valid vector 25 -- Empty signature
      ✔ should pass tx_valid vector 26 -- Empty signature
      ✔ should pass tx_valid vector 27 -- Empty signature
      ✔ should pass tx_valid vector 28 -- Empty signature
      ✔ should pass tx_valid vector 29 -- Test that SignatureHash() removes OP_CODESEPARATOR with FindAndDelete()
      ✔ should pass tx_valid vector 30 -- Test that SignatureHash() removes OP_CODESEPARATOR with FindAndDelete()
      ✔ should pass tx_valid vector 31 -- Hashed data starts at the CODESEPARATOR
      ✔ should pass tx_valid vector 32 -- But only if execution has reached it
      ✔ should pass tx_valid vector 33 -- CODESEPARATOR in an unexecuted IF block does not change what is hashed
      ✔ should pass tx_valid vector 34 -- As above, with the IF block executed
      ✔ should pass tx_valid vector 35 -- CHECKSIG is legal in scriptSigs
      ✔ should pass tx_valid vector 36 -- Same semantics for OP_CODESEPARATOR
      ✔ should pass tx_valid vector 37 -- Signatures are removed from the script they are in by FindAndDelete() in the CHECKSIG code; even multiple instances of one signature can be removed.
      ✔ should pass tx_valid vector 38 -- That also includes ahead of the opcode being executed.
      ✔ should pass tx_valid vector 39 -- Here's an example on mainnet within a P2SH redeemScript. Remarkably it's a standard transaction in <0.9
      ✔ should pass tx_valid vector 40 -- Same idea, but with bare CHECKMULTISIG
      ✔ should pass tx_valid vector 41 -- By-height locks, with argument == 0 and == tx nLockTime
      ✔ should pass tx_valid vector 42 -- By-height locks, with argument == 0 and == tx nLockTime
      ✔ should pass tx_valid vector 43 -- By-height locks, with argument == 0 and == tx nLockTime
      ✔ should pass tx_valid vector 44 -- By-time locks, with argument just beyond tx nLockTime (but within numerical boundaries)
      ✔ should pass tx_valid vector 45 -- By-time locks, with argument just beyond tx nLockTime (but within numerical boundaries)
      ✔ should pass tx_valid vector 46 -- By-time locks, with argument just beyond tx nLockTime (but within numerical boundaries)
      ✔ should pass tx_valid vector 47 -- Any non-maxint nSequence is fine
      ✔ should pass tx_valid vector 48 -- The argument can be calculated rather than created directly by a PUSHDATA
      ✔ should pass tx_valid vector 49 -- Perhaps even by an ADD producing a 5-byte result that is out of bounds for other opcodes
      ✔ should pass tx_valid vector 50 -- 5 byte non-minimally-encoded arguments are valid
      ✔ should pass tx_valid vector 51 -- Valid CHECKLOCKTIMEVERIFY in scriptSig
      ✔ should pass tx_valid vector 52 -- Valid CHECKLOCKTIMEVERIFY in redeemScript
      ✔ should pass tx_valid vector 53 -- A transaction with a non-standard DER signature.
      ✔ should pass tx_valid vector 54 -- By-height locks, with argument == 0 and == txin.nSequence
      ✔ should pass tx_valid vector 55 -- By-height locks, with argument == 0 and == txin.nSequence
      ✔ should pass tx_valid vector 56 -- By-height locks, with argument == 0 and == txin.nSequence
      ✔ should pass tx_valid vector 57 -- By-height locks, with argument == 0 and == txin.nSequence
      ✔ should pass tx_valid vector 58 -- By-time locks, with argument == 0 and == txin.nSequence
      ✔ should pass tx_valid vector 59 -- By-time locks, with argument == 0 and == txin.nSequence
      ✔ should pass tx_valid vector 60 -- By-time locks, with argument == 0 and == txin.nSequence
      ✔ should pass tx_valid vector 61 -- By-time locks, with argument == 0 and == txin.nSequence
      ✔ should pass tx_valid vector 62 -- Upper sequence with upper sequence is fine
      ✔ should pass tx_valid vector 63 -- Upper sequence with upper sequence is fine
      ✔ should pass tx_valid vector 64 -- Upper sequence with upper sequence is fine
      ✔ should pass tx_valid vector 65 -- Upper sequence with upper sequence is fine
      ✔ should pass tx_valid vector 66 -- Upper sequence with upper sequence is fine
      ✔ should pass tx_valid vector 67 -- Upper sequence with upper sequence is fine
      ✔ should pass tx_valid vector 68 -- Argument 2^31 with various nSequence
      ✔ should pass tx_valid vector 69 -- Argument 2^31 with various nSequence
      ✔ should pass tx_valid vector 70 -- Argument 2^31 with various nSequence
      ✔ should pass tx_valid vector 71 -- Argument 2^32-1 with various nSequence
      ✔ should pass tx_valid vector 72 -- Argument 2^32-1 with various nSequence
      ✔ should pass tx_valid vector 73 -- Argument 2^32-1 with various nSequence
      ✔ should pass tx_valid vector 74 -- Argument 3<<31 with various nSequence
      ✔ should pass tx_valid vector 75 -- Argument 3<<31 with various nSequence
      ✔ should pass tx_valid vector 76 -- Argument 3<<31 with various nSequence
      ✔ should pass tx_valid vector 77 -- 5 byte non-minimally-encoded operandss are valid
      ✔ should pass tx_valid vector 78 -- The argument can be calculated rather than created directly by a PUSHDATA
      ✔ should pass tx_valid vector 79 -- The argument can be calculated rather than created directly by a PUSHDATA
      ✔ should pass tx_valid vector 80 -- An ADD producing a 5-byte result that sets CTxIn::SEQUENCE_LOCKTIME_DISABLE_FLAG
      ✔ should pass tx_valid vector 81 -- An ADD producing a 5-byte result that sets CTxIn::SEQUENCE_LOCKTIME_DISABLE_FLAG
      ✔ should pass tx_valid vector 82 -- Valid CHECKSEQUENCEVERIFY in scriptSig
      ✔ should pass tx_valid vector 83 -- Valid CHECKSEQUENCEVERIFY in redeemScript
      ✔ should pass tx_valid vector 84 -- Valid P2WPKH (Private key of segwit tests is L5AQtV2HDm4xGsseLokK2VAT2EtYKcTm3c7HwqnJBFt9LdaQULsM)
      ✔ should pass tx_valid vector 85 -- Valid P2WSH
      ✔ should pass tx_valid vector 86 -- Valid P2SH(P2WPKH)
      ✔ should pass tx_valid vector 87 -- Valid P2SH(P2WSH)
      ✔ should pass tx_valid vector 88 -- Witness with SigHash Single|AnyoneCanPay
      ✔ should pass tx_valid vector 89 -- Witness with SigHash Single|AnyoneCanPay (same signature as previous)
      ✔ should pass tx_valid vector 90 -- Witness with SigHash Single
      ✔ should pass tx_valid vector 91 -- Witness with SigHash Single (same signature as previous)
      ✔ should pass tx_valid vector 92 -- Witness with SigHash None|AnyoneCanPay
      ✔ should pass tx_valid vector 93 -- Witness with SigHash None|AnyoneCanPay (same signature as previous)
      ✔ should pass tx_valid vector 94 -- Witness with SigHash None
      ✔ should pass tx_valid vector 95 -- Witness with SigHash None (same signature as previous)
      ✔ should pass tx_valid vector 96 -- Witness with SigHash None (same signature, only sequences changed)
      ✔ should pass tx_valid vector 97 -- Witness with SigHash All|AnyoneCanPay
      ✔ should pass tx_valid vector 98 -- Witness with SigHash All|AnyoneCanPay (same signature as previous)
      ✔ should pass tx_valid vector 99 -- Unknown witness program version  (without DISCOURAGE_UPGRADABLE_WITNESS_PROGRAM)
      ✔ should pass tx_valid vector 100 -- Witness with a push of 520 bytes
      ✔ should pass tx_valid vector 101 -- Transaction mixing all SigHash, segwit and normal inputs (39ms)
      ✔ should pass tx_valid vector 102 -- Unknown version witness program with empty witness
      ✔ should pass tx_valid vector 103 -- Witness SIGHASH_SINGLE with output out of bound
      ✔ should pass tx_valid vector 104 -- 1 byte push should not be considered a witness scriptPubKey
      ✔ should pass tx_valid vector 105 -- 41 bytes push should not be considered a witness scriptPubKey
      ✔ should pass tx_valid vector 106 -- The witness version must use OP_1 to OP_16 only
      ✔ should pass tx_valid vector 107 -- The witness program push must be canonical
      ✔ should pass tx_valid vector 108 -- Witness Single|AnyoneCanPay does not hash input's position
      ✔ should pass tx_valid vector 109 -- Witness Single|AnyoneCanPay does not hash input's position (permutation)
      ✔ should pass tx_valid vector 110 -- Non witness Single|AnyoneCanPay hash input's position
      ✔ should pass tx_valid vector 111 -- BIP143 example: P2WSH with OP_CODESEPARATOR and out-of-range SIGHASH_SINGLE.
      ✔ should pass tx_valid vector 112 -- BIP143 example: P2WSH with unexecuted OP_CODESEPARATOR and SINGLE|ANYONECANPAY
      ✔ should pass tx_valid vector 113 -- BIP143 example: Same as the previous example with input-output pairs swapped
      ✔ should pass tx_valid vector 114 -- BIP143 example: P2SH-P2WSH 6-of-6 multisig signed with 6 different SIGHASH types
      ✔ should pass tx_valid vector 115 -- Non-segwit: correct sighash (with FindAndDelete) = 1ba1fe3bc90c5d1265460e684ce6774e324f0fabdf67619eda729e64e8b6bc08
      ✔ should pass tx_valid vector 116 -- BIP143: correct sighash (without FindAndDelete) = 71c9cd9b2869b9c70b01b1f0360c148f42dee72297db312638df136f43311f23
      ✔ should pass tx_valid vector 117 -- Non-segwit: correct sighash (with FindAndDelete) = 1d50f00ba4db2917b903b0ec5002e017343bb38876398c9510570f5dce099295
      ✔ should pass tx_valid vector 118 -- BIP143: correct sighash (without FindAndDelete) = c1628a1e7c67f14ca0c27c06e4fdeec2e6d1a73c7a91d7c046ff83e835aebb72
      ✔ should pass tx_invalid vector 1 -- 0e1b5688cf179cd9f7cbda1fac0090f6e684bbf8cd946660120197c3f3681809 but with extra junk appended to the end of the scriptPubKey
      ✔ should pass tx_invalid vector 2 -- See FindAndDelete, which will only remove if it uses the same pushdata prefix as is standard
      ✔ should pass tx_invalid vector 3 -- Same as above, but with the sig in the scriptSig also pushed with the same non-standard OP_PUSHDATA
      ✔ should pass tx_invalid vector 4 -- See FindAndDelete, which will only remove if the signature, including the hash type, matches
      ✔ should pass tx_invalid vector 5 -- An invalid P2SH Transaction
      ✔ should pass tx_invalid vector 6 -- No outputs
      ✔ should pass tx_invalid vector 7 -- Negative output
      ✔ should pass tx_invalid vector 8 -- MAX_MONEY + 1 output
      ✔ should pass tx_invalid vector 9 -- MAX_MONEY output + 1 output
      ✔ should pass tx_invalid vector 10 -- Duplicate inputs
      ✔ should pass tx_invalid vector 11 -- Note the input is just required to make the tester happy
      ✔ should pass tx_invalid vector 12 -- Note the input is just required to make the tester happy
      ✔ should pass tx_invalid vector 13 -- Null txin, but without being a coinbase (because there are two inputs)
      ✔ should pass tx_invalid vector 14 -- Null txin, but without being a coinbase (because there are two inputs)
      ✔ should pass tx_invalid vector 15 -- Same as the transactions in valid with one input SIGHASH_ALL and one SIGHASH_ANYONECANPAY, but we set the _ANYONECANPAY sequence number, invalidating the SIGHASH_ALL signature
      ✔ should pass tx_invalid vector 16 -- Note the input is just required to make the tester happy
      ✔ should pass tx_invalid vector 17 -- It is an OP_CHECKMULTISIG with the dummy value missing
      ✔ should pass tx_invalid vector 18 -- It is an OP_CHECKMULTISIG with the dummy value set to something other than an empty string
      ✔ should pass tx_invalid vector 19 -- As above, but using a OP_1
      ✔ should pass tx_invalid vector 20 -- As above, but using a OP_1NEGATE
      ✔ should pass tx_invalid vector 21 -- As above, but with the dummy byte missing
      ✔ should pass tx_invalid vector 22 -- Empty stack when we try to run CHECKSIG
      ✔ should pass tx_invalid vector 23 -- CODESEPARATOR in an unexecuted IF block does not change what is hashed
      ✔ should pass tx_invalid vector 24 -- As above, with the IF block executed
      ✔ should pass tx_invalid vector 25 -- By-height locks, with argument just beyond tx nLockTime
      ✔ should pass tx_invalid vector 26 -- By-height locks, with argument just beyond tx nLockTime
      ✔ should pass tx_invalid vector 27 -- By-time locks, with argument just beyond tx nLockTime (but within numerical boundaries)
      ✔ should pass tx_invalid vector 28 -- By-time locks, with argument just beyond tx nLockTime (but within numerical boundaries)
      ✔ should pass tx_invalid vector 29 -- Argument missing
      ✔ should pass tx_invalid vector 30 -- Argument missing
      ✔ should pass tx_invalid vector 31 -- Argument negative with by-blockheight nLockTime=0
      ✔ should pass tx_invalid vector 32 -- Argument negative with by-blocktime nLockTime=500,000,000
      ✔ should pass tx_invalid vector 33 -- Argument negative with by-blocktime nLockTime=500,000,000
      ✔ should pass tx_invalid vector 34 -- Input locked
      ✔ should pass tx_invalid vector 35 -- Input locked
      ✔ should pass tx_invalid vector 36 -- Another input being unlocked isn't sufficient; the CHECKLOCKTIMEVERIFY-using input must be unlocked
      ✔ should pass tx_invalid vector 37 -- Argument/tx height/time mismatch, both versions
      ✔ should pass tx_invalid vector 38 -- Argument/tx height/time mismatch, both versions
      ✔ should pass tx_invalid vector 39 -- Argument/tx height/time mismatch, both versions
      ✔ should pass tx_invalid vector 40 -- Argument/tx height/time mismatch, both versions
      ✔ should pass tx_invalid vector 41 -- Argument/tx height/time mismatch, both versions
      ✔ should pass tx_invalid vector 42 -- Argument 2^32 with nLockTime=2^32-1
      ✔ should pass tx_invalid vector 43 -- Same, but with nLockTime=2^31-1
      ✔ should pass tx_invalid vector 44 -- 6 byte non-minimally-encoded arguments are invalid even if their contents are valid
      ✔ should pass tx_invalid vector 45 -- Failure due to failing CHECKLOCKTIMEVERIFY in scriptSig
      ✔ should pass tx_invalid vector 46 -- Failure due to failing CHECKLOCKTIMEVERIFY in redeemScript
      ✔ should pass tx_invalid vector 47 -- A transaction with a non-standard DER signature.
      ✔ should pass tx_invalid vector 48 -- By-height locks, with argument just beyond txin.nSequence
      ✔ should pass tx_invalid vector 49 -- By-height locks, with argument just beyond txin.nSequence
      ✔ should pass tx_invalid vector 50 -- By-time locks, with argument just beyond txin.nSequence (but within numerical boundries)
      ✔ should pass tx_invalid vector 51 -- By-time locks, with argument just beyond txin.nSequence (but within numerical boundries)
      ✔ should pass tx_invalid vector 52 -- Argument missing
      ✔ should pass tx_invalid vector 53 -- Argument negative with by-blockheight txin.nSequence=0
      ✔ should pass tx_invalid vector 54 -- Argument negative with by-blocktime txin.nSequence=CTxIn::SEQUENCE_LOCKTIME_TYPE_FLAG
      ✔ should pass tx_invalid vector 55 -- Argument/tx height/time mismatch, both versions
      ✔ should pass tx_invalid vector 56 -- Argument/tx height/time mismatch, both versions
      ✔ should pass tx_invalid vector 57 -- Argument/tx height/time mismatch, both versions
      ✔ should pass tx_invalid vector 58 -- Argument/tx height/time mismatch, both versions
      ✔ should pass tx_invalid vector 59 -- 6 byte non-minimally-encoded arguments are invalid even if their contents are valid
      ✔ should pass tx_invalid vector 60 -- Failure due to failing CHECKSEQUENCEVERIFY in scriptSig
      ✔ should pass tx_invalid vector 61 -- Failure due to failing CHECKSEQUENCEVERIFY in redeemScript
      ✔ should pass tx_invalid vector 62 -- Failure due to insufficient tx.nVersion (<2)
      ✔ should pass tx_invalid vector 63 -- Failure due to insufficient tx.nVersion (<2)
      ✔ should pass tx_invalid vector 64 -- Unknown witness program version (with DISCOURAGE_UPGRADABLE_WITNESS_PROGRAM)
      ✔ should pass tx_invalid vector 65 -- Unknown length for witness program v0
      ✔ should pass tx_invalid vector 66 -- Witness with SigHash Single|AnyoneCanPay (same index output value changed)
      ✔ should pass tx_invalid vector 67 -- Witness with SigHash None|AnyoneCanPay (input sequence changed)
      ✔ should pass tx_invalid vector 68 -- Witness with SigHash All|AnyoneCanPay (third output value changed)
      ✔ should pass tx_invalid vector 69 -- Witness with a push of 521 bytes
      ✔ should pass tx_invalid vector 70 -- Witness with unknown version which push false on the stack should be invalid (even without DISCOURAGE_UPGRADABLE_WITNESS_PROGRAM)
      ✔ should pass tx_invalid vector 71 -- Witness program should leave clean stack
      ✔ should pass tx_invalid vector 72 -- Witness v0 with a push of 2 bytes
      ✔ should pass tx_invalid vector 73 -- Unknown witness version with non empty scriptSig
      ✔ should pass tx_invalid vector 74 -- Non witness Single|AnyoneCanPay hash input's position (permutation)
      ✔ should pass tx_invalid vector 75 -- P2WSH with a redeem representing a witness scriptPubKey should fail
      ✔ should pass tx_invalid vector 76 -- 33 bytes push should be considered a witness scriptPubKey
      ✔ should pass tx_invalid vector 77 -- Non-segwit: wrong sighash (without FindAndDelete) = 1ba1fe3bc90c5d1265460e684ce6774e324f0fabdf67619eda729e64e8b6bc08
      ✔ should pass tx_invalid vector 78 -- BIP143: wrong sighash (with FindAndDelete) = 71c9cd9b2869b9c70b01b1f0360c148f42dee72297db312638df136f43311f23
      ✔ should pass tx_invalid vector 79 -- Non-segwit: wrong sighash (without FindAndDelete) = 4bc6a53e8e16ef508c19e38bba08831daba85228b0211f323d4cb0999cf2a5e8
      ✔ should pass tx_invalid vector 80 -- BIP143: wrong sighash (with FindAndDelete) = 17c50ec2181ecdfdc85ca081174b248199ba81fff730794d4f69b8ec031f2dce

  Script
    ✔ should make a new script
    #fromBuffer
      ✔ should parse this buffer containing an OP code
      ✔ should parse this buffer containing another OP code
      ✔ should parse this buffer containing three bytes of data
      ✔ should parse this buffer containing OP_PUSHDATA1 and three bytes of data
      ✔ should parse this buffer containing OP_PUSHDATA2 and three bytes of data
      ✔ should parse this buffer containing OP_PUSHDATA4 and three bytes of data
      ✔ should parse this buffer an OP code, data, and another OP code
    #toBuffer
      ✔ should output this buffer containing an OP code
      ✔ should output this buffer containing another OP code
      ✔ should output this buffer containing three bytes of data
      ✔ should output this buffer containing OP_PUSHDATA1 and three bytes of data
      ✔ should output this buffer containing OP_PUSHDATA2 and three bytes of data
      ✔ should output this buffer containing OP_PUSHDATA4 and three bytes of data
      ✔ should output this buffer an OP code, data, and another OP code
    #fromASM
      ✔ should parse this known script in ASM
    #fromString
      ✔ should parse these known scripts
    #toString
      ✔ should work with an empty script
      ✔ should output this buffer an OP code, data, and another OP code
      ✔ should output this known script as ASM
    toHex
      ✔ should return an hexa string "03010203" as expected from [3, 1, 2, 3]
    #isDataOut
      ✔ should know this is a (blank) OP_RETURN script
      ✔ validates that this 40-byte OP_RETURN is standard
      ✔ validates that this 80-byte OP_RETURN is standard
      ✔ validates that this 40-byte long OP_CHECKMULTISIG is not standard op_return
      ✔ validates that this 81-byte OP_RETURN is not a valid standard OP_RETURN
    #isPublicKeyIn
      ✔ correctly identify scriptSig as a public key in
    #isPublicKeyHashIn
      ✔ should identify this known pubkeyhashin (uncompressed pubkey version)
      ✔ should identify this known pubkeyhashin (hybrid pubkey version w/06)
      ✔ should identify this known pubkeyhashin (hybrid pubkey version w/07)
      ✔ should identify this known pubkeyhashin (compressed pubkey w/ 0x02)
      ✔ should identify this known pubkeyhashin (compressed pubkey w/ 0x03)
      ✔ should identify this known non-pubkeyhashin (bad ops length)
      ✔ should identify this known pubkey
      ✔ should identify this known non-pubkeyhashin (bad version)
      ✔ should identify this known non-pubkeyhashin (bad signature version)
      ✔ should identify this known non-pubkeyhashin (no public key)
      ✔ should identify this known non-pubkeyhashin (no signature)
    #isPublicKeyHashOut
      ✔ should identify this known pubkeyhashout as pubkeyhashout
      ✔ should identify this known non-pubkeyhashout as not pubkeyhashout 1
      ✔ should identify this known non-pubkeyhashout as not pubkeyhashout 2
    #isMultisigOut
      ✔ should identify known multisig out 1
      ✔ should identify known multisig out 2
      ✔ should identify known multisig out 3
      ✔ should identify non-multisig out 1
      ✔ should identify non-multisig out 2
    #isMultisigIn
      ✔ should identify multisig in 1
      ✔ should identify multisig in 2
      ✔ should identify non-multisig in 1
      ✔ should identify non-multisig in 2
    #isScriptHashIn
      ✔ should identify this known scripthashin
      ✔ should identify this known non-scripthashin
      ✔ should identify this problematic non-scripthashin scripts
      ✔ identifies this other problematic non-p2sh in
    #isScripthashOut
      ✔ should identify this known p2shout as p2shout
      ✔ should identify result of .isScriptHashOut() as p2sh
      ✔ should identify these known non-p2shout as not p2shout
    #isPushOnly
      ✔ should know these scripts are or aren't push only
    #classifyInput
      ✔ shouldn't classify public key hash out
      ✔ should classify public key hash in
      ✔ shouldn't classify script hash out
      ✔ should classify script hash in
      ✔ shouldn't classify MULTISIG out
      ✔ should classify MULTISIG in
      ✔ shouldn't classify OP_RETURN data out
      ✔ shouldn't classify public key out
      ✔ should classify public key in
      ✔ should classify unknown
      ✔ should classify scriptHashIn, eventhough it's opreturn
    #classifyOutput
      ✔ should classify public key hash out
      ✔ shouldn't classify public key hash in
      ✔ should classify script hash out
      ✔ shouldn't classify script hash in
      ✔ should classify MULTISIG out
      ✔ shouldn't classify MULTISIG in
      ✔ should classify OP_RETURN data out
      ✔ should classify public key out
      ✔ shouldn't classify public key in
      ✔ should classify unknown
      ✔ should classify opreturn eventhough it also looks like a scriptHashIn
    #classify
      ✔ should classify public key hash out
      ✔ should classify public key hash in
      ✔ should classify script hash out
      ✔ should classify script hash in
      ✔ should classify MULTISIG out
      ✔ should classify MULTISIG in
      ✔ should classify OP_RETURN data out
      ✔ should classify public key out
      ✔ should classify public key in
      ✔ should classify unknown
      ✔ should classify opreturn eventhough it also looks like a scriptHashIn
      ✔ should classify scriptHashIn eventhough it is opreturn when script is marked is input
      ✔ should classify unknown eventhough it is public key hash when marked as input
      ✔ should classify unknown eventhough it is public key hash in when marked as output
    #add and #prepend
      ✔ should add these ops
      ✔ should prepend these ops
      ✔ should add and prepend correctly
      ✔ should add these push data
      ✔ should add both pushdata and non-pushdata chunks
      ✔ should work for no data OP_RETURN
      ✔ works with objects
      ✔ works with another script
      ✔ fails with wrong type
    #isStandard
      ✔ should classify correctly standard script
      ✔ should classify correctly non standard script
    #buildMultisigOut
      ✔ should create sorted script by default
      ✔ should fail when number of required signatures is greater than number of pubkeys
      ✔ should create unsorted script if specified
      ✔ should create 1-of-1
      ✔ should create 1-of-2
      ✔ should create 2-of-2
      ✔ should create 1-of-3
      ✔ should create 2-of-3
      ✔ should create 3-of-3
      ✔ should create 1-of-4
      ✔ should create 2-of-4
      ✔ should create 3-of-4
      ✔ should create 4-of-4
      ✔ should create 1-of-5
      ✔ should create 2-of-5
      ✔ should create 3-of-5
      ✔ should create 4-of-5
      ✔ should create 5-of-5
    #buildPublicKeyHashOut
      ✔ should create script from livenet address
      ✔ should create script from testnet address
      ✔ should create script from public key
    #buildPublicKeyOut
      ✔ should create script from public key
    #buildDataOut
      ✔ should create script from no data
      ✔ should create script from empty data
      ✔ should create script from some data
      ✔ should create script from string
      ✔ should create script from a hex string
    #buildScriptHashOut
      ✔ should create script from another script
      ✔ inherits network property from other script
      ✔ inherits network property form an address
    #toScriptHashOut
      ✔ should create script from another script
    #removeCodeseparators
      ✔ should remove any OP_CODESEPARATORs
    #findAndDelete
      ✔ should find and delete this buffer
      ✔ should do nothing
    #checkMinimalPush
      ✔ should check these minimal pushes
    getData returns associated data
      ✔ works with this testnet transaction
      ✔ for a P2PKH address
      ✔ for a P2SH address
      ✔ for a standard opreturn output
      ✔ fails if content is not recognized
    toAddress
      ✔ priorize the network argument
      ✔ use the inherited network
      ✔ uses default network
      ✔ for a P2PKH address
      ✔ for a P2SH address
      ✔ fails if content is not recognized
      ✔ works for p2pkh output
      ✔ works for p2pkh input
      ✔ works for p2sh output
      ✔ works for p2sh input
      ✔ works for OP_RETURN script
    equals
      ✔ returns true for same script
      ✔ returns false for different chunks sizes
      ✔ returns false for different opcodes
      ✔ returns false for different data
      ✔ returns false for different data
    #getSignatureOperationsCount
      ✔ should return zero for empty scripts
      ✔ should handle multi-sig multisig scripts from string
      ✔ should handle multi-sig-out scripts from utility function
      ✔ should handle P2SH-multisig-in scripts from utility
      ✔ should default the one and only argument to true

  Transaction deserialization
    valid transaction test case
      ✔ vector #0 -- It is also the first OP_CHECKMULTISIG transaction in standard form
      ✔ vector #1 -- The dummy byte is fine however, so the NULLDUMMY flag should be happy
      ✔ vector #2 -- It is an OP_CHECKMULTISIG with the dummy value set to something other than an empty string
      ✔ vector #3 -- As above, but using a OP_1
      ✔ vector #4 -- As above, but using a OP_1NEGATE
      ✔ vector #5 -- It is of interest because it contains a 0-sequence as well as a signature of SIGHASH type 0 (which is not a real type)
      ✔ vector #6 -- A nearly-standard transaction with CHECKSIGVERIFY 1 instead of CHECKSIG
      ✔ vector #7 -- Same as above, but with the signature duplicated in the scriptPubKey with the proper pushdata prefix
      ✔ vector #8 -- It caught a bug in the workaround for 23b397edccd3740a74adb603c9756370fafcde9bcc4483eb271ecad09a94dd63 in an overly simple implementation
      ✔ vector #9 -- when the input doing the signing has an index greater than the maximum output index
      ✔ vector #10 -- An invalid P2SH Transaction
      ✔ vector #11 -- A valid P2SH Transaction using the standard transaction type put forth in BIP 16
      ✔ vector #12 -- MAX_MONEY output
      ✔ vector #13 -- MAX_MONEY output + 0 output
      ✔ vector #14 -- Note the input is just required to make the tester happy
      ✔ vector #15 -- Note the input is just required to make the tester happy
      ✔ vector #16 -- Simple transaction with first input is signed with SIGHASH_ALL, second with SIGHASH_ANYONECANPAY
      ✔ vector #17 -- Same as above, but we change the sequence number of the first input to check that SIGHASH_ANYONECANPAY is being followed
      ✔ vector #18 -- afd9c17f8913577ec3509520bd6e5d63e9c0fd2a5f70c787993b097ba6ca9fae which has several SIGHASH_SINGLE signatures
      ✔ vector #19 -- ddc454a1c0c35c188c98976b17670f69e586d9c0f3593ea879928332f0a069e7, which spends an input that pushes using a PUSHDATA1 that is negative when read as signed
      ✔ vector #20 -- Note the input is just required to make the tester happy
      ✔ vector #21 -- cc60b1f899ec0a69b7c3f25ddf32c4524096a9c5b01cbd84c6d0312a0c478984, which is a fairly strange transaction which relies on OP_CHECKSIG returning 0 when checking a completely invalid sig of length 0
      ✔ vector #22 -- Empty pubkey
      ✔ vector #23 -- Empty signature
      ✔ vector #24 -- Empty signature
      ✔ vector #25 -- Empty signature
      ✔ vector #26 -- Empty signature
      ✔ vector #27 -- Empty signature
      ✔ vector #28 -- Test that SignatureHash() removes OP_CODESEPARATOR with FindAndDelete()
      ✔ vector #29 -- Test that SignatureHash() removes OP_CODESEPARATOR with FindAndDelete()
      ✔ vector #30 -- Hashed data starts at the CODESEPARATOR
      ✔ vector #31 -- But only if execution has reached it
      ✔ vector #32 -- CODESEPARATOR in an unexecuted IF block does not change what is hashed
      ✔ vector #33 -- As above, with the IF block executed
      ✔ vector #34 -- CHECKSIG is legal in scriptSigs
      ✔ vector #35 -- Same semantics for OP_CODESEPARATOR
      ✔ vector #36 -- Signatures are removed from the script they are in by FindAndDelete() in the CHECKSIG code; even multiple instances of one signature can be removed.
      ✔ vector #37 -- That also includes ahead of the opcode being executed.
      ✔ vector #38 -- Here's an example on mainnet within a P2SH redeemScript. Remarkably it's a standard transaction in <0.9
      ✔ vector #39 -- Same idea, but with bare CHECKMULTISIG
      ✔ vector #40 -- By-height locks, with argument == 0 and == tx nLockTime
      ✔ vector #41 -- By-height locks, with argument == 0 and == tx nLockTime
      ✔ vector #42 -- By-height locks, with argument == 0 and == tx nLockTime
      ✔ vector #43 -- By-time locks, with argument just beyond tx nLockTime (but within numerical boundaries)
      ✔ vector #44 -- By-time locks, with argument just beyond tx nLockTime (but within numerical boundaries)
      ✔ vector #45 -- By-time locks, with argument just beyond tx nLockTime (but within numerical boundaries)
      ✔ vector #46 -- Any non-maxint nSequence is fine
      ✔ vector #47 -- The argument can be calculated rather than created directly by a PUSHDATA
      ✔ vector #48 -- Perhaps even by an ADD producing a 5-byte result that is out of bounds for other opcodes
      ✔ vector #49 -- 5 byte non-minimally-encoded arguments are valid
      ✔ vector #50 -- Valid CHECKLOCKTIMEVERIFY in scriptSig
      ✔ vector #51 -- Valid CHECKLOCKTIMEVERIFY in redeemScript
      ✔ vector #52 -- A transaction with a non-standard DER signature.
      ✔ vector #53 -- By-height locks, with argument == 0 and == txin.nSequence
      ✔ vector #54 -- By-height locks, with argument == 0 and == txin.nSequence
      ✔ vector #55 -- By-height locks, with argument == 0 and == txin.nSequence
      ✔ vector #56 -- By-height locks, with argument == 0 and == txin.nSequence
      ✔ vector #57 -- By-time locks, with argument == 0 and == txin.nSequence
      ✔ vector #58 -- By-time locks, with argument == 0 and == txin.nSequence
      ✔ vector #59 -- By-time locks, with argument == 0 and == txin.nSequence
      ✔ vector #60 -- By-time locks, with argument == 0 and == txin.nSequence
      ✔ vector #61 -- Upper sequence with upper sequence is fine
      ✔ vector #62 -- Upper sequence with upper sequence is fine
      ✔ vector #63 -- Upper sequence with upper sequence is fine
      ✔ vector #64 -- Upper sequence with upper sequence is fine
      ✔ vector #65 -- Upper sequence with upper sequence is fine
      ✔ vector #66 -- Upper sequence with upper sequence is fine
      ✔ vector #67 -- Argument 2^31 with various nSequence
      ✔ vector #68 -- Argument 2^31 with various nSequence
      ✔ vector #69 -- Argument 2^31 with various nSequence
      ✔ vector #70 -- Argument 2^32-1 with various nSequence
      ✔ vector #71 -- Argument 2^32-1 with various nSequence
      ✔ vector #72 -- Argument 2^32-1 with various nSequence
      ✔ vector #73 -- Argument 3<<31 with various nSequence
      ✔ vector #74 -- Argument 3<<31 with various nSequence
      ✔ vector #75 -- Argument 3<<31 with various nSequence
      ✔ vector #76 -- 5 byte non-minimally-encoded operandss are valid
      ✔ vector #77 -- The argument can be calculated rather than created directly by a PUSHDATA
      ✔ vector #78 -- The argument can be calculated rather than created directly by a PUSHDATA
      ✔ vector #79 -- An ADD producing a 5-byte result that sets CTxIn::SEQUENCE_LOCKTIME_DISABLE_FLAG
      ✔ vector #80 -- An ADD producing a 5-byte result that sets CTxIn::SEQUENCE_LOCKTIME_DISABLE_FLAG
      ✔ vector #81 -- Valid CHECKSEQUENCEVERIFY in scriptSig
      ✔ vector #82 -- Valid CHECKSEQUENCEVERIFY in redeemScript
      ✔ vector #83 -- Valid P2WPKH (Private key of segwit tests is L5AQtV2HDm4xGsseLokK2VAT2EtYKcTm3c7HwqnJBFt9LdaQULsM)
      ✔ vector #84 -- Valid P2WSH
      ✔ vector #85 -- Valid P2SH(P2WPKH)
      ✔ vector #86 -- Valid P2SH(P2WSH)
      ✔ vector #87 -- Witness with SigHash Single|AnyoneCanPay
      ✔ vector #88 -- Witness with SigHash Single|AnyoneCanPay (same signature as previous)
      ✔ vector #89 -- Witness with SigHash Single
      ✔ vector #90 -- Witness with SigHash Single (same signature as previous)
      ✔ vector #91 -- Witness with SigHash None|AnyoneCanPay
      ✔ vector #92 -- Witness with SigHash None|AnyoneCanPay (same signature as previous)
      ✔ vector #93 -- Witness with SigHash None
      ✔ vector #94 -- Witness with SigHash None (same signature as previous)
      ✔ vector #95 -- Witness with SigHash None (same signature, only sequences changed)
      ✔ vector #96 -- Witness with SigHash All|AnyoneCanPay
      ✔ vector #97 -- Witness with SigHash All|AnyoneCanPay (same signature as previous)
      ✔ vector #98 -- Unknown witness program version  (without DISCOURAGE_UPGRADABLE_WITNESS_PROGRAM)
      ✔ vector #99 -- Witness with a push of 520 bytes
      ✔ vector #100 -- Transaction mixing all SigHash, segwit and normal inputs
      ✔ vector #101 -- Unknown version witness program with empty witness
      ✔ vector #102 -- Witness SIGHASH_SINGLE with output out of bound
      ✔ vector #103 -- 1 byte push should not be considered a witness scriptPubKey
      ✔ vector #104 -- 41 bytes push should not be considered a witness scriptPubKey
      ✔ vector #105 -- The witness version must use OP_1 to OP_16 only
      ✔ vector #106 -- The witness program push must be canonical
      ✔ vector #107 -- Witness Single|AnyoneCanPay does not hash input's position
      ✔ vector #108 -- Witness Single|AnyoneCanPay does not hash input's position (permutation)
      ✔ vector #109 -- Non witness Single|AnyoneCanPay hash input's position
      ✔ vector #110 -- BIP143 example: P2WSH with OP_CODESEPARATOR and out-of-range SIGHASH_SINGLE.
      ✔ vector #111 -- BIP143 example: P2WSH with unexecuted OP_CODESEPARATOR and SINGLE|ANYONECANPAY
      ✔ vector #112 -- BIP143 example: Same as the previous example with input-output pairs swapped
      ✔ vector #113 -- BIP143 example: P2SH-P2WSH 6-of-6 multisig signed with 6 different SIGHASH types
      ✔ vector #114 -- Non-segwit: correct sighash (with FindAndDelete) = 1ba1fe3bc90c5d1265460e684ce6774e324f0fabdf67619eda729e64e8b6bc08
      ✔ vector #115 -- BIP143: correct sighash (without FindAndDelete) = 71c9cd9b2869b9c70b01b1f0360c148f42dee72297db312638df136f43311f23
      ✔ vector #116 -- Non-segwit: correct sighash (with FindAndDelete) = 1d50f00ba4db2917b903b0ec5002e017343bb38876398c9510570f5dce099295
      ✔ vector #117 -- BIP143: correct sighash (without FindAndDelete) = c1628a1e7c67f14ca0c27c06e4fdeec2e6d1a73c7a91d7c046ff83e835aebb72
    invalid transaction test case
      ✔ vector #0 -- 0e1b5688cf179cd9f7cbda1fac0090f6e684bbf8cd946660120197c3f3681809 but with extra junk appended to the end of the scriptPubKey
      ✔ vector #1 -- See FindAndDelete, which will only remove if it uses the same pushdata prefix as is standard
      ✔ vector #2 -- Same as above, but with the sig in the scriptSig also pushed with the same non-standard OP_PUSHDATA
      ✔ vector #3 -- See FindAndDelete, which will only remove if the signature, including the hash type, matches
      ✔ vector #4 -- An invalid P2SH Transaction
      ✔ vector #5 -- No outputs
      ✔ vector #6 -- Negative output
      ✔ vector #7 -- MAX_MONEY + 1 output
      ✔ vector #8 -- MAX_MONEY output + 1 output
      ✔ vector #9 -- Duplicate inputs
      ✔ vector #10 -- Note the input is just required to make the tester happy
      ✔ vector #11 -- Note the input is just required to make the tester happy
      ✔ vector #12 -- Null txin, but without being a coinbase (because there are two inputs)
      ✔ vector #13 -- Null txin, but without being a coinbase (because there are two inputs)
      ✔ vector #14 -- Same as the transactions in valid with one input SIGHASH_ALL and one SIGHASH_ANYONECANPAY, but we set the _ANYONECANPAY sequence number, invalidating the SIGHASH_ALL signature
      ✔ vector #15 -- Note the input is just required to make the tester happy
      ✔ vector #16 -- It is an OP_CHECKMULTISIG with the dummy value missing
      ✔ vector #17 -- It is an OP_CHECKMULTISIG with the dummy value set to something other than an empty string
      ✔ vector #18 -- As above, but using a OP_1
      ✔ vector #19 -- As above, but using a OP_1NEGATE
      ✔ vector #20 -- As above, but with the dummy byte missing
      ✔ vector #21 -- Empty stack when we try to run CHECKSIG
      ✔ vector #22 -- CODESEPARATOR in an unexecuted IF block does not change what is hashed
      ✔ vector #23 -- As above, with the IF block executed
      ✔ vector #24 -- By-height locks, with argument just beyond tx nLockTime
      ✔ vector #25 -- By-height locks, with argument just beyond tx nLockTime
      ✔ vector #26 -- By-time locks, with argument just beyond tx nLockTime (but within numerical boundaries)
      ✔ vector #27 -- By-time locks, with argument just beyond tx nLockTime (but within numerical boundaries)
      ✔ vector #28 -- Argument missing
      ✔ vector #29 -- Argument missing
      ✔ vector #30 -- Argument negative with by-blockheight nLockTime=0
      ✔ vector #31 -- Argument negative with by-blocktime nLockTime=500,000,000
      ✔ vector #32 -- Argument negative with by-blocktime nLockTime=500,000,000
      ✔ vector #33 -- Input locked
      ✔ vector #34 -- Input locked
      ✔ vector #35 -- Another input being unlocked isn't sufficient; the CHECKLOCKTIMEVERIFY-using input must be unlocked
      ✔ vector #36 -- Argument/tx height/time mismatch, both versions
      ✔ vector #37 -- Argument/tx height/time mismatch, both versions
      ✔ vector #38 -- Argument/tx height/time mismatch, both versions
      ✔ vector #39 -- Argument/tx height/time mismatch, both versions
      ✔ vector #40 -- Argument/tx height/time mismatch, both versions
      ✔ vector #41 -- Argument 2^32 with nLockTime=2^32-1
      ✔ vector #42 -- Same, but with nLockTime=2^31-1
      ✔ vector #43 -- 6 byte non-minimally-encoded arguments are invalid even if their contents are valid
      ✔ vector #44 -- Failure due to failing CHECKLOCKTIMEVERIFY in scriptSig
      ✔ vector #45 -- Failure due to failing CHECKLOCKTIMEVERIFY in redeemScript
      ✔ vector #46 -- A transaction with a non-standard DER signature.
      ✔ vector #47 -- By-height locks, with argument just beyond txin.nSequence
      ✔ vector #48 -- By-height locks, with argument just beyond txin.nSequence
      ✔ vector #49 -- By-time locks, with argument just beyond txin.nSequence (but within numerical boundries)
      ✔ vector #50 -- By-time locks, with argument just beyond txin.nSequence (but within numerical boundries)
      ✔ vector #51 -- Argument missing
      ✔ vector #52 -- Argument negative with by-blockheight txin.nSequence=0
      ✔ vector #53 -- Argument negative with by-blocktime txin.nSequence=CTxIn::SEQUENCE_LOCKTIME_TYPE_FLAG
      ✔ vector #54 -- Argument/tx height/time mismatch, both versions
      ✔ vector #55 -- Argument/tx height/time mismatch, both versions
      ✔ vector #56 -- Argument/tx height/time mismatch, both versions
      ✔ vector #57 -- Argument/tx height/time mismatch, both versions
      ✔ vector #58 -- 6 byte non-minimally-encoded arguments are invalid even if their contents are valid
      ✔ vector #59 -- Failure due to failing CHECKSEQUENCEVERIFY in scriptSig
      ✔ vector #60 -- Failure due to failing CHECKSEQUENCEVERIFY in redeemScript
      ✔ vector #61 -- Failure due to insufficient tx.nVersion (<2)
      ✔ vector #62 -- Failure due to insufficient tx.nVersion (<2)
      ✔ vector #63 -- Unknown witness program version (with DISCOURAGE_UPGRADABLE_WITNESS_PROGRAM)
      ✔ vector #64 -- Unknown length for witness program v0
      ✔ vector #65 -- Witness with SigHash Single|AnyoneCanPay (same index output value changed)
      ✔ vector #66 -- Witness with SigHash None|AnyoneCanPay (input sequence changed)
      ✔ vector #67 -- Witness with SigHash All|AnyoneCanPay (third output value changed)
      ✔ vector #68 -- Witness with a push of 521 bytes
      ✔ vector #69 -- Witness with unknown version which push false on the stack should be invalid (even without DISCOURAGE_UPGRADABLE_WITNESS_PROGRAM)
      ✔ vector #70 -- Witness program should leave clean stack
      ✔ vector #71 -- Witness v0 with a push of 2 bytes
      ✔ vector #72 -- Unknown witness version with non empty scriptSig
      ✔ vector #73 -- Non witness Single|AnyoneCanPay hash input's position (permutation)
      ✔ vector #74 -- P2WSH with a redeem representing a witness scriptPubKey should fail
      ✔ vector #75 -- 33 bytes push should be considered a witness scriptPubKey
      ✔ vector #76 -- Non-segwit: wrong sighash (without FindAndDelete) = 1ba1fe3bc90c5d1265460e684ce6774e324f0fabdf67619eda729e64e8b6bc08
      ✔ vector #77 -- BIP143: wrong sighash (with FindAndDelete) = 71c9cd9b2869b9c70b01b1f0360c148f42dee72297db312638df136f43311f23
      ✔ vector #78 -- Non-segwit: wrong sighash (without FindAndDelete) = 4bc6a53e8e16ef508c19e38bba08831daba85228b0211f323d4cb0999cf2a5e8
      ✔ vector #79 -- BIP143: wrong sighash (with FindAndDelete) = 17c50ec2181ecdfdc85ca081174b248199ba81fff730794d4f69b8ec031f2dce

  Transaction.Input
    ✔ has abstract methods: "getSignatures", "isFullySigned", "addSignature", "clearSignatures"
    ✔ detects coinbase transactions
    ✔ _estimateSize returns correct size
    instantiation
      ✔ works without new
      ✔ fails with no script info
      ✔ fromObject should work
      ✔ fromObject should work

  MultiSigInput
    ✔ can count missing signatures
    ✔ can count missing signatures, signed with key 3 and 1
    ✔ returns a list of public keys with missing signatures
    ✔ can clear all signatures
    ✔ can estimate how heavy is the output going to be
    ✔ uses SIGHASH_ALL by default
    ✔ roundtrips to/from object
    ✔ roundtrips to/from object when not signed
    ✔ can parse list of signature buffers, from TX signed with key 1 and 2
    ✔ can parse list of signature buffers, from TX signed with key 3 and 1

  MultiSigScriptHashInput
    ✔ can count missing signatures
    ✔ returns a list of public keys with missing signatures
    ✔ can clear all signatures
    ✔ can estimate how heavy is the output going to be
    ✔ uses SIGHASH_ALL by default
    ✔ roundtrips to/from object
    ✔ roundtrips to/from object when not signed
    ✔ will get the scriptCode for nested witness
    ✔ will get the satoshis buffer for nested witness

  PublicKeyInput
    ✔ will correctly sign a publickey out transaction
    ✔ count can count missing signatures
    ✔ it's size can be estimated
    ✔ it's signature can be removed
    ✔ returns an empty array if private key mismatches

  PublicKeyHashInput
    ✔ can count missing signatures
    ✔ it's size can be estimated
    ✔ it's signature can be removed
    ✔ returns an empty array if private key mismatches

  Output
    ✔ throws error with unrecognized argument
    ✔ can be assigned a satoshi amount in big number
    ✔ can be assigned a satoshi amount with a string
    ✔ deserializes correctly a simple output
    ✔ can instantiate from an object
    ✔ can set a script from a buffer
    ✔ has a inspect property
    ✔ toBufferWriter
    ✔ roundtrips to/from object
    ✔ toObject will handle an invalid (null) script
    ✔ #toObject roundtrip will handle an invalid (null) script
    ✔ inspect will work with an invalid (null) script
    ✔ roundtrips to/from JSON
    ✔ setScript fails with invalid input
    ✔ sets script to null if it is an InvalidBuffer
    ✔ should throw an error if Script throws an error that is not InvalidBuffer
    will error if output is not a positive integer
      ✔ -100
      ✔ 1.1
      ✔ NaN
      ✔ Infinity

  sighash
    ✔ test vector from bitcoind #1 (eb0f4de9612aab22)
    ✔ test vector from bitcoind #2 (09a9e6776d4680f2)
    ✔ test vector from bitcoind #3 (d7037ad65c9b74da)
    ✔ test vector from bitcoind #4 (3c51ee106b2c95d1)
    ✔ test vector from bitcoind #5 (51531b9322e9e208)
    ✔ test vector from bitcoind #6 (6e3a29c35a204575)
    ✔ test vector from bitcoind #7 (0f109bc8c9f2ebbf)
    ✔ test vector from bitcoind #8 (743ea009e2c04643)
    ✔ test vector from bitcoind #9 (19a467462b2b0921)
    ✔ test vector from bitcoind #10 (2ffdd16d76dffff0)
    ✔ test vector from bitcoind #11 (9043df8b64b46f4a)
    ✔ test vector from bitcoind #12 (79a62ee72ef5b9bf)
    ✔ test vector from bitcoind #13 (1fcd9ff23c9519e7)
    ✔ test vector from bitcoind #14 (b131a2295a9adcd0)
    ✔ test vector from bitcoind #15 (8e6e5539a1206dc8)
    ✔ test vector from bitcoind #16 (40db50b022d9036c)
    ✔ test vector from bitcoind #17 (8da5049376997651)
    ✔ test vector from bitcoind #18 (950c5b352c2e575d)
    ✔ test vector from bitcoind #19 (ce6e3144e588c1eb)
    ✔ test vector from bitcoind #20 (d84c3332b447750a)
    ✔ test vector from bitcoind #21 (2a324a9a68cd7323)
    ✔ test vector from bitcoind #22 (ed09a664d81e27ee)
    ✔ test vector from bitcoind #23 (a5110decb3440510)
    ✔ test vector from bitcoind #24 (8a7810620dd62653)
    ✔ test vector from bitcoind #25 (2559a670c5608151)
    ✔ test vector from bitcoind #26 (0f2138df5578c47c)
    ✔ test vector from bitcoind #27 (9f3f7f45fc10c3f0)
    ✔ test vector from bitcoind #28 (ef5c6731e467d17b)
    ✔ test vector from bitcoind #29 (528b7c588c1b41c9)
    ✔ test vector from bitcoind #30 (e19224826215c5cb)
    ✔ test vector from bitcoind #31 (dfe92adda77abae3)
    ✔ test vector from bitcoind #32 (3c4240a1e7cb5a52)
    ✔ test vector from bitcoind #33 (c575b392b02805c6)
    ✔ test vector from bitcoind #34 (3af5fa3c83e43b72)
    ✔ test vector from bitcoind #35 (9ea3bf35dc83db25)
    ✔ test vector from bitcoind #36 (8aef89c2ffcf260f)
    ✔ test vector from bitcoind #37 (412e44b73a8f4911)
    ✔ test vector from bitcoind #38 (42bad80a2bdf54aa)
    ✔ test vector from bitcoind #39 (912852488de2b75b)
    ✔ test vector from bitcoind #40 (ebae5ebf640800f9)
    ✔ test vector from bitcoind #41 (6c327e2d36c9fd30)
    ✔ test vector from bitcoind #42 (085435c5f62e8dba)
    ✔ test vector from bitcoind #43 (78c8b60dd8a8876b)
    ✔ test vector from bitcoind #44 (cdb613d2c35dc144)
    ✔ test vector from bitcoind #45 (3524b6db7e121d57)
    ✔ test vector from bitcoind #46 (8687ae938ee38ee8)
    ✔ test vector from bitcoind #47 (a9c2bc7a30dadc6c)
    ✔ test vector from bitcoind #48 (5571f232f5cade26)
    ✔ test vector from bitcoind #49 (7601b5ca0ce9e058)
    ✔ test vector from bitcoind #50 (789ed372f4eb2deb)
    ✔ test vector from bitcoind #51 (7a2668c27ad1894b)
    ✔ test vector from bitcoind #52 (0409726a4bbed967)
    ✔ test vector from bitcoind #53 (b8aec3c522fe4b1f)
    ✔ test vector from bitcoind #54 (02ab9e784f1ad908)
    ✔ test vector from bitcoind #55 (be5f0943a940aed7)
    ✔ test vector from bitcoind #56 (f0c8d9c43c528438)
    ✔ test vector from bitcoind #57 (9423472e8a494a9f)
    ✔ test vector from bitcoind #58 (778d3b075b2a7c27)
    ✔ test vector from bitcoind #59 (f67f88113a79568e)
    ✔ test vector from bitcoind #60 (30b7bdfc7269bded)
    ✔ test vector from bitcoind #61 (6b5c5af14054376d)
    ✔ test vector from bitcoind #62 (0ef4d96ad09167bf)
    ✔ test vector from bitcoind #63 (c303b867f3c94839)
    ✔ test vector from bitcoind #64 (520b8a26205db880)
    ✔ test vector from bitcoind #65 (532eb79b784fe906)
    ✔ test vector from bitcoind #66 (03d36e46f18863f4)
    ✔ test vector from bitcoind #67 (f8d20d848992b881)
    ✔ test vector from bitcoind #68 (e709855fe623f77a)
    ✔ test vector from bitcoind #69 (3712a2d87068e93a)
    ✔ test vector from bitcoind #70 (408a9ccea8155fb8)
    ✔ test vector from bitcoind #71 (49519ea285394968)
    ✔ test vector from bitcoind #72 (dec8e05ffa806649)
    ✔ test vector from bitcoind #73 (7661b687cbd66add)
    ✔ test vector from bitcoind #74 (443a002ec4d07289)
    ✔ test vector from bitcoind #75 (11f7129b15a6b71e)
    ✔ test vector from bitcoind #76 (bdcafa05b7f6250e)
    ✔ test vector from bitcoind #77 (8a98e79f40cf39e7)
    ✔ test vector from bitcoind #78 (6050c536d3d599d4)
    ✔ test vector from bitcoind #79 (f61aa1762011cb09)
    ✔ test vector from bitcoind #80 (d2da211677108f3f)
    ✔ test vector from bitcoind #81 (f013d878a04dc785)
    ✔ test vector from bitcoind #82 (6176f4ae55db438e)
    ✔ test vector from bitcoind #83 (6ed25dc551f600b2)
    ✔ test vector from bitcoind #84 (03aa96c84671720a)
    ✔ test vector from bitcoind #85 (14ce45ecd7a8d4d6)
    ✔ test vector from bitcoind #86 (2ece6d4afba2b3c1)
    ✔ test vector from bitcoind #87 (4a6c0a8e68693c57)
    ✔ test vector from bitcoind #88 (e3c4c0a7da6d19ec)
    ✔ test vector from bitcoind #89 (984e8bcec34b954a)
    ✔ test vector from bitcoind #90 (2461311b51c0f1f1)
    ✔ test vector from bitcoind #91 (e7bdbb1d76ad6815)
    ✔ test vector from bitcoind #92 (9f252ad0ac61f110)
    ✔ test vector from bitcoind #93 (d06590096397a56b)
    ✔ test vector from bitcoind #94 (6d1e4abf75fedb65)
    ✔ test vector from bitcoind #95 (ec3ecaa60a312caf)
    ✔ test vector from bitcoind #96 (41de608c04982833)
    ✔ test vector from bitcoind #97 (a9b3954d8781278c)
    ✔ test vector from bitcoind #98 (dac79417c7ee6cb6)
    ✔ test vector from bitcoind #99 (b6725e4ef556ac31)
    ✔ test vector from bitcoind #100 (0952e5da02e6229b)
    ✔ test vector from bitcoind #101 (bf743a87c706c3a1)
    ✔ test vector from bitcoind #102 (3006ad9edae7194f)
    ✔ test vector from bitcoind #103 (841c31accea33b35)
    ✔ test vector from bitcoind #104 (e9e32ed181548d20)
    ✔ test vector from bitcoind #105 (6357b44573907623)
    ✔ test vector from bitcoind #106 (208beff56bcaefbd)
    ✔ test vector from bitcoind #107 (f1b2ee60b7577712)
    ✔ test vector from bitcoind #108 (b03aab6a42ab9dec)
    ✔ test vector from bitcoind #109 (80157713c0658e7d)
    ✔ test vector from bitcoind #110 (a8d3c0c745992462)
    ✔ test vector from bitcoind #111 (8b392de270505d82)
    ✔ test vector from bitcoind #112 (18e0f1cb03352525)
    ✔ test vector from bitcoind #113 (c3d836c99e46d804)
    ✔ test vector from bitcoind #114 (14eb7c01fd880383)
    ✔ test vector from bitcoind #115 (cba820ddeebeaa6b)
    ✔ test vector from bitcoind #116 (5c17060bd51eb2ed)
    ✔ test vector from bitcoind #117 (2d7474e6bcd2de40)
    ✔ test vector from bitcoind #118 (8b252fd20e7d8098)
    ✔ test vector from bitcoind #119 (2f6fea4f57ddcec7)
    ✔ test vector from bitcoind #120 (ad0c83d63a3ff177)
    ✔ test vector from bitcoind #121 (9307553129cd116f)
    ✔ test vector from bitcoind #122 (d1d716b7d77a0569)
    ✔ test vector from bitcoind #123 (59dd6365f32f85ba)
    ✔ test vector from bitcoind #124 (2ebaab3801c963f5)
    ✔ test vector from bitcoind #125 (18ca003b49e729f1)
    ✔ test vector from bitcoind #126 (ab431d1ce70b104e)
    ✔ test vector from bitcoind #127 (2593b7a7005b7a31)
    ✔ test vector from bitcoind #128 (d756a5ea54b248b8)
    ✔ test vector from bitcoind #129 (20a186f198d112bc)
    ✔ test vector from bitcoind #130 (48390696c4e0f139)
    ✔ test vector from bitcoind #131 (a984fc372c481734)
    ✔ test vector from bitcoind #132 (92168e863c07b6b8)
    ✔ test vector from bitcoind #133 (3a37c7cb8a6d8e9a)
    ✔ test vector from bitcoind #134 (9704cec852097d9c)
    ✔ test vector from bitcoind #135 (5142403ae9101a50)
    ✔ test vector from bitcoind #136 (888d66bce9997e2e)
    ✔ test vector from bitcoind #137 (93ca7a084e02da1d)
    ✔ test vector from bitcoind #138 (0123e78c84c2888d)
    ✔ test vector from bitcoind #139 (434d09643330a9fc)
    ✔ test vector from bitcoind #140 (eb163b66e1f728aa)
    ✔ test vector from bitcoind #141 (eda4cbcbe3e6692f)
    ✔ test vector from bitcoind #142 (a893e6c7b1f1de2b)
    ✔ test vector from bitcoind #143 (7ffd1bd49f8ea441)
    ✔ test vector from bitcoind #144 (fbfde170e6cdfe8c)
    ✔ test vector from bitcoind #145 (6e9b64b3f116cfb7)
    ✔ test vector from bitcoind #146 (7ac358c794bd04ca)
    ✔ test vector from bitcoind #147 (511a1b470487b9ad)
    ✔ test vector from bitcoind #148 (7a8373a7ce8e0119)
    ✔ test vector from bitcoind #149 (b8e5e0cec8fbe6e8)
    ✔ test vector from bitcoind #150 (1e641cee60cbb5df)
    ✔ test vector from bitcoind #151 (ba008aa73ce86abd)
    ✔ test vector from bitcoind #152 (76744576c02754bc)
    ✔ test vector from bitcoind #153 (31ef6b9fc8c37e25)
    ✔ test vector from bitcoind #154 (434d1c76fb689b69)
    ✔ test vector from bitcoind #155 (b0442e810253cce8)
    ✔ test vector from bitcoind #156 (f7d1bb9dd6f5f698)
    ✔ test vector from bitcoind #157 (aae7905f128aec1b)
    ✔ test vector from bitcoind #158 (5f59b2f6230301e2)
    ✔ test vector from bitcoind #159 (e7125e4fb5e854b5)
    ✔ test vector from bitcoind #160 (99d3864be2df00db)
    ✔ test vector from bitcoind #161 (5c1d2b4d15a0adb1)
    ✔ test vector from bitcoind #162 (883754201b53f73e)
    ✔ test vector from bitcoind #163 (80a21837fd2d2972)
    ✔ test vector from bitcoind #164 (2681c50d30b10ccd)
    ✔ test vector from bitcoind #165 (98b7af3fed5f8b1c)
    ✔ test vector from bitcoind #166 (21bd3a6dd35fc498)
    ✔ test vector from bitcoind #167 (fb8684f5796b332e)
    ✔ test vector from bitcoind #168 (aed567c822031f21)
    ✔ test vector from bitcoind #169 (bbbe927cab792973)
    ✔ test vector from bitcoind #170 (b4b847c477a5b646)
    ✔ test vector from bitcoind #171 (399337dabb387bd1)
    ✔ test vector from bitcoind #172 (00e7c9dbe766a268)
    ✔ test vector from bitcoind #173 (565db01b22039254)
    ✔ test vector from bitcoind #174 (a636cd6125d6970c)
    ✔ test vector from bitcoind #175 (7b78fa13904f08f1)
    ✔ test vector from bitcoind #176 (f599422a85d9ac14)
    ✔ test vector from bitcoind #177 (5736fed445420134)
    ✔ test vector from bitcoind #178 (b5c2e4750540ed54)
    ✔ test vector from bitcoind #179 (0313cec31d803975)
    ✔ test vector from bitcoind #180 (5314aa58d4b1b730)
    ✔ test vector from bitcoind #181 (d511aa85b32d4a28)
    ✔ test vector from bitcoind #182 (58a6a4ab2a602b7a)
    ✔ test vector from bitcoind #183 (ca59ca20755d5f77)
    ✔ test vector from bitcoind #184 (91809c597637145e)
    ✔ test vector from bitcoind #185 (8ae75977ecc7460e)
    ✔ test vector from bitcoind #186 (4376b5a7c7362df9)
    ✔ test vector from bitcoind #187 (5f5788222f35ada2)
    ✔ test vector from bitcoind #188 (a07ead5b86165699)
    ✔ test vector from bitcoind #189 (cf0b0f0559d2f386)
    ✔ test vector from bitcoind #190 (c310dc523c176521)
    ✔ test vector from bitcoind #191 (6f713c95ebbf17ff)
    ✔ test vector from bitcoind #192 (a0fd34908a184685)
    ✔ test vector from bitcoind #193 (d56814697a6be8c3)
    ✔ test vector from bitcoind #194 (6aebde897abff45e)
    ✔ test vector from bitcoind #195 (9ae0730ec57517fb)
    ✔ test vector from bitcoind #196 (2a404128dc95fbb0)
    ✔ test vector from bitcoind #197 (c1cf9a3ccfd82f92)
    ✔ test vector from bitcoind #198 (bda257921df10069)
    ✔ test vector from bitcoind #199 (009abe0d5edb8e1d)
    ✔ test vector from bitcoind #200 (19a2d63e183695aa)
    ✔ test vector from bitcoind #201 (f3b6ca6a3edb5194)
    ✔ test vector from bitcoind #202 (174c21867828d588)
    ✔ test vector from bitcoind #203 (61a8404c04ea5a23)
    ✔ test vector from bitcoind #204 (89b90871798efb16)
    ✔ test vector from bitcoind #205 (6d64e0e0f7c6c7d4)
    ✔ test vector from bitcoind #206 (ec9e4b0ebbd0fd59)
    ✔ test vector from bitcoind #207 (9d56ddac2f8a08bd)
    ✔ test vector from bitcoind #208 (5d75cc1c4c6166c1)
    ✔ test vector from bitcoind #209 (95fdc67720108b5e)
    ✔ test vector from bitcoind #210 (3b91b143faa3b773)
    ✔ test vector from bitcoind #211 (d515af9630e6c6d2)
    ✔ test vector from bitcoind #212 (2de05d6124134790)
    ✔ test vector from bitcoind #213 (0be089cdb5e9607d)
    ✔ test vector from bitcoind #214 (8ac5d2dd63222e30)
    ✔ test vector from bitcoind #215 (e3d7afb0ba49b86e)
    ✔ test vector from bitcoind #216 (c3aa05cfb91b697f)
    ✔ test vector from bitcoind #217 (f4ec8bbb5e4645f1)
    ✔ test vector from bitcoind #218 (697bbcbcfaa52d01)
    ✔ test vector from bitcoind #219 (cf4be9a75703f0c7)
    ✔ test vector from bitcoind #220 (32958de6cc144a65)
    ✔ test vector from bitcoind #221 (9d111f4a463261d0)
    ✔ test vector from bitcoind #222 (572153dde9165f0a)
    ✔ test vector from bitcoind #223 (75c678307f90b061)
    ✔ test vector from bitcoind #224 (f5cda8854f415059)
    ✔ test vector from bitcoind #225 (1a3e79bf2e33b6c4)
    ✔ test vector from bitcoind #226 (f74c764e6dd5d6e7)
    ✔ test vector from bitcoind #227 (5a8ae32be5eafb33)
    ✔ test vector from bitcoind #228 (c5ad0e9e66c60762)
    ✔ test vector from bitcoind #229 (7528fead227fc59e)
    ✔ test vector from bitcoind #230 (e9cffc68342d76bc)
    ✔ test vector from bitcoind #231 (5f7532b7240b63ef)
    ✔ test vector from bitcoind #232 (423d5d081235f692)
    ✔ test vector from bitcoind #233 (0bf7dc18c60a5a48)
    ✔ test vector from bitcoind #234 (45bbbdcab638aa8b)
    ✔ test vector from bitcoind #235 (1f385a3f1bea508f)
    ✔ test vector from bitcoind #236 (d49c07813f4abf1e)
    ✔ test vector from bitcoind #237 (34e042651d694c0b)
    ✔ test vector from bitcoind #238 (3c3448103a10bc8b)
    ✔ test vector from bitcoind #239 (14d2cfc9170fd365)
    ✔ test vector from bitcoind #240 (8a98345dfa429c6b)
    ✔ test vector from bitcoind #241 (9dc890654fbd9b5d)
    ✔ test vector from bitcoind #242 (fd67866582a3363d)
    ✔ test vector from bitcoind #243 (73d5e0b462c015fd)
    ✔ test vector from bitcoind #244 (3c2cf09638d1177b)
    ✔ test vector from bitcoind #245 (b8a2fca4619997ff)
    ✔ test vector from bitcoind #246 (dbe8d81e119b77f1)
    ✔ test vector from bitcoind #247 (b7970d31c3d1a90b)
    ✔ test vector from bitcoind #248 (bb0c9469bece0f55)
    ✔ test vector from bitcoind #249 (f71da1829fd4520f)
    ✔ test vector from bitcoind #250 (80301c0476e082fd)
    ✔ test vector from bitcoind #251 (1c78dfef60374977)
    ✔ test vector from bitcoind #252 (0a4a6c914473277d)
    ✔ test vector from bitcoind #253 (c9ef575ad830254d)
    ✔ test vector from bitcoind #254 (f07b28692e9f7353)
    ✔ test vector from bitcoind #255 (e2e840e04c28e811)
    ✔ test vector from bitcoind #256 (059918bec8954fe9)
    ✔ test vector from bitcoind #257 (93d9d1781b8d92b3)
    ✔ test vector from bitcoind #258 (505edc571980d966)
    ✔ test vector from bitcoind #259 (dc508fec6450549f)
    ✔ test vector from bitcoind #260 (55205a6abe6f41c9)
    ✔ test vector from bitcoind #261 (b5880dc2f4dc2f34)
    ✔ test vector from bitcoind #262 (94b3d7263e5a8989)
    ✔ test vector from bitcoind #263 (44f3b65ed59fab40)
    ✔ test vector from bitcoind #264 (9da3b4bc8d973ee3)
    ✔ test vector from bitcoind #265 (eaecc0427b7e36f5)
    ✔ test vector from bitcoind #266 (40bba7ffccf8750c)
    ✔ test vector from bitcoind #267 (2a6ddf221af61b34)
    ✔ test vector from bitcoind #268 (b99b1d23dc9bcc32)
    ✔ test vector from bitcoind #269 (0c60b44424464d46)
    ✔ test vector from bitcoind #270 (e01adc6515115e40)
    ✔ test vector from bitcoind #271 (6bf69b482bf57e27)
    ✔ test vector from bitcoind #272 (dacae49fe9a6e469)
    ✔ test vector from bitcoind #273 (20c43b002acc4841)
    ✔ test vector from bitcoind #274 (fb4eb5dc43909081)
    ✔ test vector from bitcoind #275 (b5dd7fa836a36a6d)
    ✔ test vector from bitcoind #276 (a1850704d03cf533)
    ✔ test vector from bitcoind #277 (744f447804b0eb67)
    ✔ test vector from bitcoind #278 (8086a471a2f3d301)
    ✔ test vector from bitcoind #279 (ff06a254b81b11f4)
    ✔ test vector from bitcoind #280 (5b2061f175330127)
    ✔ test vector from bitcoind #281 (c3876bc8080ab5ad)
    ✔ test vector from bitcoind #282 (4899d36d51c3e045)
    ✔ test vector from bitcoind #283 (df54103168856362)
    ✔ test vector from bitcoind #284 (413ba0b018024bb5)
    ✔ test vector from bitcoind #285 (f90adce99df68683)
    ✔ test vector from bitcoind #286 (54c8948c27efc2e6)
    ✔ test vector from bitcoind #287 (0b9e18561418295e)
    ✔ test vector from bitcoind #288 (f54fe3d35896caf6)
    ✔ test vector from bitcoind #289 (9c25b69f57987b9b)
    ✔ test vector from bitcoind #290 (97eec23e32328ece)
    ✔ test vector from bitcoind #291 (92f420c0653f551b)
    ✔ test vector from bitcoind #292 (833549270ee9509c)
    ✔ test vector from bitcoind #293 (5d59a0244b760f9a)
    ✔ test vector from bitcoind #294 (7f5e3be731f8e009)
    ✔ test vector from bitcoind #295 (0344d3b4d76aed49)
    ✔ test vector from bitcoind #296 (80f64fb2d2df66e6)
    ✔ test vector from bitcoind #297 (d42ccf7f5659b6e7)
    ✔ test vector from bitcoind #298 (3aecdd75a504c792)
    ✔ test vector from bitcoind #299 (cf59fcbe2f006f96)
    ✔ test vector from bitcoind #300 (5a6a96695f8fc719)
    ✔ test vector from bitcoind #301 (271df075eaad4c17)
    ✔ test vector from bitcoind #302 (6e5597456e03c1ce)
    ✔ test vector from bitcoind #303 (d6402bf7f893d47b)
    ✔ test vector from bitcoind #304 (930be7e0b9516951)
    ✔ test vector from bitcoind #305 (ca2df94b5aea84a3)
    ✔ test vector from bitcoind #306 (b783f71c0b648cfd)
    ✔ test vector from bitcoind #307 (db860f8bd07a2f61)
    ✔ test vector from bitcoind #308 (02872696befeee3d)
    ✔ test vector from bitcoind #309 (c5d8bafcb33f636d)
    ✔ test vector from bitcoind #310 (bd52858aa343f433)
    ✔ test vector from bitcoind #311 (fdfa1c5854bb5f3e)
    ✔ test vector from bitcoind #312 (8756f44845d4871e)
    ✔ test vector from bitcoind #313 (fef168a325eb3ade)
    ✔ test vector from bitcoind #314 (e9000b8bf1ae0c5f)
    ✔ test vector from bitcoind #315 (14abd81e5c8fce67)
    ✔ test vector from bitcoind #316 (9d304e6aaef7c251)
    ✔ test vector from bitcoind #317 (207764b4a67808bb)
    ✔ test vector from bitcoind #318 (7755c95464858f40)
    ✔ test vector from bitcoind #319 (4d7ac570f904a1f5)
    ✔ test vector from bitcoind #320 (7de0cbf33ed6a6c8)
    ✔ test vector from bitcoind #321 (6fc76bd61b045e06)
    ✔ test vector from bitcoind #322 (e6696fd2571f7c6f)
    ✔ test vector from bitcoind #323 (22044a562cb09132)
    ✔ test vector from bitcoind #324 (4435339717049390)
    ✔ test vector from bitcoind #325 (f94373c9b329d175)
    ✔ test vector from bitcoind #326 (cc304a285b59748b)
    ✔ test vector from bitcoind #327 (e606139bf0a2720d)
    ✔ test vector from bitcoind #328 (c62b02f5bee1b028)
    ✔ test vector from bitcoind #329 (27089d2d4bd9d821)
    ✔ test vector from bitcoind #330 (c3a581bec9c750bb)
    ✔ test vector from bitcoind #331 (549331b43e2973d4)
    ✔ test vector from bitcoind #332 (92737610e264c94b)
    ✔ test vector from bitcoind #333 (4c61ed181cf3d61d)
    ✔ test vector from bitcoind #334 (38c25e452b1e31fd)
    ✔ test vector from bitcoind #335 (daa7e83addc6a396)
    ✔ test vector from bitcoind #336 (8f0762c15d520455)
    ✔ test vector from bitcoind #337 (0f8b0c10ab3e7308)
    ✔ test vector from bitcoind #338 (42e8c30a815633ee)
    ✔ test vector from bitcoind #339 (204d892f3c0e3636)
    ✔ test vector from bitcoind #340 (9d9625f63c34803b)
    ✔ test vector from bitcoind #341 (6781d6ba6d0bb23d)
    ✔ test vector from bitcoind #342 (8260c0575132f3a2)
    ✔ test vector from bitcoind #343 (8abbc7479d48bce8)
    ✔ test vector from bitcoind #344 (5f2fdd6ab9053137)
    ✔ test vector from bitcoind #345 (53ab596fa9419f45)
    ✔ test vector from bitcoind #346 (fa0be602b7cfbe24)
    ✔ test vector from bitcoind #347 (2830ac2419206d69)
    ✔ test vector from bitcoind #348 (2093662af3bf3084)
    ✔ test vector from bitcoind #349 (8d45d5f0d9eb40e9)
    ✔ test vector from bitcoind #350 (84672d2f267e5960)
    ✔ test vector from bitcoind #351 (90b69085c766e1d4)
    ✔ test vector from bitcoind #352 (815e814a8332934c)
    ✔ test vector from bitcoind #353 (ef77691a76c21778)
    ✔ test vector from bitcoind #354 (2fdcef844a3ff30e)
    ✔ test vector from bitcoind #355 (5c3ffb3d7c6633d0)
    ✔ test vector from bitcoind #356 (66312f192ede0189)
    ✔ test vector from bitcoind #357 (f9ba46483c893f21)
    ✔ test vector from bitcoind #358 (2c982ae35f4c00b3)
    ✔ test vector from bitcoind #359 (69698692b8947d68)
    ✔ test vector from bitcoind #360 (ddbf07aa58499405)
    ✔ test vector from bitcoind #361 (e9632b3ff6f4d063)
    ✔ test vector from bitcoind #362 (edd52a3aab7ddb7c)
    ✔ test vector from bitcoind #363 (b1e5551a6a377526)
    ✔ test vector from bitcoind #364 (7fed1ebd9059c1fc)
    ✔ test vector from bitcoind #365 (6928ea40302ec515)
    ✔ test vector from bitcoind #366 (156dd0ee6f48d7e1)
    ✔ test vector from bitcoind #367 (2457df535beca4f1)
    ✔ test vector from bitcoind #368 (c9a49286196adf82)
    ✔ test vector from bitcoind #369 (40ce02f2f1b2f39f)
    ✔ test vector from bitcoind #370 (37f74e4be65d3ae1)
    ✔ test vector from bitcoind #371 (d64455e8923f771c)
    ✔ test vector from bitcoind #372 (4275e589d576eeb0)
    ✔ test vector from bitcoind #373 (d6fff82d3418883a)
    ✔ test vector from bitcoind #374 (d79ad39936eaca5e)
    ✔ test vector from bitcoind #375 (1b4453ed7952a25b)
    ✔ test vector from bitcoind #376 (9f5d33a032cdfa88)
    ✔ test vector from bitcoind #377 (1d196565d790bc59)
    ✔ test vector from bitcoind #378 (b63c7c6af03b90c6)
    ✔ test vector from bitcoind #379 (d11e05cd3603ed40)
    ✔ test vector from bitcoind #380 (3156d9c47f7f8a99)
    ✔ test vector from bitcoind #381 (64893f985aee91fd)
    ✔ test vector from bitcoind #382 (e56e0ef014d9a769)
    ✔ test vector from bitcoind #383 (ddc07ab6b1d2c069)
    ✔ test vector from bitcoind #384 (7ab90026cc179ab6)
    ✔ test vector from bitcoind #385 (614acc72c3e6a1d5)
    ✔ test vector from bitcoind #386 (f7f18245f3344456)
    ✔ test vector from bitcoind #387 (4dcfa2f5df7e2487)
    ✔ test vector from bitcoind #388 (81005ec3f7830876)
    ✔ test vector from bitcoind #389 (ba5a4d3355742994)
    ✔ test vector from bitcoind #390 (fb12e9514acb4e86)
    ✔ test vector from bitcoind #391 (c190ca7cb045843f)
    ✔ test vector from bitcoind #392 (5c3b0690d2824896)
    ✔ test vector from bitcoind #393 (664abe8335444d5d)
    ✔ test vector from bitcoind #394 (fd2bfbad20f3daed)
    ✔ test vector from bitcoind #395 (27bab2aba85ad29d)
    ✔ test vector from bitcoind #396 (e743c719e6310747)
    ✔ test vector from bitcoind #397 (18b7681818ea1673)
    ✔ test vector from bitcoind #398 (2a4e8b1f477d9d90)
    ✔ test vector from bitcoind #399 (ec866a0928fb3202)
    ✔ test vector from bitcoind #400 (8b246f5543e9bbd8)
    ✔ test vector from bitcoind #401 (60f604928203ea29)
    ✔ test vector from bitcoind #402 (bbef5dc4cfca7cab)
    ✔ test vector from bitcoind #403 (b0f55270a7008368)
    ✔ test vector from bitcoind #404 (512a851563dabf0b)
    ✔ test vector from bitcoind #405 (90734de9f49d99b3)
    ✔ test vector from bitcoind #406 (92dae65729341a15)
    ✔ test vector from bitcoind #407 (220f94b93e6b6e93)
    ✔ test vector from bitcoind #408 (b1fec4729e80e56c)
    ✔ test vector from bitcoind #409 (b9976af0bb98a2c2)
    ✔ test vector from bitcoind #410 (27a46b57aa3ec67f)
    ✔ test vector from bitcoind #411 (f240317f2a8d1c36)
    ✔ test vector from bitcoind #412 (463514ff0a21882b)
    ✔ test vector from bitcoind #413 (710afae6c8097495)
    ✔ test vector from bitcoind #414 (b2c88ef3a804475f)
    ✔ test vector from bitcoind #415 (b9cf4b8c2bc932c2)
    ✔ test vector from bitcoind #416 (92c4f55708d8a2d0)
    ✔ test vector from bitcoind #417 (827e59c8d78159cf)
    ✔ test vector from bitcoind #418 (627cf1b1149905c6)
    ✔ test vector from bitcoind #419 (05f38b81e7b2f3c0)
    ✔ test vector from bitcoind #420 (f3b9e821ce17ad54)
    ✔ test vector from bitcoind #421 (c394a612be52c7bb)
    ✔ test vector from bitcoind #422 (2b7366e8284b789e)
    ✔ test vector from bitcoind #423 (d0204ec91f25179c)
    ✔ test vector from bitcoind #424 (aadcabe16ed1687c)
    ✔ test vector from bitcoind #425 (871f39683c8b3726)
    ✔ test vector from bitcoind #426 (7dde8ac286ddc877)
    ✔ test vector from bitcoind #427 (b98fcc952ee92313)
    ✔ test vector from bitcoind #428 (81658aba2873346e)
    ✔ test vector from bitcoind #429 (200986d5729507bb)
    ✔ test vector from bitcoind #430 (2e42c761c39e2c2b)
    ✔ test vector from bitcoind #431 (bb7b2d86e8af0994)
    ✔ test vector from bitcoind #432 (b08acd3a41668f98)
    ✔ test vector from bitcoind #433 (34fc098507817617)
    ✔ test vector from bitcoind #434 (8bd88f6637ab964c)
    ✔ test vector from bitcoind #435 (43f96ec6e85c6e6d)
    ✔ test vector from bitcoind #436 (358e2d4ad39c7e30)
    ✔ test vector from bitcoind #437 (7c2bf5218051b7d0)
    ✔ test vector from bitcoind #438 (1a733669a23c834d)
    ✔ test vector from bitcoind #439 (981e5613ded02bca)
    ✔ test vector from bitcoind #440 (c04e304b4ec23c3f)
    ✔ test vector from bitcoind #441 (f89d422a7f36554f)
    ✔ test vector from bitcoind #442 (7886ed3796f8fa6e)
    ✔ test vector from bitcoind #443 (a29c3226961a3d3a)
    ✔ test vector from bitcoind #444 (9afccd7757e53225)
    ✔ test vector from bitcoind #445 (b7dad010c264f603)
    ✔ test vector from bitcoind #446 (63cf446a7b987611)
    ✔ test vector from bitcoind #447 (1692708b1c8c61f0)
    ✔ test vector from bitcoind #448 (9f43194bbdeb7443)
    ✔ test vector from bitcoind #449 (1d7ce3739742f436)
    ✔ test vector from bitcoind #450 (6d0db3105c166368)
    ✔ test vector from bitcoind #451 (e41ff637da2f9c90)
    ✔ test vector from bitcoind #452 (caef7b560c841464)
    ✔ test vector from bitcoind #453 (0cebb37ba5c354db)
    ✔ test vector from bitcoind #454 (144d801aa759fc6a)
    ✔ test vector from bitcoind #455 (9b664f0654eb1d6d)
    ✔ test vector from bitcoind #456 (a40a2eb837c03f82)
    ✔ test vector from bitcoind #457 (aa81291f45556883)
    ✔ test vector from bitcoind #458 (42c2b3a844ac739a)
    ✔ test vector from bitcoind #459 (f673ead5e1b6ced9)
    ✔ test vector from bitcoind #460 (9fd2a2b3fcfb5448)
    ✔ test vector from bitcoind #461 (ce1798aa03a5d438)
    ✔ test vector from bitcoind #462 (ded2707b8d2c682e)
    ✔ test vector from bitcoind #463 (e7373c57e072b928)
    ✔ test vector from bitcoind #464 (5714b1372d64be2f)
    ✔ test vector from bitcoind #465 (d0579ba78038af20)
    ✔ test vector from bitcoind #466 (082dc73fa30c20f9)
    ✔ test vector from bitcoind #467 (ec8aaa1cfde80330)
    ✔ test vector from bitcoind #468 (4282b1ab2c7cfa5e)
    ✔ test vector from bitcoind #469 (c25153198b7aa6f0)
    ✔ test vector from bitcoind #470 (db67b4ce42a83d13)
    ✔ test vector from bitcoind #471 (0ca2c7e824436115)
    ✔ test vector from bitcoind #472 (16efb660ca2b9504)
    ✔ test vector from bitcoind #473 (464d08b632d6af31)
    ✔ test vector from bitcoind #474 (21bb52bbecd9e041)
    ✔ test vector from bitcoind #475 (4475501c7680af28)
    ✔ test vector from bitcoind #476 (0b763d25783ca8b0)
    ✔ test vector from bitcoind #477 (347267d9bf162c69)
    ✔ test vector from bitcoind #478 (0771acc9b6e813da)
    ✔ test vector from bitcoind #479 (2b49e5bc94a74961)
    ✔ test vector from bitcoind #480 (cd290cddea1f0b59)
    ✔ test vector from bitcoind #481 (5a6138495588d2c8)
    ✔ test vector from bitcoind #482 (5b69efd4dd0d3497)
    ✔ test vector from bitcoind #483 (19baf2a57cfd7a44)
    ✔ test vector from bitcoind #484 (dc2ff2b4e90ed530)
    ✔ test vector from bitcoind #485 (8e749e2171d03e4d)
    ✔ test vector from bitcoind #486 (004568d902d4fb16)
    ✔ test vector from bitcoind #487 (468cd995279ac79c)
    ✔ test vector from bitcoind #488 (d7de300bf660420c)
    ✔ test vector from bitcoind #489 (57c1abdfaaec64f6)
    ✔ test vector from bitcoind #490 (b1770d83c1e6ab93)
    ✔ test vector from bitcoind #491 (48ccd730b388aea2)
    ✔ test vector from bitcoind #492 (11c356529e955c01)
    ✔ test vector from bitcoind #493 (2f6f07f7c6dfa002)
    ✔ test vector from bitcoind #494 (b0ab44fbdc5ece7a)
    ✔ test vector from bitcoind #495 (6ef688c6b7a9c76a)
    ✔ test vector from bitcoind #496 (4b702620ac3e57f5)
    ✔ test vector from bitcoind #497 (6954f50c07ddbb44)
    ✔ test vector from bitcoind #498 (f209d147dc3762a6)
    ✔ test vector from bitcoind #499 (fcf76ddfa0b73dc9)
    ✔ test vector from bitcoind #500 (d4c3afdce0f34eee)

  TransactionSignature
    ✔ can be created without the `new` keyword
    ✔ can be retrieved from Transaction#getSignatures
    ✔ fails when trying to create from invalid arguments
    ✔ returns the same object if called with a TransactionSignature
    ✔ gets returned by a P2SH multisig output
    ✔ can be aplied to a Transaction with Transaction#addSignature
    serialization
      ✔ serializes to an object and roundtrips correctly
      ✔ can be deserialized with fromObject
      ✔ can deserialize when signature is a buffer
      ✔ can roundtrip to/from json
      ✔ can parse a previously known json string
      ✔ can deserialize a previously known object

  Transaction
    ✔ should serialize and deserialize correctly a given transaction
    ✔ should parse the version as a signed integer
    ✔ fails if an invalid parameter is passed to constructor
    ✔ can serialize to a plain javascript object
    ✔ will not accept NaN as an amount
    ✔ returns the fee correctly
    ✔ will return zero as the fee for a coinbase
    ✔ serialize to Object roundtrip
    ✔ toObject/fromObject with signatures and custom fee
    ✔ toObject/fromObject with p2sh signatures and custom fee
    ✔ fromObject with pay-to-public-key previous outputs
    ✔ toObject/fromObject with witness, signatures and custom fee
    ✔ toObject/fromObject with nested witness, signatures and custom fee
    ✔ constructor returns a shallow copy of another transaction
    ✔ should display correctly in console
    ✔ standard hash of transaction should be decoded correctly
    ✔ serializes an empty transaction
    ✔ serializes and deserializes correctly
    ✔ handles anyone-can-spend utxo
    ✔ handles unsupported utxo in tx object
    ✔ will error if object hash does not match transaction hash
    transaction creation test vector
      ✔ case 1
      ✔ case 2
      ✔ case 3
      ✔ case 4
      ✔ case 5
      ✔ case 6
    adding inputs
      ✔ adds just once one utxo
      isFullySigned
        ✔ works for normal p2pkh
        ✔ fails when Inputs are not subclassed and isFullySigned is called
        ✔ fails when Inputs are not subclassed and verifySignature is called
        ✔ passes result of input.isValidSignature
    change address
      ✔ can calculate simply the output amount
      ✔ accepts a P2SH address for change
      ✔ can recalculate the change amount
      ✔ adds no fee if no change is available
      ✔ adds no fee if no money is available
      ✔ adds no change if fee less than DUST_AMOUNT
      ✔ fee can be set up manually
      ✔ fee per kb can be set up manually
      ✔ fee per byte (low fee) can be set up manually
      ✔ fee per byte (high fee) can be set up manually
      ✔ fee per byte can be set up manually
      ✔ fee per byte not enough for change
      ✔ if satoshis are invalid
      ✔ if fee is too small, fail serialization
      ✔ on second call to sign, change is not recalculated
      ✔ getFee() returns the difference between inputs and outputs if no change address set
      ✔ should not under calculate fee
    serialization
      ✔ stores the change address correctly
      ✔ can avoid checked serialize
      ✔ stores the fee set by the user
    checked serialize
      ✔ fails if no change address was set
      ✔ fails if a high fee was set
      ✔ fails if a dust output is created
      ✔ doesn't fail if a dust output is not dust
      ✔ doesn't fail if a dust output is an op_return
      ✔ fails when outputs and fee don't add to total input
      ✔ checks output amount before fee errors
      ✔ will throw fee error with disableMoreOutputThanInput enabled (but not triggered)
      skipping checks
        ✔ can skip the check for too much fee
        ✔ can skip the check for a fee that is too small
        ✔ can skip the check that prevents dust outputs
        ✔ can skip the check that prevents unsigned outputs
        ✔ can skip the check that avoids spending more bitcoins than the inputs for a transaction
    #verify
      ✔ not if _satoshis and _satoshisBN have different values
      ✔ not if _satoshis is negative
      ✔ not if transaction is greater than max block size
      ✔ not if has null input (and not coinbase)
    to and from JSON
      ✔ takes a string that is a valid JSON and deserializes from it
      ✔ serializes the `change` information
      ✔ serializes correctly p2sh multisig signed tx
    serialization of inputs
      ✔ can serialize and deserialize a P2PKH input
      ✔ can serialize and deserialize a P2SH input
      ✔ can serialize and deserialize a P2PWKH input
      ✔ can serialize and deserialize a wrapped P2PWKH input
    checks on adding inputs
      ✔ fails if no output script is provided
      ✔ fails if no satoshi amount is provided
      ✔ allows output and transaction to be feed as arguments
      ✔ does not allow a threshold number greater than the amount of public keys
      ✔ will add an empty script if not supplied
    removeInput and removeOutput
      ✔ can remove an input by index
      ✔ can remove an input by transaction id
      ✔ fails if the index provided is invalid
      ✔ an output can be removed by index
    handling the nLockTime
      ✔ handles a null locktime
      ✔ handles a simple example
      ✔ accepts a date instance
      ✔ accepts a number instance with a timestamp
      ✔ accepts a block height
      ✔ fails if the block height is too high
      ✔ fails if the date is too early
      ✔ fails if the block height is negative
      ✔ has a non-max sequenceNumber for effective date locktime tx
      ✔ has a non-max sequenceNumber for effective blockheight locktime tx
      ✔ should serialize correctly for date locktime 
      ✔ should serialize correctly for a block height locktime
    inputAmount + outputAmount
      ✔ returns correct values for simple transaction
      ✔ returns correct values for transaction with change
      ✔ returns correct values for coinjoin transaction
    output ordering
      ✔ allows the user to sort outputs according to a criteria
      ✔ allows the user to randomize the output order
      ✔ fails if the provided function does not work as expected
      ✔ shuffle without change
    clearOutputs
      ✔ removes all outputs and maintains the transaction in order
    BIP69 Sorting
      ✔ sorts inputs correctly
      ✔ sorts outputs correctly
      bitcoinjs fixtures
        ✔ Ordered by txId, descending (reverse-byte-order ascending)
        ✔ Ordered by vout, ascending
        ✔ Ordered by txId, then vout
        ✔ BIP69 test vector 1
        ✔ BIP69 test vector 2
        ✔ Ordered by Amount, ascending
        ✔ Ordered by Script, ascending
        ✔ Ordered by Amount, then Script
        ✔ Sorting is irrelevant for equivalent outputs
        ✔ BIP69 test vector 1
        ✔ BIP69 test vector 2
    Replace-by-fee
      #enableRBF
        ✔ only enable inputs not already enabled (0xffffffff)
        ✔ enable for inputs with 0xffffffff and 0xfffffffe
      #isRBF
        ✔ enable and determine opt-in
        ✔ determine opt-out with default sequence number
        ✔ determine opt-out with 0xfffffffe
        ✔ determine opt-out with 0xffffffff
        ✔ determine opt-in with 0xfffffffd (first input)
        ✔ determine opt-in with 0xfffffffd (second input)
    Segregated Witness
      ✔ identify as segwit transaction
      ✔ correctly calculate hash for segwit transaction
      ✔ round trip nested witness p2sh
      verifying
        ✔ will verify these signatures
        Bitcoin Core tests
          ✔ will verify pay-to-compressed publickey (v0) part 1
          ✔ will verify pay-to-compressed publickey (v0) part 2
          ✔ will verify p2sh witness pay-to-compressed pubkey (v0) part 1
          ✔ will verify p2sh witness pay-to-compressed pubkey (v0) part 2
          ✔ will verify witness 2-of-2 multisig (part 1)
          ✔ will verify witness 2-of-2 multisig (part 2)
          ✔ will verify witness 2-of-2 multisig (part 3)
          ✔ will verify p2sh witness 2-of-2 multisig (part 1)
          ✔ will verify p2sh witness 2-of-2 multisig (part 2)
          ✔ will verify p2sh witness 2-of-2 multisig (part 3)
          ✔ will verify witness pay-to-uncompressed-pubkey (v1) part 1
          ✔ will verify witness pay-to-uncompressed-pubkey (v1) part 2
          ✔ will verify p2sh witness pay-to-uncompressed-pubkey (v1) part 1
          ✔ will verify p2sh witness pay-to-uncompressed-pubkey (v1) part 2
      signing
        ✔ will sign with nested p2sh witness program
    getSighash
      ✔ should get sighash for publickey input
      ✔ should get sighash for publickeyhash input
      ✔ should get sighash for multisig input
      ✔ should get sighash for multisigscripthash input

  UnspentOutput
    ✔ roundtrip from raw data
    ✔ can be created without "new" operand
    ✔ fails if no tx id is provided
    ✔ fails if vout is not a number
    ✔ displays nicely on the console
    ✔ toString returns txid:vout
    ✔ to/from JSON roundtrip
    checking the constructor parameters
      ✔ fails when no amount is defined
      ✔ does not fail when amount is zero

  Unit
    ✔ can be created from a number and unit
    ✔ can be created from a number and exchange rate
    ✔ no "new" is required for creating an instance
    ✔ has property accesors "BTC", "mBTC", "uBTC", "bits", and "satoshis"
    ✔ a string amount is allowed
    ✔ should have constructor helpers
    ✔ converts to satoshis correctly
    ✔ takes into account floating point problems
    ✔ exposes unit codes
    ✔ exposes a method that converts to different units
    ✔ exposes shorthand conversion methods
    ✔ can convert to fiat
    ✔ toString works as expected
    ✔ can be imported and exported from/to JSON
    ✔ importing from invalid JSON fails quickly
    ✔ inspect method displays nicely
    ✔ fails when the unit is not recognized
    ✔ fails when the exchange rate is invalid

  URI
    ✔ parses uri strings correctly (test vector)
    ✔ URIs can be validated statically (test vector)
    ✔ fails on creation with no params
    ✔ do not need new keyword
    ✔ should create instance from object
    ✔ should support double slash scheme
    ✔ should input/output String
    ✔ should input/output JSON
    ✔ should support numeric amounts
    ✔ should support extra arguments
    ✔ should generate a valid URI
    ✔ should be case insensitive to protocol
    ✔ writes correctly the "r" parameter on string serialization
    ✔ displays nicely on the console (#inspect)
    ✔ fails early when fromString isn't provided a string
    ✔ fails early when fromJSON isn't provided a valid JSON string
    instantiation from dogecoin uri
      ✔ parses address
      ✔ parses amount
      ✔ parses a testnet address
      ✔ stores unknown parameters as "extras"
      ✔ throws error when a required feature is not supported
      ✔ has no false negative when checking supported features

  buffer utils
    equals
      ✔ recognizes these two equal buffers
      ✔ no false positive: returns false with two different buffers
      ✔ coverage: quickly realizes a difference in size and returns false
      ✔ "equals" is an an alias for "equal"
    fill
      ✔ checks arguments
      ✔ works correctly for a small buffer
    isBuffer
      ✔ has no false positive
      ✔ has no false negative
    emptyBuffer
      ✔ creates a buffer filled with zeros
      ✔ checks arguments
    single byte buffer <=> integer
      ✔ integerAsSingleByteBuffer should return a buffer of length 1
      ✔ should check the type
      ✔ works correctly for edge cases
      ✔ does a round trip
    4byte buffer integer <=> integer
      ✔ integerAsBuffer should return a buffer of length 4
      ✔ is little endian
      ✔ should check the type
      ✔ works correctly for edge cases
      ✔ does a round trip
    buffer to hex
      ✔ returns an expected value in hexa
      ✔ checks the argument type
      ✔ round trips
    reverse
      ✔ reverses a buffer

  js utils
    isValidJSON
      ✔ does not mistake an integer as valid json object
      ✔ correctly validates a json object
      ✔ correctly validates an array json object
    isNaturalNumber
      ✔ false for float
      ✔ false for string float
      ✔ false for string integer
      ✔ false for negative integer
      ✔ false for negative integer string
      ✔ false for infinity
      ✔ false for NaN
      ✔ true for zero
      ✔ true for positive integer

  preconditions
    ✔ can be used to assert state
    ✔ throws no false negative
    ✔ can be used to check an argument
    ✔ can be used to check an argument type
    ✔ has no false negatives when used to check an argument type
    ✔ can be used to check an argument type for a class
    ✔ has no false negatives when checking a type for a class
    ✔ formats correctly a message on InvalidArgument()
    ✔ formats correctly a message on checkArgument


  2335 passing (2s)
  3 pending


=============================== Coverage summary ===============================
Statements   : 92.04% ( 4944/5371 )
Branches     : 86.4% ( 2173/2515 )
Functions    : 95.85% ( 671/700 )
Lines        : 91.99% ( 4883/5308 )
================================================================================

Execution of 1 workers started at 2026-09-07T18:56:35.099Z

[0-0] RUNNING in chrome - file:///tests.js
[0-0] `sandbox.create()` is deprecated. Use default sandbox at `sinon.sandbox` or create new sandboxes with `sinon.createSandbox()`
[0-0] PASSED in chrome - file:///tests.js

 "spec" Reporter:
------------------------------------------------------------------
[chrome 150.0.7871.187 mac #0-0] Running: chrome (v150.0.7871.187) on mac
[chrome 150.0.7871.187 mac #0-0] Session ID: f90864d2e65711db10b5074359ebf177
[chrome 150.0.7871.187 mac #0-0]
[chrome 150.0.7871.187 mac #0-0] » file:///tests.js
[chrome 150.0.7871.187 mac #0-0] Transaction
[chrome 150.0.7871.187 mac #0-0]    ✓ should serialize and deserialize correctly a given transaction
[chrome 150.0.7871.187 mac #0-0]    ✓ should parse the version as a signed integer
[chrome 150.0.7871.187 mac #0-0]    ✓ fails if an invalid parameter is passed to constructor
[chrome 150.0.7871.187 mac #0-0]    ✓ can serialize to a plain javascript object
[chrome 150.0.7871.187 mac #0-0]    ✓ will not accept NaN as an amount
[chrome 150.0.7871.187 mac #0-0]    ✓ returns the fee correctly
[chrome 150.0.7871.187 mac #0-0]    ✓ will return zero as the fee for a coinbase
[chrome 150.0.7871.187 mac #0-0]    ✓ serialize to Object roundtrip
[chrome 150.0.7871.187 mac #0-0]    ✓ toObject/fromObject with signatures and custom fee
[chrome 150.0.7871.187 mac #0-0]    ✓ toObject/fromObject with p2sh signatures and custom fee
[chrome 150.0.7871.187 mac #0-0]    ✓ fromObject with pay-to-public-key previous outputs
[chrome 150.0.7871.187 mac #0-0]    ✓ toObject/fromObject with witness, signatures and custom fee
[chrome 150.0.7871.187 mac #0-0]    ✓ toObject/fromObject with nested witness, signatures and custom fee
[chrome 150.0.7871.187 mac #0-0]    ✓ constructor returns a shallow copy of another transaction
[chrome 150.0.7871.187 mac #0-0]    ✓ should display correctly in console
[chrome 150.0.7871.187 mac #0-0]    ✓ standard hash of transaction should be decoded correctly
[chrome 150.0.7871.187 mac #0-0]    ✓ serializes an empty transaction
[chrome 150.0.7871.187 mac #0-0]    ✓ serializes and deserializes correctly
[chrome 150.0.7871.187 mac #0-0]    ✓ handles anyone-can-spend utxo
[chrome 150.0.7871.187 mac #0-0]    ✓ handles unsupported utxo in tx object
[chrome 150.0.7871.187 mac #0-0]    ✓ will error if object hash does not match transaction hash
[chrome 150.0.7871.187 mac #0-0]
[chrome 150.0.7871.187 mac #0-0]     transaction creation test vector
[chrome 150.0.7871.187 mac #0-0]        ✓ case 1
[chrome 150.0.7871.187 mac #0-0]        ✓ case 2
[chrome 150.0.7871.187 mac #0-0]        ✓ case 3
[chrome 150.0.7871.187 mac #0-0]        ✓ case 4
[chrome 150.0.7871.187 mac #0-0]        ✓ case 5
[chrome 150.0.7871.187 mac #0-0]        ✓ case 6
[chrome 150.0.7871.187 mac #0-0]
[chrome 150.0.7871.187 mac #0-0]     adding inputs
[chrome 150.0.7871.187 mac #0-0]        ✓ adds just once one utxo
[chrome 150.0.7871.187 mac #0-0]
[chrome 150.0.7871.187 mac #0-0]         isFullySigned
[chrome 150.0.7871.187 mac #0-0]            ✓ works for normal p2pkh
[chrome 150.0.7871.187 mac #0-0]            ✓ fails when Inputs are not subclassed and isFullySigned is called
[chrome 150.0.7871.187 mac #0-0]            ✓ fails when Inputs are not subclassed and verifySignature is called
[chrome 150.0.7871.187 mac #0-0]            ✓ passes result of input.isValidSignature
[chrome 150.0.7871.187 mac #0-0]
[chrome 150.0.7871.187 mac #0-0]     change address
[chrome 150.0.7871.187 mac #0-0]        ✓ can calculate simply the output amount
[chrome 150.0.7871.187 mac #0-0]        ✓ accepts a P2SH address for change
[chrome 150.0.7871.187 mac #0-0]        ✓ can recalculate the change amount
[chrome 150.0.7871.187 mac #0-0]        ✓ adds no fee if no change is available
[chrome 150.0.7871.187 mac #0-0]        ✓ adds no fee if no money is available
[chrome 150.0.7871.187 mac #0-0]        ✓ adds no change if fee less than DUST_AMOUNT
[chrome 150.0.7871.187 mac #0-0]        ✓ fee can be set up manually
[chrome 150.0.7871.187 mac #0-0]        ✓ fee per kb can be set up manually
[chrome 150.0.7871.187 mac #0-0]        ✓ fee per byte (low fee) can be set up manually
[chrome 150.0.7871.187 mac #0-0]        ✓ fee per byte (high fee) can be set up manually
[chrome 150.0.7871.187 mac #0-0]        ✓ fee per byte can be set up manually
[chrome 150.0.7871.187 mac #0-0]        ✓ fee per byte not enough for change
[chrome 150.0.7871.187 mac #0-0]        ✓ if satoshis are invalid
[chrome 150.0.7871.187 mac #0-0]        ✓ if fee is too small, fail serialization
[chrome 150.0.7871.187 mac #0-0]        ✓ on second call to sign, change is not recalculated
[chrome 150.0.7871.187 mac #0-0]        ✓ getFee() returns the difference between inputs and outputs if no change address set
[chrome 150.0.7871.187 mac #0-0]        ✓ should not under calculate fee
[chrome 150.0.7871.187 mac #0-0]
[chrome 150.0.7871.187 mac #0-0]     serialization
[chrome 150.0.7871.187 mac #0-0]        ✓ stores the change address correctly
[chrome 150.0.7871.187 mac #0-0]        ✓ can avoid checked serialize
[chrome 150.0.7871.187 mac #0-0]        ✓ stores the fee set by the user
[chrome 150.0.7871.187 mac #0-0]
[chrome 150.0.7871.187 mac #0-0]     checked serialize
[chrome 150.0.7871.187 mac #0-0]        ✓ fails if no change address was set
[chrome 150.0.7871.187 mac #0-0]        ✓ fails if a high fee was set
[chrome 150.0.7871.187 mac #0-0]        ✓ fails if a dust output is created
[chrome 150.0.7871.187 mac #0-0]        ✓ doesn't fail if a dust output is not dust
[chrome 150.0.7871.187 mac #0-0]        ✓ doesn't fail if a dust output is an op_return
[chrome 150.0.7871.187 mac #0-0]        ✓ fails when outputs and fee don't add to total input
[chrome 150.0.7871.187 mac #0-0]        ✓ checks output amount before fee errors
[chrome 150.0.7871.187 mac #0-0]        ✓ will throw fee error with disableMoreOutputThanInput enabled (but not triggered)
[chrome 150.0.7871.187 mac #0-0]
[chrome 150.0.7871.187 mac #0-0]         skipping checks
[chrome 150.0.7871.187 mac #0-0]            ✓ can skip the check for too much fee
[chrome 150.0.7871.187 mac #0-0]            ✓ can skip the check for a fee that is too small
[chrome 150.0.7871.187 mac #0-0]            ✓ can skip the check that prevents dust outputs
[chrome 150.0.7871.187 mac #0-0]            ✓ can skip the check that prevents unsigned outputs
[chrome 150.0.7871.187 mac #0-0]            ✓ can skip the check that avoids spending more bitcoins than the inputs for a transaction
[chrome 150.0.7871.187 mac #0-0]
[chrome 150.0.7871.187 mac #0-0]     #verify
[chrome 150.0.7871.187 mac #0-0]        ✓ not if _satoshis and _satoshisBN have different values
[chrome 150.0.7871.187 mac #0-0]        ✓ not if _satoshis is negative
[chrome 150.0.7871.187 mac #0-0]        ✓ not if transaction is greater than max block size
[chrome 150.0.7871.187 mac #0-0]        ✓ not if has null input (and not coinbase)
[chrome 150.0.7871.187 mac #0-0]
[chrome 150.0.7871.187 mac #0-0]     to and from JSON
[chrome 150.0.7871.187 mac #0-0]        ✓ takes a string that is a valid JSON and deserializes from it
[chrome 150.0.7871.187 mac #0-0]        ✓ serializes the `change` information
[chrome 150.0.7871.187 mac #0-0]        ✓ serializes correctly p2sh multisig signed tx
[chrome 150.0.7871.187 mac #0-0]
[chrome 150.0.7871.187 mac #0-0]     serialization of inputs
[chrome 150.0.7871.187 mac #0-0]        ✓ can serialize and deserialize a P2PKH input
[chrome 150.0.7871.187 mac #0-0]        ✓ can serialize and deserialize a P2SH input
[chrome 150.0.7871.187 mac #0-0]        ✓ can serialize and deserialize a P2PWKH input
[chrome 150.0.7871.187 mac #0-0]        ✓ can serialize and deserialize a wrapped P2PWKH input
[chrome 150.0.7871.187 mac #0-0]
[chrome 150.0.7871.187 mac #0-0]     checks on adding inputs
[chrome 150.0.7871.187 mac #0-0]        ✓ fails if no output script is provided
[chrome 150.0.7871.187 mac #0-0]        ✓ fails if no satoshi amount is provided
[chrome 150.0.7871.187 mac #0-0]        ✓ allows output and transaction to be feed as arguments
[chrome 150.0.7871.187 mac #0-0]        ✓ does not allow a threshold number greater than the amount of public keys
[chrome 150.0.7871.187 mac #0-0]        ✓ will add an empty script if not supplied
[chrome 150.0.7871.187 mac #0-0]
[chrome 150.0.7871.187 mac #0-0]     removeInput and removeOutput
[chrome 150.0.7871.187 mac #0-0]        ✓ can remove an input by index
[chrome 150.0.7871.187 mac #0-0]        ✓ can remove an input by transaction id
[chrome 150.0.7871.187 mac #0-0]        ✓ fails if the index provided is invalid
[chrome 150.0.7871.187 mac #0-0]        ✓ an output can be removed by index
[chrome 150.0.7871.187 mac #0-0]
[chrome 150.0.7871.187 mac #0-0]     handling the nLockTime
[chrome 150.0.7871.187 mac #0-0]        ✓ handles a null locktime
[chrome 150.0.7871.187 mac #0-0]        ✓ handles a simple example
[chrome 150.0.7871.187 mac #0-0]        ✓ accepts a date instance
[chrome 150.0.7871.187 mac #0-0]        ✓ accepts a number instance with a timestamp
[chrome 150.0.7871.187 mac #0-0]        ✓ accepts a block height
[chrome 150.0.7871.187 mac #0-0]        ✓ fails if the block height is too high
[chrome 150.0.7871.187 mac #0-0]        ✓ fails if the date is too early
[chrome 150.0.7871.187 mac #0-0]        ✓ fails if the block height is negative
[chrome 150.0.7871.187 mac #0-0]        ✓ has a non-max sequenceNumber for effective date locktime tx
[chrome 150.0.7871.187 mac #0-0]        ✓ has a non-max sequenceNumber for effective blockheight locktime tx
[chrome 150.0.7871.187 mac #0-0]        ✓ should serialize correctly for date locktime
[chrome 150.0.7871.187 mac #0-0]        ✓ should serialize correctly for a block height locktime
[chrome 150.0.7871.187 mac #0-0]
[chrome 150.0.7871.187 mac #0-0]     inputAmount + outputAmount
[chrome 150.0.7871.187 mac #0-0]        ✓ returns correct values for simple transaction
[chrome 150.0.7871.187 mac #0-0]        ✓ returns correct values for transaction with change
[chrome 150.0.7871.187 mac #0-0]        ✓ returns correct values for coinjoin transaction
[chrome 150.0.7871.187 mac #0-0]
[chrome 150.0.7871.187 mac #0-0]     output ordering
[chrome 150.0.7871.187 mac #0-0]        ✓ allows the user to sort outputs according to a criteria
[chrome 150.0.7871.187 mac #0-0]        ✓ allows the user to randomize the output order
[chrome 150.0.7871.187 mac #0-0]        ✓ fails if the provided function does not work as expected
[chrome 150.0.7871.187 mac #0-0]        ✓ shuffle without change
[chrome 150.0.7871.187 mac #0-0]
[chrome 150.0.7871.187 mac #0-0]     clearOutputs
[chrome 150.0.7871.187 mac #0-0]        ✓ removes all outputs and maintains the transaction in order
[chrome 150.0.7871.187 mac #0-0]
[chrome 150.0.7871.187 mac #0-0]     BIP69 Sorting
[chrome 150.0.7871.187 mac #0-0]        ✓ sorts inputs correctly
[chrome 150.0.7871.187 mac #0-0]        ✓ sorts outputs correctly
[chrome 150.0.7871.187 mac #0-0]
[chrome 150.0.7871.187 mac #0-0]         bitcoinjs fixtures
[chrome 150.0.7871.187 mac #0-0]            ✓ Ordered by txId, descending (reverse-byte-order ascending)
[chrome 150.0.7871.187 mac #0-0]            ✓ Ordered by vout, ascending
[chrome 150.0.7871.187 mac #0-0]            ✓ Ordered by txId, then vout
[chrome 150.0.7871.187 mac #0-0]            ✓ BIP69 test vector 1
[chrome 150.0.7871.187 mac #0-0]            ✓ BIP69 test vector 2
[chrome 150.0.7871.187 mac #0-0]            ✓ Ordered by Amount, ascending
[chrome 150.0.7871.187 mac #0-0]            ✓ Ordered by Script, ascending
[chrome 150.0.7871.187 mac #0-0]            ✓ Ordered by Amount, then Script
[chrome 150.0.7871.187 mac #0-0]            ✓ Sorting is irrelevant for equivalent outputs
[chrome 150.0.7871.187 mac #0-0]            ✓ BIP69 test vector 1
[chrome 150.0.7871.187 mac #0-0]            ✓ BIP69 test vector 2
[chrome 150.0.7871.187 mac #0-0]
[chrome 150.0.7871.187 mac #0-0]     Replace-by-fee
[chrome 150.0.7871.187 mac #0-0]         #enableRBF
[chrome 150.0.7871.187 mac #0-0]            ✓ only enable inputs not already enabled (0xffffffff)
[chrome 150.0.7871.187 mac #0-0]            ✓ enable for inputs with 0xffffffff and 0xfffffffe
[chrome 150.0.7871.187 mac #0-0]
[chrome 150.0.7871.187 mac #0-0]         #isRBF
[chrome 150.0.7871.187 mac #0-0]            ✓ enable and determine opt-in
[chrome 150.0.7871.187 mac #0-0]            ✓ determine opt-out with default sequence number
[chrome 150.0.7871.187 mac #0-0]            ✓ determine opt-out with 0xfffffffe
[chrome 150.0.7871.187 mac #0-0]            ✓ determine opt-out with 0xffffffff
[chrome 150.0.7871.187 mac #0-0]            ✓ determine opt-in with 0xfffffffd (first input)
[chrome 150.0.7871.187 mac #0-0]            ✓ determine opt-in with 0xfffffffd (second input)
[chrome 150.0.7871.187 mac #0-0]
[chrome 150.0.7871.187 mac #0-0]     Segregated Witness
[chrome 150.0.7871.187 mac #0-0]        ✓ identify as segwit transaction
[chrome 150.0.7871.187 mac #0-0]        ✓ correctly calculate hash for segwit transaction
[chrome 150.0.7871.187 mac #0-0]        ✓ round trip nested witness p2sh
[chrome 150.0.7871.187 mac #0-0]
[chrome 150.0.7871.187 mac #0-0]         verifying
[chrome 150.0.7871.187 mac #0-0]            ✓ will verify these signatures
[chrome 150.0.7871.187 mac #0-0]
[chrome 150.0.7871.187 mac #0-0]             Bitcoin Core tests
[chrome 150.0.7871.187 mac #0-0]                ✓ will verify pay-to-compressed publickey (v0) part 1
[chrome 150.0.7871.187 mac #0-0]                ✓ will verify pay-to-compressed publickey (v0) part 2
[chrome 150.0.7871.187 mac #0-0]                ✓ will verify p2sh witness pay-to-compressed pubkey (v0) part 1
[chrome 150.0.7871.187 mac #0-0]                ✓ will verify p2sh witness pay-to-compressed pubkey (v0) part 2
[chrome 150.0.7871.187 mac #0-0]                ✓ will verify witness 2-of-2 multisig (part 1)
[chrome 150.0.7871.187 mac #0-0]                ✓ will verify witness 2-of-2 multisig (part 2)
[chrome 150.0.7871.187 mac #0-0]                ✓ will verify witness 2-of-2 multisig (part 3)
[chrome 150.0.7871.187 mac #0-0]                ✓ will verify p2sh witness 2-of-2 multisig (part 1)
[chrome 150.0.7871.187 mac #0-0]                ✓ will verify p2sh witness 2-of-2 multisig (part 2)
[chrome 150.0.7871.187 mac #0-0]                ✓ will verify p2sh witness 2-of-2 multisig (part 3)
[chrome 150.0.7871.187 mac #0-0]                ✓ will verify witness pay-to-uncompressed-pubkey (v1) part 1
[chrome 150.0.7871.187 mac #0-0]                ✓ will verify witness pay-to-uncompressed-pubkey (v1) part 2
[chrome 150.0.7871.187 mac #0-0]                ✓ will verify p2sh witness pay-to-uncompressed-pubkey (v1) part 1
[chrome 150.0.7871.187 mac #0-0]                ✓ will verify p2sh witness pay-to-uncompressed-pubkey (v1) part 2
[chrome 150.0.7871.187 mac #0-0]
[chrome 150.0.7871.187 mac #0-0]         signing
[chrome 150.0.7871.187 mac #0-0]            ✓ will sign with nested p2sh witness program
[chrome 150.0.7871.187 mac #0-0]
[chrome 150.0.7871.187 mac #0-0]     getSighash
[chrome 150.0.7871.187 mac #0-0]        ✓ should get sighash for publickey input
[chrome 150.0.7871.187 mac #0-0]        ✓ should get sighash for publickeyhash input
[chrome 150.0.7871.187 mac #0-0]        ✓ should get sighash for multisig input
[chrome 150.0.7871.187 mac #0-0]        ✓ should get sighash for multisigscripthash input
[chrome 150.0.7871.187 mac #0-0]
[chrome 150.0.7871.187 mac #0-0] PublicKeyHashInput
[chrome 150.0.7871.187 mac #0-0]    ✓ can count missing signatures
[chrome 150.0.7871.187 mac #0-0]    ✓ it's size can be estimated
[chrome 150.0.7871.187 mac #0-0]    ✓ it's signature can be removed
[chrome 150.0.7871.187 mac #0-0]    ✓ returns an empty array if private key mismatches
[chrome 150.0.7871.187 mac #0-0]
[chrome 150.0.7871.187 mac #0-0] MultiSigInput
[chrome 150.0.7871.187 mac #0-0]    ✓ can count missing signatures
[chrome 150.0.7871.187 mac #0-0]    ✓ can count missing signatures, signed with key 3 and 1
[chrome 150.0.7871.187 mac #0-0]    ✓ returns a list of public keys with missing signatures
[chrome 150.0.7871.187 mac #0-0]    ✓ can clear all signatures
[chrome 150.0.7871.187 mac #0-0]    ✓ can estimate how heavy is the output going to be
[chrome 150.0.7871.187 mac #0-0]    ✓ uses SIGHASH_ALL by default
[chrome 150.0.7871.187 mac #0-0]    ✓ roundtrips to/from object
[chrome 150.0.7871.187 mac #0-0]    ✓ roundtrips to/from object when not signed
[chrome 150.0.7871.187 mac #0-0]    ✓ can parse list of signature buffers, from TX signed with key 1 and 2
[chrome 150.0.7871.187 mac #0-0]    ✓ can parse list of signature buffers, from TX signed with key 3 and 1
[chrome 150.0.7871.187 mac #0-0]
[chrome 150.0.7871.187 mac #0-0] MultiSigScriptHashInput
[chrome 150.0.7871.187 mac #0-0]    ✓ can count missing signatures
[chrome 150.0.7871.187 mac #0-0]    ✓ returns a list of public keys with missing signatures
[chrome 150.0.7871.187 mac #0-0]    ✓ can clear all signatures
[chrome 150.0.7871.187 mac #0-0]    ✓ can estimate how heavy is the output going to be
[chrome 150.0.7871.187 mac #0-0]    ✓ uses SIGHASH_ALL by default
[chrome 150.0.7871.187 mac #0-0]    ✓ roundtrips to/from object
[chrome 150.0.7871.187 mac #0-0]    ✓ roundtrips to/from object when not signed
[chrome 150.0.7871.187 mac #0-0]    ✓ will get the scriptCode for nested witness
[chrome 150.0.7871.187 mac #0-0]    ✓ will get the satoshis buffer for nested witness
[chrome 150.0.7871.187 mac #0-0]
[chrome 150.0.7871.187 mac #0-0] PublicKeyInput
[chrome 150.0.7871.187 mac #0-0]    ✓ will correctly sign a publickey out transaction
[chrome 150.0.7871.187 mac #0-0]    ✓ count can count missing signatures
[chrome 150.0.7871.187 mac #0-0]    ✓ it's size can be estimated
[chrome 150.0.7871.187 mac #0-0]    ✓ it's signature can be removed
[chrome 150.0.7871.187 mac #0-0]    ✓ returns an empty array if private key mismatches
[chrome 150.0.7871.187 mac #0-0]
[chrome 150.0.7871.187 mac #0-0] Transaction.Input
[chrome 150.0.7871.187 mac #0-0]    ✓ has abstract methods: "getSignatures", "isFullySigned", "addSignature", "clearSignatures"
[chrome 150.0.7871.187 mac #0-0]    ✓ detects coinbase transactions
[chrome 150.0.7871.187 mac #0-0]    ✓ _estimateSize returns correct size
[chrome 150.0.7871.187 mac #0-0]
[chrome 150.0.7871.187 mac #0-0]     instantiation
[chrome 150.0.7871.187 mac #0-0]        ✓ works without new
[chrome 150.0.7871.187 mac #0-0]        ✓ fails with no script info
[chrome 150.0.7871.187 mac #0-0]        ✓ fromObject should work
[chrome 150.0.7871.187 mac #0-0]        ✓ fromObject should work
[chrome 150.0.7871.187 mac #0-0]
[chrome 150.0.7871.187 mac #0-0] sighash
[chrome 150.0.7871.187 mac #0-0]    ✓ test vector from bitcoind #1 (eb0f4de9612aab22)
[chrome 150.0.7871.187 mac #0-0]    ✓ test vector from bitcoind #2 (09a9e6776d4680f2)
[chrome 150.0.7871.187 mac #0-0]    ✓ test vector from bitcoind #3 (d7037ad65c9b74da)
[chrome 150.0.7871.187 mac #0-0]    ✓ test vector from bitcoind #4 (3c51ee106b2c95d1)
[chrome 150.0.7871.187 mac #0-0]    ✓ test vector from bitcoind #5 (51531b9322e9e208)
[chrome 150.0.7871.187 mac #0-0]    ✓ test vector from bitcoind #6 (6e3a29c35a204575)
[chrome 150.0.7871.187 mac #0-0]    ✓ test vector from bitcoind #7 (0f109bc8c9f2ebbf)
[chrome 150.0.7871.187 mac #0-0]    ✓ test vector from bitcoind #8 (743ea009e2c04643)
[chrome 150.0.7871.187 mac #0-0]    ✓ test vector from bitcoind #9 (19a467462b2b0921)
[chrome 150.0.7871.187 mac #0-0]    ✓ test vector from bitcoind #10 (2ffdd16d76dffff0)
[chrome 150.0.7871.187 mac #0-0]    ✓ test vector from bitcoind #11 (9043df8b64b46f4a)
[chrome 150.0.7871.187 mac #0-0]    ✓ test vector from bitcoind #12 (79a62ee72ef5b9bf)
[chrome 150.0.7871.187 mac #0-0]    ✓ test vector from bitcoind #13 (1fcd9ff23c9519e7)
[chrome 150.0.7871.187 mac #0-0]    ✓ test vector from bitcoind #14 (b131a2295a9adcd0)
[chrome 150.0.7871.187 mac #0-0]    ✓ test vector from bitcoind #15 (8e6e5539a1206dc8)
[chrome 150.0.7871.187 mac #0-0]    ✓ test vector from bitcoind #16 (40db50b022d9036c)
[chrome 150.0.7871.187 mac #0-0]    ✓ test vector from bitcoind #17 (8da5049376997651)
[chrome 150.0.7871.187 mac #0-0]    ✓ test vector from bitcoind #18 (950c5b352c2e575d)
[chrome 150.0.7871.187 mac #0-0]    ✓ test vector from bitcoind #19 (ce6e3144e588c1eb)
[chrome 150.0.7871.187 mac #0-0]    ✓ test vector from bitcoind #20 (d84c3332b447750a)
[chrome 150.0.7871.187 mac #0-0]    ✓ test vector from bitcoind #21 (2a324a9a68cd7323)
[chrome 150.0.7871.187 mac #0-0]    ✓ test vector from bitcoind #22 (ed09a664d81e27ee)
[chrome 150.0.7871.187 mac #0-0]    ✓ test vector from bitcoind #23 (a5110decb3440510)
[chrome 150.0.7871.187 mac #0-0]    ✓ test vector from bitcoind #24 (8a7810620dd62653)
[chrome 150.0.7871.187 mac #0-0]    ✓ test vector from bitcoind #25 (2559a670c5608151)
[chrome 150.0.7871.187 mac #0-0]    ✓ test vector from bitcoind #26 (0f2138df5578c47c)
[chrome 150.0.7871.187 mac #0-0]    ✓ test vector from bitcoind #27 (9f3f7f45fc10c3f0)
[chrome 150.0.7871.187 mac #0-0]    ✓ test vector from bitcoind #28 (ef5c6731e467d17b)
[chrome 150.0.7871.187 mac #0-0]    ✓ test vector from bitcoind #29 (528b7c588c1b41c9)
[chrome 150.0.7871.187 mac #0-0]    ✓ test vector from bitcoind #30 (e19224826215c5cb)
[chrome 150.0.7871.187 mac #0-0]    ✓ test vector from bitcoind #31 (dfe92adda77abae3)
[chrome 150.0.7871.187 mac #0-0]    ✓ test vector from bitcoind #32 (3c4240a1e7cb5a52)
[chrome 150.0.7871.187 mac #0-0]    ✓ test vector from bitcoind #33 (c575b392b02805c6)
[chrome 150.0.7871.187 mac #0-0]    ✓ test vector from bitcoind #34 (3af5fa3c83e43b72)
[chrome 150.0.7871.187 mac #0-0]    ✓ test vector from bitcoind #35 (9ea3bf35dc83db25)
[chrome 150.0.7871.187 mac #0-0]    ✓ test vector from bitcoind #36 (8aef89c2ffcf260f)
[chrome 150.0.7871.187 mac #0-0]    ✓ test vector from bitcoind #37 (412e44b73a8f4911)
[chrome 150.0.7871.187 mac #0-0]    ✓ test vector from bitcoind #38 (42bad80a2bdf54aa)
[chrome 150.0.7871.187 mac #0-0]    ✓ test vector from bitcoind #39 (912852488de2b75b)
[chrome 150.0.7871.187 mac #0-0]    ✓ test vector from bitcoind #40 (ebae5ebf640800f9)
[chrome 150.0.7871.187 mac #0-0]    ✓ test vector from bitcoind #41 (6c327e2d36c9fd30)
[chrome 150.0.7871.187 mac #0-0]    ✓ test vector from bitcoind #42 (085435c5f62e8dba)
[chrome 150.0.7871.187 mac #0-0]    ✓ test vector from bitcoind #43 (78c8b60dd8a8876b)
[chrome 150.0.7871.187 mac #0-0]    ✓ test vector from bitcoind #44 (cdb613d2c35dc144)
[chrome 150.0.7871.187 mac #0-0]    ✓ test vector from bitcoind #45 (3524b6db7e121d57)
[chrome 150.0.7871.187 mac #0-0]    ✓ test vector from bitcoind #46 (8687ae938ee38ee8)
[chrome 150.0.7871.187 mac #0-0]    ✓ test vector from bitcoind #47 (a9c2bc7a30dadc6c)
[chrome 150.0.7871.187 mac #0-0]    ✓ test vector from bitcoind #48 (5571f232f5cade26)
[chrome 150.0.7871.187 mac #0-0]    ✓ test vector from bitcoind #49 (7601b5ca0ce9e058)
[chrome 150.0.7871.187 mac #0-0]    ✓ test vector from bitcoind #50 (789ed372f4eb2deb)
[chrome 150.0.7871.187 mac #0-0]    ✓ test vector from bitcoind #51 (7a2668c27ad1894b)
[chrome 150.0.7871.187 mac #0-0]    ✓ test vector from bitcoind #52 (0409726a4bbed967)
[chrome 150.0.7871.187 mac #0-0]    ✓ test vector from bitcoind #53 (b8aec3c522fe4b1f)
[chrome 150.0.7871.187 mac #0-0]    ✓ test vector from bitcoind #54 (02ab9e784f1ad908)
[chrome 150.0.7871.187 mac #0-0]    ✓ test vector from bitcoind #55 (be5f0943a940aed7)
[chrome 150.0.7871.187 mac #0-0]    ✓ test vector from bitcoind #56 (f0c8d9c43c528438)
[chrome 150.0.7871.187 mac #0-0]    ✓ test vector from bitcoind #57 (9423472e8a494a9f)
[chrome 150.0.7871.187 mac #0-0]    ✓ test vector from bitcoind #58 (778d3b075b2a7c27)
[chrome 150.0.7871.187 mac #0-0]    ✓ test vector from bitcoind #59 (f67f88113a79568e)
[chrome 150.0.7871.187 mac #0-0]    ✓ test vector from bitcoind #60 (30b7bdfc7269bded)
[chrome 150.0.7871.187 mac #0-0]    ✓ test vector from bitcoind #61 (6b5c5af14054376d)
[chrome 150.0.7871.187 mac #0-0]    ✓ test vector from bitcoind #62 (0ef4d96ad09167bf)
[chrome 150.0.7871.187 mac #0-0]    ✓ test vector from bitcoind #63 (c303b867f3c94839)
[chrome 150.0.7871.187 mac #0-0]    ✓ test vector from bitcoind #64 (520b8a26205db880)
[chrome 150.0.7871.187 mac #0-0]    ✓ test vector from bitcoind #65 (532eb79b784fe906)
[chrome 150.0.7871.187 mac #0-0]    ✓ test vector from bitcoind #66 (03d36e46f18863f4)
[chrome 150.0.7871.187 mac #0-0]    ✓ test vector from bitcoind #67 (f8d20d848992b881)
[chrome 150.0.7871.187 mac #0-0]    ✓ test vector from bitcoind #68 (e709855fe623f77a)
[chrome 150.0.7871.187 mac #0-0]    ✓ test vector from bitcoind #69 (3712a2d87068e93a)
[chrome 150.0.7871.187 mac #0-0]    ✓ test vector from bitcoind #70 (408a9ccea8155fb8)
[chrome 150.0.7871.187 mac #0-0]    ✓ test vector from bitcoind #71 (49519ea285394968)
[chrome 150.0.7871.187 mac #0-0]    ✓ test vector from bitcoind #72 (dec8e05ffa806649)
[chrome 150.0.7871.187 mac #0-0]    ✓ test vector from bitcoind #73 (7661b687cbd66add)
[chrome 150.0.7871.187 mac #0-0]    ✓ test vector from bitcoind #74 (443a002ec4d07289)
[chrome 150.0.7871.187 mac #0-0]    ✓ test vector from bitcoind #75 (11f7129b15a6b71e)
[chrome 150.0.7871.187 mac #0-0]    ✓ test vector from bitcoind #76 (bdcafa05b7f6250e)
[chrome 150.0.7871.187 mac #0-0]    ✓ test vector from bitcoind #77 (8a98e79f40cf39e7)
[chrome 150.0.7871.187 mac #0-0]    ✓ test vector from bitcoind #78 (6050c536d3d599d4)
[chrome 150.0.7871.187 mac #0-0]    ✓ test vector from bitcoind #79 (f61aa1762011cb09)
[chrome 150.0.7871.187 mac #0-0]    ✓ test vector from bitcoind #80 (d2da211677108f3f)
[chrome 150.0.7871.187 mac #0-0]    ✓ test vector from bitcoind #81 (f013d878a04dc785)
[chrome 150.0.7871.187 mac #0-0]    ✓ test vector from bitcoind #82 (6176f4ae55db438e)
[chrome 150.0.7871.187 mac #0-0]    ✓ test vector from bitcoind #83 (6ed25dc551f600b2)
[chrome 150.0.7871.187 mac #0-0]    ✓ test vector from bitcoind #84 (03aa96c84671720a)
[chrome 150.0.7871.187 mac #0-0]    ✓ test vector from bitcoind #85 (14ce45ecd7a8d4d6)
[chrome 150.0.7871.187 mac #0-0]    ✓ test vector from bitcoind #86 (2ece6d4afba2b3c1)
[chrome 150.0.7871.187 mac #0-0]    ✓ test vector from bitcoind #87 (4a6c0a8e68693c57)
[chrome 150.0.7871.187 mac #0-0]    ✓ test vector from bitcoind #88 (e3c4c0a7da6d19ec)
[chrome 150.0.7871.187 mac #0-0]    ✓ test vector from bitcoind #89 (984e8bcec34b954a)
[chrome 150.0.7871.187 mac #0-0]    ✓ test vector from bitcoind #90 (2461311b51c0f1f1)
[chrome 150.0.7871.187 mac #0-0]    ✓ test vector from bitcoind #91 (e7bdbb1d76ad6815)
[chrome 150.0.7871.187 mac #0-0]    ✓ test vector from bitcoind #92 (9f252ad0ac61f110)
[chrome 150.0.7871.187 mac #0-0]    ✓ test vector from bitcoind #93 (d06590096397a56b)
[chrome 150.0.7871.187 mac #0-0]    ✓ test vector from bitcoind #94 (6d1e4abf75fedb65)
[chrome 150.0.7871.187 mac #0-0]    ✓ test vector from bitcoind #95 (ec3ecaa60a312caf)
[chrome 150.0.7871.187 mac #0-0]    ✓ test vector from bitcoind #96 (41de608c04982833)
[chrome 150.0.7871.187 mac #0-0]    ✓ test vector from bitcoind #97 (a9b3954d8781278c)
[chrome 150.0.7871.187 mac #0-0]    ✓ test vector from bitcoind #98 (dac79417c7ee6cb6)
[chrome 150.0.7871.187 mac #0-0]    ✓ test vector from bitcoind #99 (b6725e4ef556ac31)
[chrome 150.0.7871.187 mac #0-0]    ✓ test vector from bitcoind #100 (0952e5da02e6229b)
[chrome 150.0.7871.187 mac #0-0]    ✓ test vector from bitcoind #101 (bf743a87c706c3a1)
[chrome 150.0.7871.187 mac #0-0]    ✓ test vector from bitcoind #102 (3006ad9edae7194f)
[chrome 150.0.7871.187 mac #0-0]    ✓ test vector from bitcoind #103 (841c31accea33b35)
[chrome 150.0.7871.187 mac #0-0]    ✓ test vector from bitcoind #104 (e9e32ed181548d20)
[chrome 150.0.7871.187 mac #0-0]    ✓ test vector from bitcoind #105 (6357b44573907623)
[chrome 150.0.7871.187 mac #0-0]    ✓ test vector from bitcoind #106 (208beff56bcaefbd)
[chrome 150.0.7871.187 mac #0-0]    ✓ test vector from bitcoind #107 (f1b2ee60b7577712)
[chrome 150.0.7871.187 mac #0-0]    ✓ test vector from bitcoind #108 (b03aab6a42ab9dec)
[chrome 150.0.7871.187 mac #0-0]    ✓ test vector from bitcoind #109 (80157713c0658e7d)
[chrome 150.0.7871.187 mac #0-0]    ✓ test vector from bitcoind #110 (a8d3c0c745992462)
[chrome 150.0.7871.187 mac #0-0]    ✓ test vector from bitcoind #111 (8b392de270505d82)
[chrome 150.0.7871.187 mac #0-0]    ✓ test vector from bitcoind #112 (18e0f1cb03352525)
[chrome 150.0.7871.187 mac #0-0]    ✓ test vector from bitcoind #113 (c3d836c99e46d804)
[chrome 150.0.7871.187 mac #0-0]    ✓ test vector from bitcoind #114 (14eb7c01fd880383)
[chrome 150.0.7871.187 mac #0-0]    ✓ test vector from bitcoind #115 (cba820ddeebeaa6b)
[chrome 150.0.7871.187 mac #0-0]    ✓ test vector from bitcoind #116 (5c17060bd51eb2ed)
[chrome 150.0.7871.187 mac #0-0]    ✓ test vector from bitcoind #117 (2d7474e6bcd2de40)
[chrome 150.0.7871.187 mac #0-0]    ✓ test vector from bitcoind #118 (8b252fd20e7d8098)
[chrome 150.0.7871.187 mac #0-0]    ✓ test vector from bitcoind #119 (2f6fea4f57ddcec7)
[chrome 150.0.7871.187 mac #0-0]    ✓ test vector from bitcoind #120 (ad0c83d63a3ff177)
[chrome 150.0.7871.187 mac #0-0]    ✓ test vector from bitcoind #121 (9307553129cd116f)
[chrome 150.0.7871.187 mac #0-0]    ✓ test vector from bitcoind #122 (d1d716b7d77a0569)
[chrome 150.0.7871.187 mac #0-0]    ✓ test vector from bitcoind #123 (59dd6365f32f85ba)
[chrome 150.0.7871.187 mac #0-0]    ✓ test vector from bitcoind #124 (2ebaab3801c963f5)
[chrome 150.0.7871.187 mac #0-0]    ✓ test vector from bitcoind #125 (18ca003b49e729f1)
[chrome 150.0.7871.187 mac #0-0]    ✓ test vector from bitcoind #126 (ab431d1ce70b104e)
[chrome 150.0.7871.187 mac #0-0]    ✓ test vector from bitcoind #127 (2593b7a7005b7a31)
[chrome 150.0.7871.187 mac #0-0]    ✓ test vector from bitcoind #128 (d756a5ea54b248b8)
[chrome 150.0.7871.187 mac #0-0]    ✓ test vector from bitcoind #129 (20a186f198d112bc)
[chrome 150.0.7871.187 mac #0-0]    ✓ test vector from bitcoind #130 (48390696c4e0f139)
[chrome 150.0.7871.187 mac #0-0]    ✓ test vector from bitcoind #131 (a984fc372c481734)
[chrome 150.0.7871.187 mac #0-0]    ✓ test vector from bitcoind #132 (92168e863c07b6b8)
[chrome 150.0.7871.187 mac #0-0]    ✓ test vector from bitcoind #133 (3a37c7cb8a6d8e9a)
[chrome 150.0.7871.187 mac #0-0]    ✓ test vector from bitcoind #134 (9704cec852097d9c)
[chrome 150.0.7871.187 mac #0-0]    ✓ test vector from bitcoind #135 (5142403ae9101a50)
[chrome 150.0.7871.187 mac #0-0]    ✓ test vector from bitcoind #136 (888d66bce9997e2e)
[chrome 150.0.7871.187 mac #0-0]    ✓ test vector from bitcoind #137 (93ca7a084e02da1d)
[chrome 150.0.7871.187 mac #0-0]    ✓ test vector from bitcoind #138 (0123e78c84c2888d)
[chrome 150.0.7871.187 mac #0-0]    ✓ test vector from bitcoind #139 (434d09643330a9fc)
[chrome 150.0.7871.187 mac #0-0]    ✓ test vector from bitcoind #140 (eb163b66e1f728aa)
[chrome 150.0.7871.187 mac #0-0]    ✓ test vector from bitcoind #141 (eda4cbcbe3e6692f)
[chrome 150.0.7871.187 mac #0-0]    ✓ test vector from bitcoind #142 (a893e6c7b1f1de2b)
[chrome 150.0.7871.187 mac #0-0]    ✓ test vector from bitcoind #143 (7ffd1bd49f8ea441)
[chrome 150.0.7871.187 mac #0-0]    ✓ test vector from bitcoind #144 (fbfde170e6cdfe8c)
[chrome 150.0.7871.187 mac #0-0]    ✓ test vector from bitcoind #145 (6e9b64b3f116cfb7)
[chrome 150.0.7871.187 mac #0-0]    ✓ test vector from bitcoind #146 (7ac358c794bd04ca)
[chrome 150.0.7871.187 mac #0-0]    ✓ test vector from bitcoind #147 (511a1b470487b9ad)
[chrome 150.0.7871.187 mac #0-0]    ✓ test vector from bitcoind #148 (7a8373a7ce8e0119)
[chrome 150.0.7871.187 mac #0-0]    ✓ test vector from bitcoind #149 (b8e5e0cec8fbe6e8)
[chrome 150.0.7871.187 mac #0-0]    ✓ test vector from bitcoind #150 (1e641cee60cbb5df)
[chrome 150.0.7871.187 mac #0-0]    ✓ test vector from bitcoind #151 (ba008aa73ce86abd)
[chrome 150.0.7871.187 mac #0-0]    ✓ test vector from bitcoind #152 (76744576c02754bc)
[chrome 150.0.7871.187 mac #0-0]    ✓ test vector from bitcoind #153 (31ef6b9fc8c37e25)
[chrome 150.0.7871.187 mac #0-0]    ✓ test vector from bitcoind #154 (434d1c76fb689b69)
[chrome 150.0.7871.187 mac #0-0]    ✓ test vector from bitcoind #155 (b0442e810253cce8)
[chrome 150.0.7871.187 mac #0-0]    ✓ test vector from bitcoind #156 (f7d1bb9dd6f5f698)
[chrome 150.0.7871.187 mac #0-0]    ✓ test vector from bitcoind #157 (aae7905f128aec1b)
[chrome 150.0.7871.187 mac #0-0]    ✓ test vector from bitcoind #158 (5f59b2f6230301e2)
[chrome 150.0.7871.187 mac #0-0]    ✓ test vector from bitcoind #159 (e7125e4fb5e854b5)
[chrome 150.0.7871.187 mac #0-0]    ✓ test vector from bitcoind #160 (99d3864be2df00db)
[chrome 150.0.7871.187 mac #0-0]    ✓ test vector from bitcoind #161 (5c1d2b4d15a0adb1)
[chrome 150.0.7871.187 mac #0-0]    ✓ test vector from bitcoind #162 (883754201b53f73e)
[chrome 150.0.7871.187 mac #0-0]    ✓ test vector from bitcoind #163 (80a21837fd2d2972)
[chrome 150.0.7871.187 mac #0-0]    ✓ test vector from bitcoind #164 (2681c50d30b10ccd)
[chrome 150.0.7871.187 mac #0-0]    ✓ test vector from bitcoind #165 (98b7af3fed5f8b1c)
[chrome 150.0.7871.187 mac #0-0]    ✓ test vector from bitcoind #166 (21bd3a6dd35fc498)
[chrome 150.0.7871.187 mac #0-0]    ✓ test vector from bitcoind #167 (fb8684f5796b332e)
[chrome 150.0.7871.187 mac #0-0]    ✓ test vector from bitcoind #168 (aed567c822031f21)
[chrome 150.0.7871.187 mac #0-0]    ✓ test vector from bitcoind #169 (bbbe927cab792973)
[chrome 150.0.7871.187 mac #0-0]    ✓ test vector from bitcoind #170 (b4b847c477a5b646)
[chrome 150.0.7871.187 mac #0-0]    ✓ test vector from bitcoind #171 (399337dabb387bd1)
[chrome 150.0.7871.187 mac #0-0]    ✓ test vector from bitcoind #172 (00e7c9dbe766a268)
[chrome 150.0.7871.187 mac #0-0]    ✓ test vector from bitcoind #173 (565db01b22039254)
[chrome 150.0.7871.187 mac #0-0]    ✓ test vector from bitcoind #174 (a636cd6125d6970c)
[chrome 150.0.7871.187 mac #0-0]    ✓ test vector from bitcoind #175 (7b78fa13904f08f1)
[chrome 150.0.7871.187 mac #0-0]    ✓ test vector from bitcoind #176 (f599422a85d9ac14)
[chrome 150.0.7871.187 mac #0-0]    ✓ test vector from bitcoind #177 (5736fed445420134)
[chrome 150.0.7871.187 mac #0-0]    ✓ test vector from bitcoind #178 (b5c2e4750540ed54)
[chrome 150.0.7871.187 mac #0-0]    ✓ test vector from bitcoind #179 (0313cec31d803975)
[chrome 150.0.7871.187 mac #0-0]    ✓ test vector from bitcoind #180 (5314aa58d4b1b730)
[chrome 150.0.7871.187 mac #0-0]    ✓ test vector from bitcoind #181 (d511aa85b32d4a28)
[chrome 150.0.7871.187 mac #0-0]    ✓ test vector from bitcoind #182 (58a6a4ab2a602b7a)
[chrome 150.0.7871.187 mac #0-0]    ✓ test vector from bitcoind #183 (ca59ca20755d5f77)
[chrome 150.0.7871.187 mac #0-0]    ✓ test vector from bitcoind #184 (91809c597637145e)
[chrome 150.0.7871.187 mac #0-0]    ✓ test vector from bitcoind #185 (8ae75977ecc7460e)
[chrome 150.0.7871.187 mac #0-0]    ✓ test vector from bitcoind #186 (4376b5a7c7362df9)
[chrome 150.0.7871.187 mac #0-0]    ✓ test vector from bitcoind #187 (5f5788222f35ada2)
[chrome 150.0.7871.187 mac #0-0]    ✓ test vector from bitcoind #188 (a07ead5b86165699)
[chrome 150.0.7871.187 mac #0-0]    ✓ test vector from bitcoind #189 (cf0b0f0559d2f386)
[chrome 150.0.7871.187 mac #0-0]    ✓ test vector from bitcoind #190 (c310dc523c176521)
[chrome 150.0.7871.187 mac #0-0]    ✓ test vector from bitcoind #191 (6f713c95ebbf17ff)
[chrome 150.0.7871.187 mac #0-0]    ✓ test vector from bitcoind #192 (a0fd34908a184685)
[chrome 150.0.7871.187 mac #0-0]    ✓ test vector from bitcoind #193 (d56814697a6be8c3)
[chrome 150.0.7871.187 mac #0-0]    ✓ test vector from bitcoind #194 (6aebde897abff45e)
[chrome 150.0.7871.187 mac #0-0]    ✓ test vector from bitcoind #195 (9ae0730ec57517fb)
[chrome 150.0.7871.187 mac #0-0]    ✓ test vector from bitcoind #196 (2a404128dc95fbb0)
[chrome 150.0.7871.187 mac #0-0]    ✓ test vector from bitcoind #197 (c1cf9a3ccfd82f92)
[chrome 150.0.7871.187 mac #0-0]    ✓ test vector from bitcoind #198 (bda257921df10069)
[chrome 150.0.7871.187 mac #0-0]    ✓ test vector from bitcoind #199 (009abe0d5edb8e1d)
[chrome 150.0.7871.187 mac #0-0]    ✓ test vector from bitcoind #200 (19a2d63e183695aa)
[chrome 150.0.7871.187 mac #0-0]    ✓ test vector from bitcoind #201 (f3b6ca6a3edb5194)
[chrome 150.0.7871.187 mac #0-0]    ✓ test vector from bitcoind #202 (174c21867828d588)
[chrome 150.0.7871.187 mac #0-0]    ✓ test vector from bitcoind #203 (61a8404c04ea5a23)
[chrome 150.0.7871.187 mac #0-0]    ✓ test vector from bitcoind #204 (89b90871798efb16)
[chrome 150.0.7871.187 mac #0-0]    ✓ test vector from bitcoind #205 (6d64e0e0f7c6c7d4)
[chrome 150.0.7871.187 mac #0-0]    ✓ test vector from bitcoind #206 (ec9e4b0ebbd0fd59)
[chrome 150.0.7871.187 mac #0-0]    ✓ test vector from bitcoind #207 (9d56ddac2f8a08bd)
[chrome 150.0.7871.187 mac #0-0]    ✓ test vector from bitcoind #208 (5d75cc1c4c6166c1)
[chrome 150.0.7871.187 mac #0-0]    ✓ test vector from bitcoind #209 (95fdc67720108b5e)
[chrome 150.0.7871.187 mac #0-0]    ✓ test vector from bitcoind #210 (3b91b143faa3b773)
[chrome 150.0.7871.187 mac #0-0]    ✓ test vector from bitcoind #211 (d515af9630e6c6d2)
[chrome 150.0.7871.187 mac #0-0]    ✓ test vector from bitcoind #212 (2de05d6124134790)
[chrome 150.0.7871.187 mac #0-0]    ✓ test vector from bitcoind #213 (0be089cdb5e9607d)
[chrome 150.0.7871.187 mac #0-0]    ✓ test vector from bitcoind #214 (8ac5d2dd63222e30)
[chrome 150.0.7871.187 mac #0-0]    ✓ test vector from bitcoind #215 (e3d7afb0ba49b86e)
[chrome 150.0.7871.187 mac #0-0]    ✓ test vector from bitcoind #216 (c3aa05cfb91b697f)
[chrome 150.0.7871.187 mac #0-0]    ✓ test vector from bitcoind #217 (f4ec8bbb5e4645f1)
[chrome 150.0.7871.187 mac #0-0]    ✓ test vector from bitcoind #218 (697bbcbcfaa52d01)
[chrome 150.0.7871.187 mac #0-0]    ✓ test vector from bitcoind #219 (cf4be9a75703f0c7)
[chrome 150.0.7871.187 mac #0-0]    ✓ test vector from bitcoind #220 (32958de6cc144a65)
[chrome 150.0.7871.187 mac #0-0]    ✓ test vector from bitcoind #221 (9d111f4a463261d0)
[chrome 150.0.7871.187 mac #0-0]    ✓ test vector from bitcoind #222 (572153dde9165f0a)
[chrome 150.0.7871.187 mac #0-0]    ✓ test vector from bitcoind #223 (75c678307f90b061)
[chrome 150.0.7871.187 mac #0-0]    ✓ test vector from bitcoind #224 (f5cda8854f415059)
[chrome 150.0.7871.187 mac #0-0]    ✓ test vector from bitcoind #225 (1a3e79bf2e33b6c4)
[chrome 150.0.7871.187 mac #0-0]    ✓ test vector from bitcoind #226 (f74c764e6dd5d6e7)
[chrome 150.0.7871.187 mac #0-0]    ✓ test vector from bitcoind #227 (5a8ae32be5eafb33)
[chrome 150.0.7871.187 mac #0-0]    ✓ test vector from bitcoind #228 (c5ad0e9e66c60762)
[chrome 150.0.7871.187 mac #0-0]    ✓ test vector from bitcoind #229 (7528fead227fc59e)
[chrome 150.0.7871.187 mac #0-0]    ✓ test vector from bitcoind #230 (e9cffc68342d76bc)
[chrome 150.0.7871.187 mac #0-0]    ✓ test vector from bitcoind #231 (5f7532b7240b63ef)
[chrome 150.0.7871.187 mac #0-0]    ✓ test vector from bitcoind #232 (423d5d081235f692)
[chrome 150.0.7871.187 mac #0-0]    ✓ test vector from bitcoind #233 (0bf7dc18c60a5a48)
[chrome 150.0.7871.187 mac #0-0]    ✓ test vector from bitcoind #234 (45bbbdcab638aa8b)
[chrome 150.0.7871.187 mac #0-0]    ✓ test vector from bitcoind #235 (1f385a3f1bea508f)
[chrome 150.0.7871.187 mac #0-0]    ✓ test vector from bitcoind #236 (d49c07813f4abf1e)
[chrome 150.0.7871.187 mac #0-0]    ✓ test vector from bitcoind #237 (34e042651d694c0b)
[chrome 150.0.7871.187 mac #0-0]    ✓ test vector from bitcoind #238 (3c3448103a10bc8b)
[chrome 150.0.7871.187 mac #0-0]    ✓ test vector from bitcoind #239 (14d2cfc9170fd365)
[chrome 150.0.7871.187 mac #0-0]    ✓ test vector from bitcoind #240 (8a98345dfa429c6b)
[chrome 150.0.7871.187 mac #0-0]    ✓ test vector from bitcoind #241 (9dc890654fbd9b5d)
[chrome 150.0.7871.187 mac #0-0]    ✓ test vector from bitcoind #242 (fd67866582a3363d)
[chrome 150.0.7871.187 mac #0-0]    ✓ test vector from bitcoind #243 (73d5e0b462c015fd)
[chrome 150.0.7871.187 mac #0-0]    ✓ test vector from bitcoind #244 (3c2cf09638d1177b)
[chrome 150.0.7871.187 mac #0-0]    ✓ test vector from bitcoind #245 (b8a2fca4619997ff)
[chrome 150.0.7871.187 mac #0-0]    ✓ test vector from bitcoind #246 (dbe8d81e119b77f1)
[chrome 150.0.7871.187 mac #0-0]    ✓ test vector from bitcoind #247 (b7970d31c3d1a90b)
[chrome 150.0.7871.187 mac #0-0]    ✓ test vector from bitcoind #248 (bb0c9469bece0f55)
[chrome 150.0.7871.187 mac #0-0]    ✓ test vector from bitcoind #249 (f71da1829fd4520f)
[chrome 150.0.7871.187 mac #0-0]    ✓ test vector from bitcoind #250 (80301c0476e082fd)
[chrome 150.0.7871.187 mac #0-0]    ✓ test vector from bitcoind #251 (1c78dfef60374977)
[chrome 150.0.7871.187 mac #0-0]    ✓ test vector from bitcoind #252 (0a4a6c914473277d)
[chrome 150.0.7871.187 mac #0-0]    ✓ test vector from bitcoind #253 (c9ef575ad830254d)
[chrome 150.0.7871.187 mac #0-0]    ✓ test vector from bitcoind #254 (f07b28692e9f7353)
[chrome 150.0.7871.187 mac #0-0]    ✓ test vector from bitcoind #255 (e2e840e04c28e811)
[chrome 150.0.7871.187 mac #0-0]    ✓ test vector from bitcoind #256 (059918bec8954fe9)
[chrome 150.0.7871.187 mac #0-0]    ✓ test vector from bitcoind #257 (93d9d1781b8d92b3)
[chrome 150.0.7871.187 mac #0-0]    ✓ test vector from bitcoind #258 (505edc571980d966)
[chrome 150.0.7871.187 mac #0-0]    ✓ test vector from bitcoind #259 (dc508fec6450549f)
[chrome 150.0.7871.187 mac #0-0]    ✓ test vector from bitcoind #260 (55205a6abe6f41c9)
[chrome 150.0.7871.187 mac #0-0]    ✓ test vector from bitcoind #261 (b5880dc2f4dc2f34)
[chrome 150.0.7871.187 mac #0-0]    ✓ test vector from bitcoind #262 (94b3d7263e5a8989)
[chrome 150.0.7871.187 mac #0-0]    ✓ test vector from bitcoind #263 (44f3b65ed59fab40)
[chrome 150.0.7871.187 mac #0-0]    ✓ test vector from bitcoind #264 (9da3b4bc8d973ee3)
[chrome 150.0.7871.187 mac #0-0]    ✓ test vector from bitcoind #265 (eaecc0427b7e36f5)
[chrome 150.0.7871.187 mac #0-0]    ✓ test vector from bitcoind #266 (40bba7ffccf8750c)
[chrome 150.0.7871.187 mac #0-0]    ✓ test vector from bitcoind #267 (2a6ddf221af61b34)
[chrome 150.0.7871.187 mac #0-0]    ✓ test vector from bitcoind #268 (b99b1d23dc9bcc32)
[chrome 150.0.7871.187 mac #0-0]    ✓ test vector from bitcoind #269 (0c60b44424464d46)
[chrome 150.0.7871.187 mac #0-0]    ✓ test vector from bitcoind #270 (e01adc6515115e40)
[chrome 150.0.7871.187 mac #0-0]    ✓ test vector from bitcoind #271 (6bf69b482bf57e27)
[chrome 150.0.7871.187 mac #0-0]    ✓ test vector from bitcoind #272 (dacae49fe9a6e469)
[chrome 150.0.7871.187 mac #0-0]    ✓ test vector from bitcoind #273 (20c43b002acc4841)
[chrome 150.0.7871.187 mac #0-0]    ✓ test vector from bitcoind #274 (fb4eb5dc43909081)
[chrome 150.0.7871.187 mac #0-0]    ✓ test vector from bitcoind #275 (b5dd7fa836a36a6d)
[chrome 150.0.7871.187 mac #0-0]    ✓ test vector from bitcoind #276 (a1850704d03cf533)
[chrome 150.0.7871.187 mac #0-0]    ✓ test vector from bitcoind #277 (744f447804b0eb67)
[chrome 150.0.7871.187 mac #0-0]    ✓ test vector from bitcoind #278 (8086a471a2f3d301)
[chrome 150.0.7871.187 mac #0-0]    ✓ test vector from bitcoind #279 (ff06a254b81b11f4)
[chrome 150.0.7871.187 mac #0-0]    ✓ test vector from bitcoind #280 (5b2061f175330127)
[chrome 150.0.7871.187 mac #0-0]    ✓ test vector from bitcoind #281 (c3876bc8080ab5ad)
[chrome 150.0.7871.187 mac #0-0]    ✓ test vector from bitcoind #282 (4899d36d51c3e045)
[chrome 150.0.7871.187 mac #0-0]    ✓ test vector from bitcoind #283 (df54103168856362)
[chrome 150.0.7871.187 mac #0-0]    ✓ test vector from bitcoind #284 (413ba0b018024bb5)
[chrome 150.0.7871.187 mac #0-0]    ✓ test vector from bitcoind #285 (f90adce99df68683)
[chrome 150.0.7871.187 mac #0-0]    ✓ test vector from bitcoind #286 (54c8948c27efc2e6)
[chrome 150.0.7871.187 mac #0-0]    ✓ test vector from bitcoind #287 (0b9e18561418295e)
[chrome 150.0.7871.187 mac #0-0]    ✓ test vector from bitcoind #288 (f54fe3d35896caf6)
[chrome 150.0.7871.187 mac #0-0]    ✓ test vector from bitcoind #289 (9c25b69f57987b9b)
[chrome 150.0.7871.187 mac #0-0]    ✓ test vector from bitcoind #290 (97eec23e32328ece)
[chrome 150.0.7871.187 mac #0-0]    ✓ test vector from bitcoind #291 (92f420c0653f551b)
[chrome 150.0.7871.187 mac #0-0]    ✓ test vector from bitcoind #292 (833549270ee9509c)
[chrome 150.0.7871.187 mac #0-0]    ✓ test vector from bitcoind #293 (5d59a0244b760f9a)
[chrome 150.0.7871.187 mac #0-0]    ✓ test vector from bitcoind #294 (7f5e3be731f8e009)
[chrome 150.0.7871.187 mac #0-0]    ✓ test vector from bitcoind #295 (0344d3b4d76aed49)
[chrome 150.0.7871.187 mac #0-0]    ✓ test vector from bitcoind #296 (80f64fb2d2df66e6)
[chrome 150.0.7871.187 mac #0-0]    ✓ test vector from bitcoind #297 (d42ccf7f5659b6e7)
[chrome 150.0.7871.187 mac #0-0]    ✓ test vector from bitcoind #298 (3aecdd75a504c792)
[chrome 150.0.7871.187 mac #0-0]    ✓ test vector from bitcoind #299 (cf59fcbe2f006f96)
[chrome 150.0.7871.187 mac #0-0]    ✓ test vector from bitcoind #300 (5a6a96695f8fc719)
[chrome 150.0.7871.187 mac #0-0]    ✓ test vector from bitcoind #301 (271df075eaad4c17)
[chrome 150.0.7871.187 mac #0-0]    ✓ test vector from bitcoind #302 (6e5597456e03c1ce)
[chrome 150.0.7871.187 mac #0-0]    ✓ test vector from bitcoind #303 (d6402bf7f893d47b)
[chrome 150.0.7871.187 mac #0-0]    ✓ test vector from bitcoind #304 (930be7e0b9516951)
[chrome 150.0.7871.187 mac #0-0]    ✓ test vector from bitcoind #305 (ca2df94b5aea84a3)
[chrome 150.0.7871.187 mac #0-0]    ✓ test vector from bitcoind #306 (b783f71c0b648cfd)
[chrome 150.0.7871.187 mac #0-0]    ✓ test vector from bitcoind #307 (db860f8bd07a2f61)
[chrome 150.0.7871.187 mac #0-0]    ✓ test vector from bitcoind #308 (02872696befeee3d)
[chrome 150.0.7871.187 mac #0-0]    ✓ test vector from bitcoind #309 (c5d8bafcb33f636d)
[chrome 150.0.7871.187 mac #0-0]    ✓ test vector from bitcoind #310 (bd52858aa343f433)
[chrome 150.0.7871.187 mac #0-0]    ✓ test vector from bitcoind #311 (fdfa1c5854bb5f3e)
[chrome 150.0.7871.187 mac #0-0]    ✓ test vector from bitcoind #312 (8756f44845d4871e)
[chrome 150.0.7871.187 mac #0-0]    ✓ test vector from bitcoind #313 (fef168a325eb3ade)
[chrome 150.0.7871.187 mac #0-0]    ✓ test vector from bitcoind #314 (e9000b8bf1ae0c5f)
[chrome 150.0.7871.187 mac #0-0]    ✓ test vector from bitcoind #315 (14abd81e5c8fce67)
[chrome 150.0.7871.187 mac #0-0]    ✓ test vector from bitcoind #316 (9d304e6aaef7c251)
[chrome 150.0.7871.187 mac #0-0]    ✓ test vector from bitcoind #317 (207764b4a67808bb)
[chrome 150.0.7871.187 mac #0-0]    ✓ test vector from bitcoind #318 (7755c95464858f40)
[chrome 150.0.7871.187 mac #0-0]    ✓ test vector from bitcoind #319 (4d7ac570f904a1f5)
[chrome 150.0.7871.187 mac #0-0]    ✓ test vector from bitcoind #320 (7de0cbf33ed6a6c8)
[chrome 150.0.7871.187 mac #0-0]    ✓ test vector from bitcoind #321 (6fc76bd61b045e06)
[chrome 150.0.7871.187 mac #0-0]    ✓ test vector from bitcoind #322 (e6696fd2571f7c6f)
[chrome 150.0.7871.187 mac #0-0]    ✓ test vector from bitcoind #323 (22044a562cb09132)
[chrome 150.0.7871.187 mac #0-0]    ✓ test vector from bitcoind #324 (4435339717049390)
[chrome 150.0.7871.187 mac #0-0]    ✓ test vector from bitcoind #325 (f94373c9b329d175)
[chrome 150.0.7871.187 mac #0-0]    ✓ test vector from bitcoind #326 (cc304a285b59748b)
[chrome 150.0.7871.187 mac #0-0]    ✓ test vector from bitcoind #327 (e606139bf0a2720d)
[chrome 150.0.7871.187 mac #0-0]    ✓ test vector from bitcoind #328 (c62b02f5bee1b028)
[chrome 150.0.7871.187 mac #0-0]    ✓ test vector from bitcoind #329 (27089d2d4bd9d821)
[chrome 150.0.7871.187 mac #0-0]    ✓ test vector from bitcoind #330 (c3a581bec9c750bb)
[chrome 150.0.7871.187 mac #0-0]    ✓ test vector from bitcoind #331 (549331b43e2973d4)
[chrome 150.0.7871.187 mac #0-0]    ✓ test vector from bitcoind #332 (92737610e264c94b)
[chrome 150.0.7871.187 mac #0-0]    ✓ test vector from bitcoind #333 (4c61ed181cf3d61d)
[chrome 150.0.7871.187 mac #0-0]    ✓ test vector from bitcoind #334 (38c25e452b1e31fd)
[chrome 150.0.7871.187 mac #0-0]    ✓ test vector from bitcoind #335 (daa7e83addc6a396)
[chrome 150.0.7871.187 mac #0-0]    ✓ test vector from bitcoind #336 (8f0762c15d520455)
[chrome 150.0.7871.187 mac #0-0]    ✓ test vector from bitcoind #337 (0f8b0c10ab3e7308)
[chrome 150.0.7871.187 mac #0-0]    ✓ test vector from bitcoind #338 (42e8c30a815633ee)
[chrome 150.0.7871.187 mac #0-0]    ✓ test vector from bitcoind #339 (204d892f3c0e3636)
[chrome 150.0.7871.187 mac #0-0]    ✓ test vector from bitcoind #340 (9d9625f63c34803b)
[chrome 150.0.7871.187 mac #0-0]    ✓ test vector from bitcoind #341 (6781d6ba6d0bb23d)
[chrome 150.0.7871.187 mac #0-0]    ✓ test vector from bitcoind #342 (8260c0575132f3a2)
[chrome 150.0.7871.187 mac #0-0]    ✓ test vector from bitcoind #343 (8abbc7479d48bce8)
[chrome 150.0.7871.187 mac #0-0]    ✓ test vector from bitcoind #344 (5f2fdd6ab9053137)
[chrome 150.0.7871.187 mac #0-0]    ✓ test vector from bitcoind #345 (53ab596fa9419f45)
[chrome 150.0.7871.187 mac #0-0]    ✓ test vector from bitcoind #346 (fa0be602b7cfbe24)
[chrome 150.0.7871.187 mac #0-0]    ✓ test vector from bitcoind #347 (2830ac2419206d69)
[chrome 150.0.7871.187 mac #0-0]    ✓ test vector from bitcoind #348 (2093662af3bf3084)
[chrome 150.0.7871.187 mac #0-0]    ✓ test vector from bitcoind #349 (8d45d5f0d9eb40e9)
[chrome 150.0.7871.187 mac #0-0]    ✓ test vector from bitcoind #350 (84672d2f267e5960)
[chrome 150.0.7871.187 mac #0-0]    ✓ test vector from bitcoind #351 (90b69085c766e1d4)
[chrome 150.0.7871.187 mac #0-0]    ✓ test vector from bitcoind #352 (815e814a8332934c)
[chrome 150.0.7871.187 mac #0-0]    ✓ test vector from bitcoind #353 (ef77691a76c21778)
[chrome 150.0.7871.187 mac #0-0]    ✓ test vector from bitcoind #354 (2fdcef844a3ff30e)
[chrome 150.0.7871.187 mac #0-0]    ✓ test vector from bitcoind #355 (5c3ffb3d7c6633d0)
[chrome 150.0.7871.187 mac #0-0]    ✓ test vector from bitcoind #356 (66312f192ede0189)
[chrome 150.0.7871.187 mac #0-0]    ✓ test vector from bitcoind #357 (f9ba46483c893f21)
[chrome 150.0.7871.187 mac #0-0]    ✓ test vector from bitcoind #358 (2c982ae35f4c00b3)
[chrome 150.0.7871.187 mac #0-0]    ✓ test vector from bitcoind #359 (69698692b8947d68)
[chrome 150.0.7871.187 mac #0-0]    ✓ test vector from bitcoind #360 (ddbf07aa58499405)
[chrome 150.0.7871.187 mac #0-0]    ✓ test vector from bitcoind #361 (e9632b3ff6f4d063)
[chrome 150.0.7871.187 mac #0-0]    ✓ test vector from bitcoind #362 (edd52a3aab7ddb7c)
[chrome 150.0.7871.187 mac #0-0]    ✓ test vector from bitcoind #363 (b1e5551a6a377526)
[chrome 150.0.7871.187 mac #0-0]    ✓ test vector from bitcoind #364 (7fed1ebd9059c1fc)
[chrome 150.0.7871.187 mac #0-0]    ✓ test vector from bitcoind #365 (6928ea40302ec515)
[chrome 150.0.7871.187 mac #0-0]    ✓ test vector from bitcoind #366 (156dd0ee6f48d7e1)
[chrome 150.0.7871.187 mac #0-0]    ✓ test vector from bitcoind #367 (2457df535beca4f1)
[chrome 150.0.7871.187 mac #0-0]    ✓ test vector from bitcoind #368 (c9a49286196adf82)
[chrome 150.0.7871.187 mac #0-0]    ✓ test vector from bitcoind #369 (40ce02f2f1b2f39f)
[chrome 150.0.7871.187 mac #0-0]    ✓ test vector from bitcoind #370 (37f74e4be65d3ae1)
[chrome 150.0.7871.187 mac #0-0]    ✓ test vector from bitcoind #371 (d64455e8923f771c)
[chrome 150.0.7871.187 mac #0-0]    ✓ test vector from bitcoind #372 (4275e589d576eeb0)
[chrome 150.0.7871.187 mac #0-0]    ✓ test vector from bitcoind #373 (d6fff82d3418883a)
[chrome 150.0.7871.187 mac #0-0]    ✓ test vector from bitcoind #374 (d79ad39936eaca5e)
[chrome 150.0.7871.187 mac #0-0]    ✓ test vector from bitcoind #375 (1b4453ed7952a25b)
[chrome 150.0.7871.187 mac #0-0]    ✓ test vector from bitcoind #376 (9f5d33a032cdfa88)
[chrome 150.0.7871.187 mac #0-0]    ✓ test vector from bitcoind #377 (1d196565d790bc59)
[chrome 150.0.7871.187 mac #0-0]    ✓ test vector from bitcoind #378 (b63c7c6af03b90c6)
[chrome 150.0.7871.187 mac #0-0]    ✓ test vector from bitcoind #379 (d11e05cd3603ed40)
[chrome 150.0.7871.187 mac #0-0]    ✓ test vector from bitcoind #380 (3156d9c47f7f8a99)
[chrome 150.0.7871.187 mac #0-0]    ✓ test vector from bitcoind #381 (64893f985aee91fd)
[chrome 150.0.7871.187 mac #0-0]    ✓ test vector from bitcoind #382 (e56e0ef014d9a769)
[chrome 150.0.7871.187 mac #0-0]    ✓ test vector from bitcoind #383 (ddc07ab6b1d2c069)
[chrome 150.0.7871.187 mac #0-0]    ✓ test vector from bitcoind #384 (7ab90026cc179ab6)
[chrome 150.0.7871.187 mac #0-0]    ✓ test vector from bitcoind #385 (614acc72c3e6a1d5)
[chrome 150.0.7871.187 mac #0-0]    ✓ test vector from bitcoind #386 (f7f18245f3344456)
[chrome 150.0.7871.187 mac #0-0]    ✓ test vector from bitcoind #387 (4dcfa2f5df7e2487)
[chrome 150.0.7871.187 mac #0-0]    ✓ test vector from bitcoind #388 (81005ec3f7830876)
[chrome 150.0.7871.187 mac #0-0]    ✓ test vector from bitcoind #389 (ba5a4d3355742994)
[chrome 150.0.7871.187 mac #0-0]    ✓ test vector from bitcoind #390 (fb12e9514acb4e86)
[chrome 150.0.7871.187 mac #0-0]    ✓ test vector from bitcoind #391 (c190ca7cb045843f)
[chrome 150.0.7871.187 mac #0-0]    ✓ test vector from bitcoind #392 (5c3b0690d2824896)
[chrome 150.0.7871.187 mac #0-0]    ✓ test vector from bitcoind #393 (664abe8335444d5d)
[chrome 150.0.7871.187 mac #0-0]    ✓ test vector from bitcoind #394 (fd2bfbad20f3daed)
[chrome 150.0.7871.187 mac #0-0]    ✓ test vector from bitcoind #395 (27bab2aba85ad29d)
[chrome 150.0.7871.187 mac #0-0]    ✓ test vector from bitcoind #396 (e743c719e6310747)
[chrome 150.0.7871.187 mac #0-0]    ✓ test vector from bitcoind #397 (18b7681818ea1673)
[chrome 150.0.7871.187 mac #0-0]    ✓ test vector from bitcoind #398 (2a4e8b1f477d9d90)
[chrome 150.0.7871.187 mac #0-0]    ✓ test vector from bitcoind #399 (ec866a0928fb3202)
[chrome 150.0.7871.187 mac #0-0]    ✓ test vector from bitcoind #400 (8b246f5543e9bbd8)
[chrome 150.0.7871.187 mac #0-0]    ✓ test vector from bitcoind #401 (60f604928203ea29)
[chrome 150.0.7871.187 mac #0-0]    ✓ test vector from bitcoind #402 (bbef5dc4cfca7cab)
[chrome 150.0.7871.187 mac #0-0]    ✓ test vector from bitcoind #403 (b0f55270a7008368)
[chrome 150.0.7871.187 mac #0-0]    ✓ test vector from bitcoind #404 (512a851563dabf0b)
[chrome 150.0.7871.187 mac #0-0]    ✓ test vector from bitcoind #405 (90734de9f49d99b3)
[chrome 150.0.7871.187 mac #0-0]    ✓ test vector from bitcoind #406 (92dae65729341a15)
[chrome 150.0.7871.187 mac #0-0]    ✓ test vector from bitcoind #407 (220f94b93e6b6e93)
[chrome 150.0.7871.187 mac #0-0]    ✓ test vector from bitcoind #408 (b1fec4729e80e56c)
[chrome 150.0.7871.187 mac #0-0]    ✓ test vector from bitcoind #409 (b9976af0bb98a2c2)
[chrome 150.0.7871.187 mac #0-0]    ✓ test vector from bitcoind #410 (27a46b57aa3ec67f)
[chrome 150.0.7871.187 mac #0-0]    ✓ test vector from bitcoind #411 (f240317f2a8d1c36)
[chrome 150.0.7871.187 mac #0-0]    ✓ test vector from bitcoind #412 (463514ff0a21882b)
[chrome 150.0.7871.187 mac #0-0]    ✓ test vector from bitcoind #413 (710afae6c8097495)
[chrome 150.0.7871.187 mac #0-0]    ✓ test vector from bitcoind #414 (b2c88ef3a804475f)
[chrome 150.0.7871.187 mac #0-0]    ✓ test vector from bitcoind #415 (b9cf4b8c2bc932c2)
[chrome 150.0.7871.187 mac #0-0]    ✓ test vector from bitcoind #416 (92c4f55708d8a2d0)
[chrome 150.0.7871.187 mac #0-0]    ✓ test vector from bitcoind #417 (827e59c8d78159cf)
[chrome 150.0.7871.187 mac #0-0]    ✓ test vector from bitcoind #418 (627cf1b1149905c6)
[chrome 150.0.7871.187 mac #0-0]    ✓ test vector from bitcoind #419 (05f38b81e7b2f3c0)
[chrome 150.0.7871.187 mac #0-0]    ✓ test vector from bitcoind #420 (f3b9e821ce17ad54)
[chrome 150.0.7871.187 mac #0-0]    ✓ test vector from bitcoind #421 (c394a612be52c7bb)
[chrome 150.0.7871.187 mac #0-0]    ✓ test vector from bitcoind #422 (2b7366e8284b789e)
[chrome 150.0.7871.187 mac #0-0]    ✓ test vector from bitcoind #423 (d0204ec91f25179c)
[chrome 150.0.7871.187 mac #0-0]    ✓ test vector from bitcoind #424 (aadcabe16ed1687c)
[chrome 150.0.7871.187 mac #0-0]    ✓ test vector from bitcoind #425 (871f39683c8b3726)
[chrome 150.0.7871.187 mac #0-0]    ✓ test vector from bitcoind #426 (7dde8ac286ddc877)
[chrome 150.0.7871.187 mac #0-0]    ✓ test vector from bitcoind #427 (b98fcc952ee92313)
[chrome 150.0.7871.187 mac #0-0]    ✓ test vector from bitcoind #428 (81658aba2873346e)
[chrome 150.0.7871.187 mac #0-0]    ✓ test vector from bitcoind #429 (200986d5729507bb)
[chrome 150.0.7871.187 mac #0-0]    ✓ test vector from bitcoind #430 (2e42c761c39e2c2b)
[chrome 150.0.7871.187 mac #0-0]    ✓ test vector from bitcoind #431 (bb7b2d86e8af0994)
[chrome 150.0.7871.187 mac #0-0]    ✓ test vector from bitcoind #432 (b08acd3a41668f98)
[chrome 150.0.7871.187 mac #0-0]    ✓ test vector from bitcoind #433 (34fc098507817617)
[chrome 150.0.7871.187 mac #0-0]    ✓ test vector from bitcoind #434 (8bd88f6637ab964c)
[chrome 150.0.7871.187 mac #0-0]    ✓ test vector from bitcoind #435 (43f96ec6e85c6e6d)
[chrome 150.0.7871.187 mac #0-0]    ✓ test vector from bitcoind #436 (358e2d4ad39c7e30)
[chrome 150.0.7871.187 mac #0-0]    ✓ test vector from bitcoind #437 (7c2bf5218051b7d0)
[chrome 150.0.7871.187 mac #0-0]    ✓ test vector from bitcoind #438 (1a733669a23c834d)
[chrome 150.0.7871.187 mac #0-0]    ✓ test vector from bitcoind #439 (981e5613ded02bca)
[chrome 150.0.7871.187 mac #0-0]    ✓ test vector from bitcoind #440 (c04e304b4ec23c3f)
[chrome 150.0.7871.187 mac #0-0]    ✓ test vector from bitcoind #441 (f89d422a7f36554f)
[chrome 150.0.7871.187 mac #0-0]    ✓ test vector from bitcoind #442 (7886ed3796f8fa6e)
[chrome 150.0.7871.187 mac #0-0]    ✓ test vector from bitcoind #443 (a29c3226961a3d3a)
[chrome 150.0.7871.187 mac #0-0]    ✓ test vector from bitcoind #444 (9afccd7757e53225)
[chrome 150.0.7871.187 mac #0-0]    ✓ test vector from bitcoind #445 (b7dad010c264f603)
[chrome 150.0.7871.187 mac #0-0]    ✓ test vector from bitcoind #446 (63cf446a7b987611)
[chrome 150.0.7871.187 mac #0-0]    ✓ test vector from bitcoind #447 (1692708b1c8c61f0)
[chrome 150.0.7871.187 mac #0-0]    ✓ test vector from bitcoind #448 (9f43194bbdeb7443)
[chrome 150.0.7871.187 mac #0-0]    ✓ test vector from bitcoind #449 (1d7ce3739742f436)
[chrome 150.0.7871.187 mac #0-0]    ✓ test vector from bitcoind #450 (6d0db3105c166368)
[chrome 150.0.7871.187 mac #0-0]    ✓ test vector from bitcoind #451 (e41ff637da2f9c90)
[chrome 150.0.7871.187 mac #0-0]    ✓ test vector from bitcoind #452 (caef7b560c841464)
[chrome 150.0.7871.187 mac #0-0]    ✓ test vector from bitcoind #453 (0cebb37ba5c354db)
[chrome 150.0.7871.187 mac #0-0]    ✓ test vector from bitcoind #454 (144d801aa759fc6a)
[chrome 150.0.7871.187 mac #0-0]    ✓ test vector from bitcoind #455 (9b664f0654eb1d6d)
[chrome 150.0.7871.187 mac #0-0]    ✓ test vector from bitcoind #456 (a40a2eb837c03f82)
[chrome 150.0.7871.187 mac #0-0]    ✓ test vector from bitcoind #457 (aa81291f45556883)
[chrome 150.0.7871.187 mac #0-0]    ✓ test vector from bitcoind #458 (42c2b3a844ac739a)
[chrome 150.0.7871.187 mac #0-0]    ✓ test vector from bitcoind #459 (f673ead5e1b6ced9)
[chrome 150.0.7871.187 mac #0-0]    ✓ test vector from bitcoind #460 (9fd2a2b3fcfb5448)
[chrome 150.0.7871.187 mac #0-0]    ✓ test vector from bitcoind #461 (ce1798aa03a5d438)
[chrome 150.0.7871.187 mac #0-0]    ✓ test vector from bitcoind #462 (ded2707b8d2c682e)
[chrome 150.0.7871.187 mac #0-0]    ✓ test vector from bitcoind #463 (e7373c57e072b928)
[chrome 150.0.7871.187 mac #0-0]    ✓ test vector from bitcoind #464 (5714b1372d64be2f)
[chrome 150.0.7871.187 mac #0-0]    ✓ test vector from bitcoind #465 (d0579ba78038af20)
[chrome 150.0.7871.187 mac #0-0]    ✓ test vector from bitcoind #466 (082dc73fa30c20f9)
[chrome 150.0.7871.187 mac #0-0]    ✓ test vector from bitcoind #467 (ec8aaa1cfde80330)
[chrome 150.0.7871.187 mac #0-0]    ✓ test vector from bitcoind #468 (4282b1ab2c7cfa5e)
[chrome 150.0.7871.187 mac #0-0]    ✓ test vector from bitcoind #469 (c25153198b7aa6f0)
[chrome 150.0.7871.187 mac #0-0]    ✓ test vector from bitcoind #470 (db67b4ce42a83d13)
[chrome 150.0.7871.187 mac #0-0]    ✓ test vector from bitcoind #471 (0ca2c7e824436115)
[chrome 150.0.7871.187 mac #0-0]    ✓ test vector from bitcoind #472 (16efb660ca2b9504)
[chrome 150.0.7871.187 mac #0-0]    ✓ test vector from bitcoind #473 (464d08b632d6af31)
[chrome 150.0.7871.187 mac #0-0]    ✓ test vector from bitcoind #474 (21bb52bbecd9e041)
[chrome 150.0.7871.187 mac #0-0]    ✓ test vector from bitcoind #475 (4475501c7680af28)
[chrome 150.0.7871.187 mac #0-0]    ✓ test vector from bitcoind #476 (0b763d25783ca8b0)
[chrome 150.0.7871.187 mac #0-0]    ✓ test vector from bitcoind #477 (347267d9bf162c69)
[chrome 150.0.7871.187 mac #0-0]    ✓ test vector from bitcoind #478 (0771acc9b6e813da)
[chrome 150.0.7871.187 mac #0-0]    ✓ test vector from bitcoind #479 (2b49e5bc94a74961)
[chrome 150.0.7871.187 mac #0-0]    ✓ test vector from bitcoind #480 (cd290cddea1f0b59)
[chrome 150.0.7871.187 mac #0-0]    ✓ test vector from bitcoind #481 (5a6138495588d2c8)
[chrome 150.0.7871.187 mac #0-0]    ✓ test vector from bitcoind #482 (5b69efd4dd0d3497)
[chrome 150.0.7871.187 mac #0-0]    ✓ test vector from bitcoind #483 (19baf2a57cfd7a44)
[chrome 150.0.7871.187 mac #0-0]    ✓ test vector from bitcoind #484 (dc2ff2b4e90ed530)
[chrome 150.0.7871.187 mac #0-0]    ✓ test vector from bitcoind #485 (8e749e2171d03e4d)
[chrome 150.0.7871.187 mac #0-0]    ✓ test vector from bitcoind #486 (004568d902d4fb16)
[chrome 150.0.7871.187 mac #0-0]    ✓ test vector from bitcoind #487 (468cd995279ac79c)
[chrome 150.0.7871.187 mac #0-0]    ✓ test vector from bitcoind #488 (d7de300bf660420c)
[chrome 150.0.7871.187 mac #0-0]    ✓ test vector from bitcoind #489 (57c1abdfaaec64f6)
[chrome 150.0.7871.187 mac #0-0]    ✓ test vector from bitcoind #490 (b1770d83c1e6ab93)
[chrome 150.0.7871.187 mac #0-0]    ✓ test vector from bitcoind #491 (48ccd730b388aea2)
[chrome 150.0.7871.187 mac #0-0]    ✓ test vector from bitcoind #492 (11c356529e955c01)
[chrome 150.0.7871.187 mac #0-0]    ✓ test vector from bitcoind #493 (2f6f07f7c6dfa002)
[chrome 150.0.7871.187 mac #0-0]    ✓ test vector from bitcoind #494 (b0ab44fbdc5ece7a)
[chrome 150.0.7871.187 mac #0-0]    ✓ test vector from bitcoind #495 (6ef688c6b7a9c76a)
[chrome 150.0.7871.187 mac #0-0]    ✓ test vector from bitcoind #496 (4b702620ac3e57f5)
[chrome 150.0.7871.187 mac #0-0]    ✓ test vector from bitcoind #497 (6954f50c07ddbb44)
[chrome 150.0.7871.187 mac #0-0]    ✓ test vector from bitcoind #498 (f209d147dc3762a6)
[chrome 150.0.7871.187 mac #0-0]    ✓ test vector from bitcoind #499 (fcf76ddfa0b73dc9)
[chrome 150.0.7871.187 mac #0-0]    ✓ test vector from bitcoind #500 (d4c3afdce0f34eee)
[chrome 150.0.7871.187 mac #0-0]
[chrome 150.0.7871.187 mac #0-0] TransactionSignature
[chrome 150.0.7871.187 mac #0-0]    ✓ can be created without the `new` keyword
[chrome 150.0.7871.187 mac #0-0]    ✓ can be retrieved from Transaction#getSignatures
[chrome 150.0.7871.187 mac #0-0]    ✓ fails when trying to create from invalid arguments
[chrome 150.0.7871.187 mac #0-0]    ✓ returns the same object if called with a TransactionSignature
[chrome 150.0.7871.187 mac #0-0]    ✓ gets returned by a P2SH multisig output
[chrome 150.0.7871.187 mac #0-0]    ✓ can be aplied to a Transaction with Transaction#addSignature
[chrome 150.0.7871.187 mac #0-0]
[chrome 150.0.7871.187 mac #0-0]     serialization
[chrome 150.0.7871.187 mac #0-0]        ✓ serializes to an object and roundtrips correctly
[chrome 150.0.7871.187 mac #0-0]        ✓ can be deserialized with fromObject
[chrome 150.0.7871.187 mac #0-0]        ✓ can deserialize when signature is a buffer
[chrome 150.0.7871.187 mac #0-0]        ✓ can roundtrip to/from json
[chrome 150.0.7871.187 mac #0-0]        ✓ can parse a previously known json string
[chrome 150.0.7871.187 mac #0-0]        ✓ can deserialize a previously known object
[chrome 150.0.7871.187 mac #0-0]
[chrome 150.0.7871.187 mac #0-0] Transaction deserialization
[chrome 150.0.7871.187 mac #0-0]     valid transaction test case
[chrome 150.0.7871.187 mac #0-0]        ✓ vector #0 -- It is also the first OP_CHECKMULTISIG transaction in standard form
[chrome 150.0.7871.187 mac #0-0]        ✓ vector #1 -- The dummy byte is fine however, so the NULLDUMMY flag should be happy
[chrome 150.0.7871.187 mac #0-0]        ✓ vector #2 -- It is an OP_CHECKMULTISIG with the dummy value set to something other than an empty string
[chrome 150.0.7871.187 mac #0-0]        ✓ vector #3 -- As above, but using a OP_1
[chrome 150.0.7871.187 mac #0-0]        ✓ vector #4 -- As above, but using a OP_1NEGATE
[chrome 150.0.7871.187 mac #0-0]        ✓ vector #5 -- It is of interest because it contains a 0-sequence as well as a signature of SIGHASH type 0 (which is not a real type)
[chrome 150.0.7871.187 mac #0-0]        ✓ vector #6 -- A nearly-standard transaction with CHECKSIGVERIFY 1 instead of CHECKSIG
[chrome 150.0.7871.187 mac #0-0]        ✓ vector #7 -- Same as above, but with the signature duplicated in the scriptPubKey with the proper pushdata prefix
[chrome 150.0.7871.187 mac #0-0]        ✓ vector #8 -- It caught a bug in the workaround for 23b397edccd3740a74adb603c9756370fafcde9bcc4483eb271ecad09a94dd63 in an overly simple implementation
[chrome 150.0.7871.187 mac #0-0]        ✓ vector #9 -- when the input doing the signing has an index greater than the maximum output index
[chrome 150.0.7871.187 mac #0-0]        ✓ vector #10 -- An invalid P2SH Transaction
[chrome 150.0.7871.187 mac #0-0]        ✓ vector #11 -- A valid P2SH Transaction using the standard transaction type put forth in BIP 16
[chrome 150.0.7871.187 mac #0-0]        ✓ vector #12 -- MAX_MONEY output
[chrome 150.0.7871.187 mac #0-0]        ✓ vector #13 -- MAX_MONEY output + 0 output
[chrome 150.0.7871.187 mac #0-0]        ✓ vector #14 -- Note the input is just required to make the tester happy
[chrome 150.0.7871.187 mac #0-0]        ✓ vector #15 -- Note the input is just required to make the tester happy
[chrome 150.0.7871.187 mac #0-0]        ✓ vector #16 -- Simple transaction with first input is signed with SIGHASH_ALL, second with SIGHASH_ANYONECANPAY
[chrome 150.0.7871.187 mac #0-0]        ✓ vector #17 -- Same as above, but we change the sequence number of the first input to check that SIGHASH_ANYONECANPAY is being followed
[chrome 150.0.7871.187 mac #0-0]        ✓ vector #18 -- afd9c17f8913577ec3509520bd6e5d63e9c0fd2a5f70c787993b097ba6ca9fae which has several SIGHASH_SINGLE signatures
[chrome 150.0.7871.187 mac #0-0]        ✓ vector #19 -- ddc454a1c0c35c188c98976b17670f69e586d9c0f3593ea879928332f0a069e7, which spends an input that pushes using a PUSHDATA1 that is negative when read as signed
[chrome 150.0.7871.187 mac #0-0]        ✓ vector #20 -- Note the input is just required to make the tester happy
[chrome 150.0.7871.187 mac #0-0]        ✓ vector #21 -- cc60b1f899ec0a69b7c3f25ddf32c4524096a9c5b01cbd84c6d0312a0c478984, which is a fairly strange transaction which relies on OP_CHECKSIG returning 0 when checking a completely invalid sig of length 0
[chrome 150.0.7871.187 mac #0-0]        ✓ vector #22 -- Empty pubkey
[chrome 150.0.7871.187 mac #0-0]        ✓ vector #23 -- Empty signature
[chrome 150.0.7871.187 mac #0-0]        ✓ vector #24 -- Empty signature
[chrome 150.0.7871.187 mac #0-0]        ✓ vector #25 -- Empty signature
[chrome 150.0.7871.187 mac #0-0]        ✓ vector #26 -- Empty signature
[chrome 150.0.7871.187 mac #0-0]        ✓ vector #27 -- Empty signature
[chrome 150.0.7871.187 mac #0-0]        ✓ vector #28 -- Test that SignatureHash() removes OP_CODESEPARATOR with FindAndDelete()
[chrome 150.0.7871.187 mac #0-0]        ✓ vector #29 -- Test that SignatureHash() removes OP_CODESEPARATOR with FindAndDelete()
[chrome 150.0.7871.187 mac #0-0]        ✓ vector #30 -- Hashed data starts at the CODESEPARATOR
[chrome 150.0.7871.187 mac #0-0]        ✓ vector #31 -- But only if execution has reached it
[chrome 150.0.7871.187 mac #0-0]        ✓ vector #32 -- CODESEPARATOR in an unexecuted IF block does not change what is hashed
[chrome 150.0.7871.187 mac #0-0]        ✓ vector #33 -- As above, with the IF block executed
[chrome 150.0.7871.187 mac #0-0]        ✓ vector #34 -- CHECKSIG is legal in scriptSigs
[chrome 150.0.7871.187 mac #0-0]        ✓ vector #35 -- Same semantics for OP_CODESEPARATOR
[chrome 150.0.7871.187 mac #0-0]        ✓ vector #36 -- Signatures are removed from the script they are in by FindAndDelete() in the CHECKSIG code; even multiple instances of one signature can be removed.
[chrome 150.0.7871.187 mac #0-0]        ✓ vector #37 -- That also includes ahead of the opcode being executed.
[chrome 150.0.7871.187 mac #0-0]        ✓ vector #38 -- Here's an example on mainnet within a P2SH redeemScript. Remarkably it's a standard transaction in <0.9
[chrome 150.0.7871.187 mac #0-0]        ✓ vector #39 -- Same idea, but with bare CHECKMULTISIG
[chrome 150.0.7871.187 mac #0-0]        ✓ vector #40 -- By-height locks, with argument == 0 and == tx nLockTime
[chrome 150.0.7871.187 mac #0-0]        ✓ vector #41 -- By-height locks, with argument == 0 and == tx nLockTime
[chrome 150.0.7871.187 mac #0-0]        ✓ vector #42 -- By-height locks, with argument == 0 and == tx nLockTime
[chrome 150.0.7871.187 mac #0-0]        ✓ vector #43 -- By-time locks, with argument just beyond tx nLockTime (but within numerical boundaries)
[chrome 150.0.7871.187 mac #0-0]        ✓ vector #44 -- By-time locks, with argument just beyond tx nLockTime (but within numerical boundaries)
[chrome 150.0.7871.187 mac #0-0]        ✓ vector #45 -- By-time locks, with argument just beyond tx nLockTime (but within numerical boundaries)
[chrome 150.0.7871.187 mac #0-0]        ✓ vector #46 -- Any non-maxint nSequence is fine
[chrome 150.0.7871.187 mac #0-0]        ✓ vector #47 -- The argument can be calculated rather than created directly by a PUSHDATA
[chrome 150.0.7871.187 mac #0-0]        ✓ vector #48 -- Perhaps even by an ADD producing a 5-byte result that is out of bounds for other opcodes
[chrome 150.0.7871.187 mac #0-0]        ✓ vector #49 -- 5 byte non-minimally-encoded arguments are valid
[chrome 150.0.7871.187 mac #0-0]        ✓ vector #50 -- Valid CHECKLOCKTIMEVERIFY in scriptSig
[chrome 150.0.7871.187 mac #0-0]        ✓ vector #51 -- Valid CHECKLOCKTIMEVERIFY in redeemScript
[chrome 150.0.7871.187 mac #0-0]        ✓ vector #52 -- A transaction with a non-standard DER signature.
[chrome 150.0.7871.187 mac #0-0]        ✓ vector #53 -- By-height locks, with argument == 0 and == txin.nSequence
[chrome 150.0.7871.187 mac #0-0]        ✓ vector #54 -- By-height locks, with argument == 0 and == txin.nSequence
[chrome 150.0.7871.187 mac #0-0]        ✓ vector #55 -- By-height locks, with argument == 0 and == txin.nSequence
[chrome 150.0.7871.187 mac #0-0]        ✓ vector #56 -- By-height locks, with argument == 0 and == txin.nSequence
[chrome 150.0.7871.187 mac #0-0]        ✓ vector #57 -- By-time locks, with argument == 0 and == txin.nSequence
[chrome 150.0.7871.187 mac #0-0]        ✓ vector #58 -- By-time locks, with argument == 0 and == txin.nSequence
[chrome 150.0.7871.187 mac #0-0]        ✓ vector #59 -- By-time locks, with argument == 0 and == txin.nSequence
[chrome 150.0.7871.187 mac #0-0]        ✓ vector #60 -- By-time locks, with argument == 0 and == txin.nSequence
[chrome 150.0.7871.187 mac #0-0]        ✓ vector #61 -- Upper sequence with upper sequence is fine
[chrome 150.0.7871.187 mac #0-0]        ✓ vector #62 -- Upper sequence with upper sequence is fine
[chrome 150.0.7871.187 mac #0-0]        ✓ vector #63 -- Upper sequence with upper sequence is fine
[chrome 150.0.7871.187 mac #0-0]        ✓ vector #64 -- Upper sequence with upper sequence is fine
[chrome 150.0.7871.187 mac #0-0]        ✓ vector #65 -- Upper sequence with upper sequence is fine
[chrome 150.0.7871.187 mac #0-0]        ✓ vector #66 -- Upper sequence with upper sequence is fine
[chrome 150.0.7871.187 mac #0-0]        ✓ vector #67 -- Argument 2^31 with various nSequence
[chrome 150.0.7871.187 mac #0-0]        ✓ vector #68 -- Argument 2^31 with various nSequence
[chrome 150.0.7871.187 mac #0-0]        ✓ vector #69 -- Argument 2^31 with various nSequence
[chrome 150.0.7871.187 mac #0-0]        ✓ vector #70 -- Argument 2^32-1 with various nSequence
[chrome 150.0.7871.187 mac #0-0]        ✓ vector #71 -- Argument 2^32-1 with various nSequence
[chrome 150.0.7871.187 mac #0-0]        ✓ vector #72 -- Argument 2^32-1 with various nSequence
[chrome 150.0.7871.187 mac #0-0]        ✓ vector #73 -- Argument 3<<31 with various nSequence
[chrome 150.0.7871.187 mac #0-0]        ✓ vector #74 -- Argument 3<<31 with various nSequence
[chrome 150.0.7871.187 mac #0-0]        ✓ vector #75 -- Argument 3<<31 with various nSequence
[chrome 150.0.7871.187 mac #0-0]        ✓ vector #76 -- 5 byte non-minimally-encoded operandss are valid
[chrome 150.0.7871.187 mac #0-0]        ✓ vector #77 -- The argument can be calculated rather than created directly by a PUSHDATA
[chrome 150.0.7871.187 mac #0-0]        ✓ vector #78 -- The argument can be calculated rather than created directly by a PUSHDATA
[chrome 150.0.7871.187 mac #0-0]        ✓ vector #79 -- An ADD producing a 5-byte result that sets CTxIn::SEQUENCE_LOCKTIME_DISABLE_FLAG
[chrome 150.0.7871.187 mac #0-0]        ✓ vector #80 -- An ADD producing a 5-byte result that sets CTxIn::SEQUENCE_LOCKTIME_DISABLE_FLAG
[chrome 150.0.7871.187 mac #0-0]        ✓ vector #81 -- Valid CHECKSEQUENCEVERIFY in scriptSig
[chrome 150.0.7871.187 mac #0-0]        ✓ vector #82 -- Valid CHECKSEQUENCEVERIFY in redeemScript
[chrome 150.0.7871.187 mac #0-0]        ✓ vector #83 -- Valid P2WPKH (Private key of segwit tests is L5AQtV2HDm4xGsseLokK2VAT2EtYKcTm3c7HwqnJBFt9LdaQULsM)
[chrome 150.0.7871.187 mac #0-0]        ✓ vector #84 -- Valid P2WSH
[chrome 150.0.7871.187 mac #0-0]        ✓ vector #85 -- Valid P2SH(P2WPKH)
[chrome 150.0.7871.187 mac #0-0]        ✓ vector #86 -- Valid P2SH(P2WSH)
[chrome 150.0.7871.187 mac #0-0]        ✓ vector #87 -- Witness with SigHash Single|AnyoneCanPay
[chrome 150.0.7871.187 mac #0-0]        ✓ vector #88 -- Witness with SigHash Single|AnyoneCanPay (same signature as previous)
[chrome 150.0.7871.187 mac #0-0]        ✓ vector #89 -- Witness with SigHash Single
[chrome 150.0.7871.187 mac #0-0]        ✓ vector #90 -- Witness with SigHash Single (same signature as previous)
[chrome 150.0.7871.187 mac #0-0]        ✓ vector #91 -- Witness with SigHash None|AnyoneCanPay
[chrome 150.0.7871.187 mac #0-0]        ✓ vector #92 -- Witness with SigHash None|AnyoneCanPay (same signature as previous)
[chrome 150.0.7871.187 mac #0-0]        ✓ vector #93 -- Witness with SigHash None
[chrome 150.0.7871.187 mac #0-0]        ✓ vector #94 -- Witness with SigHash None (same signature as previous)
[chrome 150.0.7871.187 mac #0-0]        ✓ vector #95 -- Witness with SigHash None (same signature, only sequences changed)
[chrome 150.0.7871.187 mac #0-0]        ✓ vector #96 -- Witness with SigHash All|AnyoneCanPay
[chrome 150.0.7871.187 mac #0-0]        ✓ vector #97 -- Witness with SigHash All|AnyoneCanPay (same signature as previous)
[chrome 150.0.7871.187 mac #0-0]        ✓ vector #98 -- Unknown witness program version  (without DISCOURAGE_UPGRADABLE_WITNESS_PROGRAM)
[chrome 150.0.7871.187 mac #0-0]        ✓ vector #99 -- Witness with a push of 520 bytes
[chrome 150.0.7871.187 mac #0-0]        ✓ vector #100 -- Transaction mixing all SigHash, segwit and normal inputs
[chrome 150.0.7871.187 mac #0-0]        ✓ vector #101 -- Unknown version witness program with empty witness
[chrome 150.0.7871.187 mac #0-0]        ✓ vector #102 -- Witness SIGHASH_SINGLE with output out of bound
[chrome 150.0.7871.187 mac #0-0]        ✓ vector #103 -- 1 byte push should not be considered a witness scriptPubKey
[chrome 150.0.7871.187 mac #0-0]        ✓ vector #104 -- 41 bytes push should not be considered a witness scriptPubKey
[chrome 150.0.7871.187 mac #0-0]        ✓ vector #105 -- The witness version must use OP_1 to OP_16 only
[chrome 150.0.7871.187 mac #0-0]        ✓ vector #106 -- The witness program push must be canonical
[chrome 150.0.7871.187 mac #0-0]        ✓ vector #107 -- Witness Single|AnyoneCanPay does not hash input's position
[chrome 150.0.7871.187 mac #0-0]        ✓ vector #108 -- Witness Single|AnyoneCanPay does not hash input's position (permutation)
[chrome 150.0.7871.187 mac #0-0]        ✓ vector #109 -- Non witness Single|AnyoneCanPay hash input's position
[chrome 150.0.7871.187 mac #0-0]        ✓ vector #110 -- BIP143 example: P2WSH with OP_CODESEPARATOR and out-of-range SIGHASH_SINGLE.
[chrome 150.0.7871.187 mac #0-0]        ✓ vector #111 -- BIP143 example: P2WSH with unexecuted OP_CODESEPARATOR and SINGLE|ANYONECANPAY
[chrome 150.0.7871.187 mac #0-0]        ✓ vector #112 -- BIP143 example: Same as the previous example with input-output pairs swapped
[chrome 150.0.7871.187 mac #0-0]        ✓ vector #113 -- BIP143 example: P2SH-P2WSH 6-of-6 multisig signed with 6 different SIGHASH types
[chrome 150.0.7871.187 mac #0-0]        ✓ vector #114 -- Non-segwit: correct sighash (with FindAndDelete) = 1ba1fe3bc90c5d1265460e684ce6774e324f0fabdf67619eda729e64e8b6bc08
[chrome 150.0.7871.187 mac #0-0]        ✓ vector #115 -- BIP143: correct sighash (without FindAndDelete) = 71c9cd9b2869b9c70b01b1f0360c148f42dee72297db312638df136f43311f23
[chrome 150.0.7871.187 mac #0-0]        ✓ vector #116 -- Non-segwit: correct sighash (with FindAndDelete) = 1d50f00ba4db2917b903b0ec5002e017343bb38876398c9510570f5dce099295
[chrome 150.0.7871.187 mac #0-0]        ✓ vector #117 -- BIP143: correct sighash (without FindAndDelete) = c1628a1e7c67f14ca0c27c06e4fdeec2e6d1a73c7a91d7c046ff83e835aebb72
[chrome 150.0.7871.187 mac #0-0]
[chrome 150.0.7871.187 mac #0-0]     invalid transaction test case
[chrome 150.0.7871.187 mac #0-0]        ✓ vector #0 -- 0e1b5688cf179cd9f7cbda1fac0090f6e684bbf8cd946660120197c3f3681809 but with extra junk appended to the end of the scriptPubKey
[chrome 150.0.7871.187 mac #0-0]        ✓ vector #1 -- See FindAndDelete, which will only remove if it uses the same pushdata prefix as is standard
[chrome 150.0.7871.187 mac #0-0]        ✓ vector #2 -- Same as above, but with the sig in the scriptSig also pushed with the same non-standard OP_PUSHDATA
[chrome 150.0.7871.187 mac #0-0]        ✓ vector #3 -- See FindAndDelete, which will only remove if the signature, including the hash type, matches
[chrome 150.0.7871.187 mac #0-0]        ✓ vector #4 -- An invalid P2SH Transaction
[chrome 150.0.7871.187 mac #0-0]        ✓ vector #5 -- No outputs
[chrome 150.0.7871.187 mac #0-0]        ✓ vector #6 -- Negative output
[chrome 150.0.7871.187 mac #0-0]        ✓ vector #7 -- MAX_MONEY + 1 output
[chrome 150.0.7871.187 mac #0-0]        ✓ vector #8 -- MAX_MONEY output + 1 output
[chrome 150.0.7871.187 mac #0-0]        ✓ vector #9 -- Duplicate inputs
[chrome 150.0.7871.187 mac #0-0]        ✓ vector #10 -- Note the input is just required to make the tester happy
[chrome 150.0.7871.187 mac #0-0]        ✓ vector #11 -- Note the input is just required to make the tester happy
[chrome 150.0.7871.187 mac #0-0]        ✓ vector #12 -- Null txin, but without being a coinbase (because there are two inputs)
[chrome 150.0.7871.187 mac #0-0]        ✓ vector #13 -- Null txin, but without being a coinbase (because there are two inputs)
[chrome 150.0.7871.187 mac #0-0]        ✓ vector #14 -- Same as the transactions in valid with one input SIGHASH_ALL and one SIGHASH_ANYONECANPAY, but we set the _ANYONECANPAY sequence number, invalidating the SIGHASH_ALL signature
[chrome 150.0.7871.187 mac #0-0]        ✓ vector #15 -- Note the input is just required to make the tester happy
[chrome 150.0.7871.187 mac #0-0]        ✓ vector #16 -- It is an OP_CHECKMULTISIG with the dummy value missing
[chrome 150.0.7871.187 mac #0-0]        ✓ vector #17 -- It is an OP_CHECKMULTISIG with the dummy value set to something other than an empty string
[chrome 150.0.7871.187 mac #0-0]        ✓ vector #18 -- As above, but using a OP_1
[chrome 150.0.7871.187 mac #0-0]        ✓ vector #19 -- As above, but using a OP_1NEGATE
[chrome 150.0.7871.187 mac #0-0]        ✓ vector #20 -- As above, but with the dummy byte missing
[chrome 150.0.7871.187 mac #0-0]        ✓ vector #21 -- Empty stack when we try to run CHECKSIG
[chrome 150.0.7871.187 mac #0-0]        ✓ vector #22 -- CODESEPARATOR in an unexecuted IF block does not change what is hashed
[chrome 150.0.7871.187 mac #0-0]        ✓ vector #23 -- As above, with the IF block executed
[chrome 150.0.7871.187 mac #0-0]        ✓ vector #24 -- By-height locks, with argument just beyond tx nLockTime
[chrome 150.0.7871.187 mac #0-0]        ✓ vector #25 -- By-height locks, with argument just beyond tx nLockTime
[chrome 150.0.7871.187 mac #0-0]        ✓ vector #26 -- By-time locks, with argument just beyond tx nLockTime (but within numerical boundaries)
[chrome 150.0.7871.187 mac #0-0]        ✓ vector #27 -- By-time locks, with argument just beyond tx nLockTime (but within numerical boundaries)
[chrome 150.0.7871.187 mac #0-0]        ✓ vector #28 -- Argument missing
[chrome 150.0.7871.187 mac #0-0]        ✓ vector #29 -- Argument missing
[chrome 150.0.7871.187 mac #0-0]        ✓ vector #30 -- Argument negative with by-blockheight nLockTime=0
[chrome 150.0.7871.187 mac #0-0]        ✓ vector #31 -- Argument negative with by-blocktime nLockTime=500,000,000
[chrome 150.0.7871.187 mac #0-0]        ✓ vector #32 -- Argument negative with by-blocktime nLockTime=500,000,000
[chrome 150.0.7871.187 mac #0-0]        ✓ vector #33 -- Input locked
[chrome 150.0.7871.187 mac #0-0]        ✓ vector #34 -- Input locked
[chrome 150.0.7871.187 mac #0-0]        ✓ vector #35 -- Another input being unlocked isn't sufficient; the CHECKLOCKTIMEVERIFY-using input must be unlocked
[chrome 150.0.7871.187 mac #0-0]        ✓ vector #36 -- Argument/tx height/time mismatch, both versions
[chrome 150.0.7871.187 mac #0-0]        ✓ vector #37 -- Argument/tx height/time mismatch, both versions
[chrome 150.0.7871.187 mac #0-0]        ✓ vector #38 -- Argument/tx height/time mismatch, both versions
[chrome 150.0.7871.187 mac #0-0]        ✓ vector #39 -- Argument/tx height/time mismatch, both versions
[chrome 150.0.7871.187 mac #0-0]        ✓ vector #40 -- Argument/tx height/time mismatch, both versions
[chrome 150.0.7871.187 mac #0-0]        ✓ vector #41 -- Argument 2^32 with nLockTime=2^32-1
[chrome 150.0.7871.187 mac #0-0]        ✓ vector #42 -- Same, but with nLockTime=2^31-1
[chrome 150.0.7871.187 mac #0-0]        ✓ vector #43 -- 6 byte non-minimally-encoded arguments are invalid even if their contents are valid
[chrome 150.0.7871.187 mac #0-0]        ✓ vector #44 -- Failure due to failing CHECKLOCKTIMEVERIFY in scriptSig
[chrome 150.0.7871.187 mac #0-0]        ✓ vector #45 -- Failure due to failing CHECKLOCKTIMEVERIFY in redeemScript
[chrome 150.0.7871.187 mac #0-0]        ✓ vector #46 -- A transaction with a non-standard DER signature.
[chrome 150.0.7871.187 mac #0-0]        ✓ vector #47 -- By-height locks, with argument just beyond txin.nSequence
[chrome 150.0.7871.187 mac #0-0]        ✓ vector #48 -- By-height locks, with argument just beyond txin.nSequence
[chrome 150.0.7871.187 mac #0-0]        ✓ vector #49 -- By-time locks, with argument just beyond txin.nSequence (but within numerical boundries)
[chrome 150.0.7871.187 mac #0-0]        ✓ vector #50 -- By-time locks, with argument just beyond txin.nSequence (but within numerical boundries)
[chrome 150.0.7871.187 mac #0-0]        ✓ vector #51 -- Argument missing
[chrome 150.0.7871.187 mac #0-0]        ✓ vector #52 -- Argument negative with by-blockheight txin.nSequence=0
[chrome 150.0.7871.187 mac #0-0]        ✓ vector #53 -- Argument negative with by-blocktime txin.nSequence=CTxIn::SEQUENCE_LOCKTIME_TYPE_FLAG
[chrome 150.0.7871.187 mac #0-0]        ✓ vector #54 -- Argument/tx height/time mismatch, both versions
[chrome 150.0.7871.187 mac #0-0]        ✓ vector #55 -- Argument/tx height/time mismatch, both versions
[chrome 150.0.7871.187 mac #0-0]        ✓ vector #56 -- Argument/tx height/time mismatch, both versions
[chrome 150.0.7871.187 mac #0-0]        ✓ vector #57 -- Argument/tx height/time mismatch, both versions
[chrome 150.0.7871.187 mac #0-0]        ✓ vector #58 -- 6 byte non-minimally-encoded arguments are invalid even if their contents are valid
[chrome 150.0.7871.187 mac #0-0]        ✓ vector #59 -- Failure due to failing CHECKSEQUENCEVERIFY in scriptSig
[chrome 150.0.7871.187 mac #0-0]        ✓ vector #60 -- Failure due to failing CHECKSEQUENCEVERIFY in redeemScript
[chrome 150.0.7871.187 mac #0-0]        ✓ vector #61 -- Failure due to insufficient tx.nVersion (<2)
[chrome 150.0.7871.187 mac #0-0]        ✓ vector #62 -- Failure due to insufficient tx.nVersion (<2)
[chrome 150.0.7871.187 mac #0-0]        ✓ vector #63 -- Unknown witness program version (with DISCOURAGE_UPGRADABLE_WITNESS_PROGRAM)
[chrome 150.0.7871.187 mac #0-0]        ✓ vector #64 -- Unknown length for witness program v0
[chrome 150.0.7871.187 mac #0-0]        ✓ vector #65 -- Witness with SigHash Single|AnyoneCanPay (same index output value changed)
[chrome 150.0.7871.187 mac #0-0]        ✓ vector #66 -- Witness with SigHash None|AnyoneCanPay (input sequence changed)
[chrome 150.0.7871.187 mac #0-0]        ✓ vector #67 -- Witness with SigHash All|AnyoneCanPay (third output value changed)
[chrome 150.0.7871.187 mac #0-0]        ✓ vector #68 -- Witness with a push of 521 bytes
[chrome 150.0.7871.187 mac #0-0]        ✓ vector #69 -- Witness with unknown version which push false on the stack should be invalid (even without DISCOURAGE_UPGRADABLE_WITNESS_PROGRAM)
[chrome 150.0.7871.187 mac #0-0]        ✓ vector #70 -- Witness program should leave clean stack
[chrome 150.0.7871.187 mac #0-0]        ✓ vector #71 -- Witness v0 with a push of 2 bytes
[chrome 150.0.7871.187 mac #0-0]        ✓ vector #72 -- Unknown witness version with non empty scriptSig
[chrome 150.0.7871.187 mac #0-0]        ✓ vector #73 -- Non witness Single|AnyoneCanPay hash input's position (permutation)
[chrome 150.0.7871.187 mac #0-0]        ✓ vector #74 -- P2WSH with a redeem representing a witness scriptPubKey should fail
[chrome 150.0.7871.187 mac #0-0]        ✓ vector #75 -- 33 bytes push should be considered a witness scriptPubKey
[chrome 150.0.7871.187 mac #0-0]        ✓ vector #76 -- Non-segwit: wrong sighash (without FindAndDelete) = 1ba1fe3bc90c5d1265460e684ce6774e324f0fabdf67619eda729e64e8b6bc08
[chrome 150.0.7871.187 mac #0-0]        ✓ vector #77 -- BIP143: wrong sighash (with FindAndDelete) = 71c9cd9b2869b9c70b01b1f0360c148f42dee72297db312638df136f43311f23
[chrome 150.0.7871.187 mac #0-0]        ✓ vector #78 -- Non-segwit: wrong sighash (without FindAndDelete) = 4bc6a53e8e16ef508c19e38bba08831daba85228b0211f323d4cb0999cf2a5e8
[chrome 150.0.7871.187 mac #0-0]        ✓ vector #79 -- BIP143: wrong sighash (with FindAndDelete) = 17c50ec2181ecdfdc85ca081174b248199ba81fff730794d4f69b8ec031f2dce
[chrome 150.0.7871.187 mac #0-0]
[chrome 150.0.7871.187 mac #0-0] Output
[chrome 150.0.7871.187 mac #0-0]    ✓ throws error with unrecognized argument
[chrome 150.0.7871.187 mac #0-0]    ✓ can be assigned a satoshi amount in big number
[chrome 150.0.7871.187 mac #0-0]    ✓ can be assigned a satoshi amount with a string
[chrome 150.0.7871.187 mac #0-0]    ✓ deserializes correctly a simple output
[chrome 150.0.7871.187 mac #0-0]    ✓ can instantiate from an object
[chrome 150.0.7871.187 mac #0-0]    ✓ can set a script from a buffer
[chrome 150.0.7871.187 mac #0-0]    ✓ has a inspect property
[chrome 150.0.7871.187 mac #0-0]    ✓ toBufferWriter
[chrome 150.0.7871.187 mac #0-0]    ✓ roundtrips to/from object
[chrome 150.0.7871.187 mac #0-0]    ✓ toObject will handle an invalid (null) script
[chrome 150.0.7871.187 mac #0-0]    ✓ #toObject roundtrip will handle an invalid (null) script
[chrome 150.0.7871.187 mac #0-0]    ✓ inspect will work with an invalid (null) script
[chrome 150.0.7871.187 mac #0-0]    ✓ roundtrips to/from JSON
[chrome 150.0.7871.187 mac #0-0]    ✓ setScript fails with invalid input
[chrome 150.0.7871.187 mac #0-0]    ✓ sets script to null if it is an InvalidBuffer
[chrome 150.0.7871.187 mac #0-0]    ✓ should throw an error if Script throws an error that is not InvalidBuffer
[chrome 150.0.7871.187 mac #0-0]
[chrome 150.0.7871.187 mac #0-0]     will error if output is not a positive integer
[chrome 150.0.7871.187 mac #0-0]        ✓ -100
[chrome 150.0.7871.187 mac #0-0]        ✓ 1.1
[chrome 150.0.7871.187 mac #0-0]        ✓ NaN
[chrome 150.0.7871.187 mac #0-0]        ✓ Infinity
[chrome 150.0.7871.187 mac #0-0]
[chrome 150.0.7871.187 mac #0-0] UnspentOutput
[chrome 150.0.7871.187 mac #0-0]    ✓ roundtrip from raw data
[chrome 150.0.7871.187 mac #0-0]    ✓ can be created without "new" operand
[chrome 150.0.7871.187 mac #0-0]    ✓ fails if no tx id is provided
[chrome 150.0.7871.187 mac #0-0]    ✓ fails if vout is not a number
[chrome 150.0.7871.187 mac #0-0]    ✓ displays nicely on the console
[chrome 150.0.7871.187 mac #0-0]    ✓ toString returns txid:vout
[chrome 150.0.7871.187 mac #0-0]    ✓ to/from JSON roundtrip
[chrome 150.0.7871.187 mac #0-0]
[chrome 150.0.7871.187 mac #0-0]     checking the constructor parameters
[chrome 150.0.7871.187 mac #0-0]        ✓ fails when no amount is defined
[chrome 150.0.7871.187 mac #0-0]        ✓ does not fail when amount is zero
[chrome 150.0.7871.187 mac #0-0]
[chrome 150.0.7871.187 mac #0-0] Random
[chrome 150.0.7871.187 mac #0-0]     @getRandomBuffer
[chrome 150.0.7871.187 mac #0-0]        ✓ should return a buffer
[chrome 150.0.7871.187 mac #0-0]        ✓ should not equate two 256 bit random buffers
[chrome 150.0.7871.187 mac #0-0]        ✓ should generate 100 8 byte buffers in a row that are not equal
[chrome 150.0.7871.187 mac #0-0]
[chrome 150.0.7871.187 mac #0-0] Signature
[chrome 150.0.7871.187 mac #0-0]    ✓ should make a blank signature
[chrome 150.0.7871.187 mac #0-0]    ✓ should work with conveniently setting r, s
[chrome 150.0.7871.187 mac #0-0]
[chrome 150.0.7871.187 mac #0-0]     #set
[chrome 150.0.7871.187 mac #0-0]        ✓ should set compressed
[chrome 150.0.7871.187 mac #0-0]        ✓ should set nhashtype
[chrome 150.0.7871.187 mac #0-0]
[chrome 150.0.7871.187 mac #0-0]     #fromCompact
[chrome 150.0.7871.187 mac #0-0]        ✓ should create a signature from a compressed signature
[chrome 150.0.7871.187 mac #0-0]        ✓ should create a signature from an uncompressed signature
[chrome 150.0.7871.187 mac #0-0]
[chrome 150.0.7871.187 mac #0-0]     #fromDER
[chrome 150.0.7871.187 mac #0-0]        ✓ should parse this DER format signature
[chrome 150.0.7871.187 mac #0-0]
[chrome 150.0.7871.187 mac #0-0]     #fromString
[chrome 150.0.7871.187 mac #0-0]        ✓ should parse this DER format signature in hex
[chrome 150.0.7871.187 mac #0-0]
[chrome 150.0.7871.187 mac #0-0]     #toTxFormat
[chrome 150.0.7871.187 mac #0-0]        ✓ should parse this known signature and rebuild it with updated zero-padded sighash types
[chrome 150.0.7871.187 mac #0-0]
[chrome 150.0.7871.187 mac #0-0]     #fromTxFormat
[chrome 150.0.7871.187 mac #0-0]        ✓ should convert from this known tx-format buffer
[chrome 150.0.7871.187 mac #0-0]        ✓ should parse this known signature and rebuild it
[chrome 150.0.7871.187 mac #0-0]
[chrome 150.0.7871.187 mac #0-0]     #parseDER
[chrome 150.0.7871.187 mac #0-0]        ✓ should parse this signature generated in node
[chrome 150.0.7871.187 mac #0-0]        ✓ should parse this 69 byte signature
[chrome 150.0.7871.187 mac #0-0]        ✓ should parse this 68 byte signature
[chrome 150.0.7871.187 mac #0-0]        ✓ should parse this signature from script_valid.json
[chrome 150.0.7871.187 mac #0-0]
[chrome 150.0.7871.187 mac #0-0]     #toDER
[chrome 150.0.7871.187 mac #0-0]        ✓ should convert these known r and s values into a known signature
[chrome 150.0.7871.187 mac #0-0]
[chrome 150.0.7871.187 mac #0-0]     #toString
[chrome 150.0.7871.187 mac #0-0]        ✓ should convert this signature in to hex DER
[chrome 150.0.7871.187 mac #0-0]
[chrome 150.0.7871.187 mac #0-0]     @isTxDER
[chrome 150.0.7871.187 mac #0-0]        ✓ should know this is a DER signature
[chrome 150.0.7871.187 mac #0-0]        ✓ should know this is not a DER signature
[chrome 150.0.7871.187 mac #0-0]
[chrome 150.0.7871.187 mac #0-0]         bitcoind fixtures
[chrome 150.0.7871.187 mac #0-0]            ✓ should be valid for fixture #0
[chrome 150.0.7871.187 mac #0-0]            ✓ should be valid for fixture #1
[chrome 150.0.7871.187 mac #0-0]            ✓ should be valid for fixture #2
[chrome 150.0.7871.187 mac #0-0]            ✓ should be valid for fixture #3
[chrome 150.0.7871.187 mac #0-0]            ✓ should be valid for fixture #4
[chrome 150.0.7871.187 mac #0-0]            ✓ should be invalid for fixture #0
[chrome 150.0.7871.187 mac #0-0]            ✓ should be invalid for fixture #1
[chrome 150.0.7871.187 mac #0-0]            ✓ should be invalid for fixture #2
[chrome 150.0.7871.187 mac #0-0]            ✓ should be invalid for fixture #3
[chrome 150.0.7871.187 mac #0-0]            ✓ should be invalid for fixture #4
[chrome 150.0.7871.187 mac #0-0]            ✓ should be invalid for fixture #5
[chrome 150.0.7871.187 mac #0-0]            ✓ should be invalid for fixture #6
[chrome 150.0.7871.187 mac #0-0]            ✓ should be invalid for fixture #7
[chrome 150.0.7871.187 mac #0-0]            ✓ should be invalid for fixture #8
[chrome 150.0.7871.187 mac #0-0]            ✓ should be invalid for fixture #9
[chrome 150.0.7871.187 mac #0-0]            ✓ should be invalid for fixture #10
[chrome 150.0.7871.187 mac #0-0]            ✓ should be invalid for fixture #11
[chrome 150.0.7871.187 mac #0-0]            ✓ should be invalid for fixture #12
[chrome 150.0.7871.187 mac #0-0]            ✓ should be invalid for fixture #13
[chrome 150.0.7871.187 mac #0-0]            ✓ should be invalid for fixture #14
[chrome 150.0.7871.187 mac #0-0]
[chrome 150.0.7871.187 mac #0-0]     #hasLowS
[chrome 150.0.7871.187 mac #0-0]        ✓ should detect high and low S
[chrome 150.0.7871.187 mac #0-0]
[chrome 150.0.7871.187 mac #0-0]     #hasDefinedHashtype
[chrome 150.0.7871.187 mac #0-0]        ✓ should reject invalid sighash types and accept valid ones
[chrome 150.0.7871.187 mac #0-0]
[chrome 150.0.7871.187 mac #0-0] Hash
[chrome 150.0.7871.187 mac #0-0]     @sha1
[chrome 150.0.7871.187 mac #0-0]        ✓ calculates the hash of this buffer correctly
[chrome 150.0.7871.187 mac #0-0]        ✓ throws an error when the input is not a buffer
[chrome 150.0.7871.187 mac #0-0]
[chrome 150.0.7871.187 mac #0-0]     #sha256
[chrome 150.0.7871.187 mac #0-0]        ✓ calculates the hash of this buffer correctly
[chrome 150.0.7871.187 mac #0-0]        ✓ fails when the input is not a buffer
[chrome 150.0.7871.187 mac #0-0]
[chrome 150.0.7871.187 mac #0-0]     #sha256hmac
[chrome 150.0.7871.187 mac #0-0]        ✓ computes this known big key correctly
[chrome 150.0.7871.187 mac #0-0]        ✓ computes this known empty test vector correctly
[chrome 150.0.7871.187 mac #0-0]        ✓ computes this known non-empty test vector correctly
[chrome 150.0.7871.187 mac #0-0]
[chrome 150.0.7871.187 mac #0-0]     #sha256sha256
[chrome 150.0.7871.187 mac #0-0]        ✓ calculates the hash of this buffer correctly
[chrome 150.0.7871.187 mac #0-0]        ✓ fails when the input is not a buffer
[chrome 150.0.7871.187 mac #0-0]
[chrome 150.0.7871.187 mac #0-0]     #sha256ripemd160
[chrome 150.0.7871.187 mac #0-0]        ✓ calculates the hash of this buffer correctly
[chrome 150.0.7871.187 mac #0-0]        ✓ fails when the input is not a buffer
[chrome 150.0.7871.187 mac #0-0]
[chrome 150.0.7871.187 mac #0-0]     #ripemd160
[chrome 150.0.7871.187 mac #0-0]        ✓ calculates the hash of this buffer correctly
[chrome 150.0.7871.187 mac #0-0]        ✓ fails when the input is not a buffer
[chrome 150.0.7871.187 mac #0-0]
[chrome 150.0.7871.187 mac #0-0]     #sha512
[chrome 150.0.7871.187 mac #0-0]        ✓ calculates the hash of this buffer correctly
[chrome 150.0.7871.187 mac #0-0]        ✓ fails when the input is not a buffer
[chrome 150.0.7871.187 mac #0-0]
[chrome 150.0.7871.187 mac #0-0]     #sha512hmac
[chrome 150.0.7871.187 mac #0-0]        ✓ calculates this known empty test vector correctly
[chrome 150.0.7871.187 mac #0-0]        ✓ calculates this known non-empty test vector correctly
[chrome 150.0.7871.187 mac #0-0]
[chrome 150.0.7871.187 mac #0-0]     #scrypt
[chrome 150.0.7871.187 mac #0-0]        ✓ calculates scrypt hash correctly
[chrome 150.0.7871.187 mac #0-0]
[chrome 150.0.7871.187 mac #0-0] Point
[chrome 150.0.7871.187 mac #0-0]    ✓ should create a point
[chrome 150.0.7871.187 mac #0-0]    ✓ should create a point when called with "new"
[chrome 150.0.7871.187 mac #0-0]
[chrome 150.0.7871.187 mac #0-0]     #getX
[chrome 150.0.7871.187 mac #0-0]        ✓ should return x
[chrome 150.0.7871.187 mac #0-0]        ✓ should be convertable to a buffer
[chrome 150.0.7871.187 mac #0-0]
[chrome 150.0.7871.187 mac #0-0]     #getY
[chrome 150.0.7871.187 mac #0-0]        ✓ should return y
[chrome 150.0.7871.187 mac #0-0]        ✓ should be convertable to a buffer
[chrome 150.0.7871.187 mac #0-0]
[chrome 150.0.7871.187 mac #0-0]     #add
[chrome 150.0.7871.187 mac #0-0]        ✓ should accurately add g to itself
[chrome 150.0.7871.187 mac #0-0]
[chrome 150.0.7871.187 mac #0-0]     #mul
[chrome 150.0.7871.187 mac #0-0]        ✓ should accurately multiply g by 2
[chrome 150.0.7871.187 mac #0-0]        ✓ should accurately multiply g by n-1
[chrome 150.0.7871.187 mac #0-0]        ✓ should accurately multiply g by n+1
[chrome 150.0.7871.187 mac #0-0]
[chrome 150.0.7871.187 mac #0-0]     @fromX
[chrome 150.0.7871.187 mac #0-0]        ✓ should return g
[chrome 150.0.7871.187 mac #0-0]
[chrome 150.0.7871.187 mac #0-0]     #validate
[chrome 150.0.7871.187 mac #0-0]        ✓ should describe this point as valid
[chrome 150.0.7871.187 mac #0-0]        ✓ should describe this point as invalid because of zero y
[chrome 150.0.7871.187 mac #0-0]        ✓ should describe this point as invalid because of invalid y
[chrome 150.0.7871.187 mac #0-0]        ✓ should describe this point as invalid because out of curve bounds
[chrome 150.0.7871.187 mac #0-0]        ✓ should describe this point as invalid because out of curve bounds
[chrome 150.0.7871.187 mac #0-0]
[chrome 150.0.7871.187 mac #0-0] BN
[chrome 150.0.7871.187 mac #0-0]    ✓ should create a bn
[chrome 150.0.7871.187 mac #0-0]    ✓ should parse this number
[chrome 150.0.7871.187 mac #0-0]    ✓ should parse numbers below and at bn.js internal word size
[chrome 150.0.7871.187 mac #0-0]
[chrome 150.0.7871.187 mac #0-0]     #add
[chrome 150.0.7871.187 mac #0-0]        ✓ should add two small numbers together
[chrome 150.0.7871.187 mac #0-0]
[chrome 150.0.7871.187 mac #0-0]     #sub
[chrome 150.0.7871.187 mac #0-0]        ✓ should subtract a small number
[chrome 150.0.7871.187 mac #0-0]
[chrome 150.0.7871.187 mac #0-0]     #gt
[chrome 150.0.7871.187 mac #0-0]        ✓ should say 1 is greater than 0
[chrome 150.0.7871.187 mac #0-0]        ✓ should say a big number is greater than a small big number
[chrome 150.0.7871.187 mac #0-0]        ✓ should say a big number is great than a standard number
[chrome 150.0.7871.187 mac #0-0]
[chrome 150.0.7871.187 mac #0-0]     to/from ScriptNumBuffer
[chrome 150.0.7871.187 mac #0-0]        ✓ rountrips correctly for 0
[chrome 150.0.7871.187 mac #0-0]        ✓ rountrips correctly for 1
[chrome 150.0.7871.187 mac #0-0]        ✓ rountrips correctly for 10
[chrome 150.0.7871.187 mac #0-0]        ✓ rountrips correctly for 256
[chrome 150.0.7871.187 mac #0-0]        ✓ rountrips correctly for 1000
[chrome 150.0.7871.187 mac #0-0]        ✓ rountrips correctly for 65536
[chrome 150.0.7871.187 mac #0-0]        ✓ rountrips correctly for 65537
[chrome 150.0.7871.187 mac #0-0]        ✓ rountrips correctly for -1
[chrome 150.0.7871.187 mac #0-0]        ✓ rountrips correctly for -1000
[chrome 150.0.7871.187 mac #0-0]        ✓ rountrips correctly for -65536
[chrome 150.0.7871.187 mac #0-0]        ✓ rountrips correctly for -65537
[chrome 150.0.7871.187 mac #0-0]
[chrome 150.0.7871.187 mac #0-0]     #fromString
[chrome 150.0.7871.187 mac #0-0]        ✓ should make BN from a string
[chrome 150.0.7871.187 mac #0-0]        ✓ should work with hex string
[chrome 150.0.7871.187 mac #0-0]
[chrome 150.0.7871.187 mac #0-0]     #toString
[chrome 150.0.7871.187 mac #0-0]        ✓ should make a string
[chrome 150.0.7871.187 mac #0-0]
[chrome 150.0.7871.187 mac #0-0]     @fromBuffer
[chrome 150.0.7871.187 mac #0-0]        ✓ should work with big endian
[chrome 150.0.7871.187 mac #0-0]        ✓ should work with big endian 256
[chrome 150.0.7871.187 mac #0-0]        ✓ should work with little endian if we specify the size
[chrome 150.0.7871.187 mac #0-0]        ✓ should work with Uint8Array input
[chrome 150.0.7871.187 mac #0-0]        ✓ should throw on invalid input: Array
[chrome 150.0.7871.187 mac #0-0]        ✓ should throw on invalid input: string
[chrome 150.0.7871.187 mac #0-0]        ✓ should throw on invalid input: Uint16Array
[chrome 150.0.7871.187 mac #0-0]
[chrome 150.0.7871.187 mac #0-0]     #toBuffer
[chrome 150.0.7871.187 mac #0-0]        ✓ should create a 4 byte buffer
[chrome 150.0.7871.187 mac #0-0]        ✓ should create a 4 byte buffer in little endian
[chrome 150.0.7871.187 mac #0-0]        ✓ should create a 2 byte buffer even if you ask for a 1 byte
[chrome 150.0.7871.187 mac #0-0]        ✓ should create a 4 byte buffer even if you ask for a 1 byte
[chrome 150.0.7871.187 mac #0-0]
[chrome 150.0.7871.187 mac #0-0] ECDSA
[chrome 150.0.7871.187 mac #0-0]     #calci
[chrome 150.0.7871.187 mac #0-0]        ✓ calculates i correctly
[chrome 150.0.7871.187 mac #0-0]        ✓ calulates this known i
[chrome 150.0.7871.187 mac #0-0]
[chrome 150.0.7871.187 mac #0-0]     #getRandomK
[chrome 150.0.7871.187 mac #0-0]        ✓ should generate a new random k when called twice in a row
[chrome 150.0.7871.187 mac #0-0]        ✓ should generate a random k that is (almost always) greater than this relatively small number
[chrome 150.0.7871.187 mac #0-0]
[chrome 150.0.7871.187 mac #0-0]     #getDeterministicK
[chrome 150.0.7871.187 mac #0-0]        ✓ should generate the same deterministic k
[chrome 150.0.7871.187 mac #0-0]        ✓ should generate the same deterministic k if badrs is set
[chrome 150.0.7871.187 mac #0-0]        ✓ should compute this test vector correctly
[chrome 150.0.7871.187 mac #0-0]
[chrome 150.0.7871.187 mac #0-0]     #recoverPublicKey
[chrome 150.0.7871.187 mac #0-0]        ✓ should calculate the correct public key
[chrome 150.0.7871.187 mac #0-0]        ✓ should calculate the correct public key for this signature with low s
[chrome 150.0.7871.187 mac #0-0]        ✓ should calculate the correct public key for this signature with high s
[chrome 150.0.7871.187 mac #0-0]
[chrome 150.0.7871.187 mac #0-0]     #verificationError
[chrome 150.0.7871.187 mac #0-0]        ✓ should return an error if the hash is invalid
[chrome 150.0.7871.187 mac #0-0]        ✓ should return an error if r, s are invalid
[chrome 150.0.7871.187 mac #0-0]        ✓ should return an error if the signature is incorrect
[chrome 150.0.7871.187 mac #0-0]
[chrome 150.0.7871.187 mac #0-0]     #sign
[chrome 150.0.7871.187 mac #0-0]        ✓ should create a valid signature
[chrome 150.0.7871.187 mac #0-0]        ✓ should create a valid signature defaulting to deterministicK
[chrome 150.0.7871.187 mac #0-0]        ✓ should create a valid signature explicitly using deterministicK
[chrome 150.0.7871.187 mac #0-0]        ✓ should create a valid signature using randomK
[chrome 150.0.7871.187 mac #0-0]        ✓ should not re-use k values
[chrome 150.0.7871.187 mac #0-0]        ✓ should should throw an error if hashbuf is not 32 bytes
[chrome 150.0.7871.187 mac #0-0]        ✓ should generate right K
[chrome 150.0.7871.187 mac #0-0]        ✓ should generate correct signature for Uint8Array input
[chrome 150.0.7871.187 mac #0-0]        ✓ should throw on improper input: Array
[chrome 150.0.7871.187 mac #0-0]        ✓ should throw on improper input: Uint16Array
[chrome 150.0.7871.187 mac #0-0]
[chrome 150.0.7871.187 mac #0-0]     #verify
[chrome 150.0.7871.187 mac #0-0]        ✓ should verify a signature that was just signed
[chrome 150.0.7871.187 mac #0-0]        ✓ should verify this known good signature
[chrome 150.0.7871.187 mac #0-0]        ✓ should verify a valid signature, and unverify an invalid signature
[chrome 150.0.7871.187 mac #0-0]        ✓ should work with big and little endian
[chrome 150.0.7871.187 mac #0-0]
[chrome 150.0.7871.187 mac #0-0]     vectors
[chrome 150.0.7871.187 mac #0-0]        ✓ should validate valid vector 0
[chrome 150.0.7871.187 mac #0-0]        ✓ should validate valid vector 1
[chrome 150.0.7871.187 mac #0-0]        ✓ should validate valid vector 2
[chrome 150.0.7871.187 mac #0-0]        ✓ should validate valid vector 3
[chrome 150.0.7871.187 mac #0-0]        ✓ should validate valid vector 4
[chrome 150.0.7871.187 mac #0-0]        ✓ should validate valid vector 5
[chrome 150.0.7871.187 mac #0-0]        ✓ should validate valid vector 6
[chrome 150.0.7871.187 mac #0-0]        ✓ should validate invalid.sigError vector 0: The wrong signature
[chrome 150.0.7871.187 mac #0-0]        ✓ should validate invalid.sigError vector 1: Invalid r value (< 0)
[chrome 150.0.7871.187 mac #0-0]        ✓ should validate invalid.sigError vector 2: Invalid r value (== 0)
[chrome 150.0.7871.187 mac #0-0]        ✓ should validate invalid.sigError vector 3: Invalid r value (>= n)
[chrome 150.0.7871.187 mac #0-0]        ✓ should validate invalid.sigError vector 4: Invalid s value (< 0)
[chrome 150.0.7871.187 mac #0-0]        ✓ should validate invalid.sigError vector 5: Invalid s value (== 0)
[chrome 150.0.7871.187 mac #0-0]        ✓ should validate invalid.sigError vector 6: Invalid s value (>= n)
[chrome 150.0.7871.187 mac #0-0]        ✓ should validate invalid.sigError vector 7: Invalid r, s values (r = s = -n)
[chrome 150.0.7871.187 mac #0-0]        ✓ should validate deterministicK vector 0
[chrome 150.0.7871.187 mac #0-0]        ✓ should validate deterministicK vector 1
[chrome 150.0.7871.187 mac #0-0]        ✓ should validate deterministicK vector 2
[chrome 150.0.7871.187 mac #0-0]        ✓ should validate deterministicK vector 3
[chrome 150.0.7871.187 mac #0-0]        ✓ should validate deterministicK vector 4
[chrome 150.0.7871.187 mac #0-0]        ✓ should validate deterministicK vector 5
[chrome 150.0.7871.187 mac #0-0]        ✓ should validate deterministicK vector 6
[chrome 150.0.7871.187 mac #0-0]        ✓ should validate deterministicK vector 7
[chrome 150.0.7871.187 mac #0-0]        ✓ should validate deterministicK vector 8
[chrome 150.0.7871.187 mac #0-0]        ✓ should validate deterministicK vector 9
[chrome 150.0.7871.187 mac #0-0]
[chrome 150.0.7871.187 mac #0-0] js utils
[chrome 150.0.7871.187 mac #0-0]     isValidJSON
[chrome 150.0.7871.187 mac #0-0]        ✓ does not mistake an integer as valid json object
[chrome 150.0.7871.187 mac #0-0]        ✓ correctly validates a json object
[chrome 150.0.7871.187 mac #0-0]        ✓ correctly validates an array json object
[chrome 150.0.7871.187 mac #0-0]
[chrome 150.0.7871.187 mac #0-0]     isNaturalNumber
[chrome 150.0.7871.187 mac #0-0]        ✓ false for float
[chrome 150.0.7871.187 mac #0-0]        ✓ false for string float
[chrome 150.0.7871.187 mac #0-0]        ✓ false for string integer
[chrome 150.0.7871.187 mac #0-0]        ✓ false for negative integer
[chrome 150.0.7871.187 mac #0-0]        ✓ false for negative integer string
[chrome 150.0.7871.187 mac #0-0]        ✓ false for infinity
[chrome 150.0.7871.187 mac #0-0]        ✓ false for NaN
[chrome 150.0.7871.187 mac #0-0]        ✓ true for zero
[chrome 150.0.7871.187 mac #0-0]        ✓ true for positive integer
[chrome 150.0.7871.187 mac #0-0]
[chrome 150.0.7871.187 mac #0-0] preconditions
[chrome 150.0.7871.187 mac #0-0]    ✓ can be used to assert state
[chrome 150.0.7871.187 mac #0-0]    ✓ throws no false negative
[chrome 150.0.7871.187 mac #0-0]    ✓ can be used to check an argument
[chrome 150.0.7871.187 mac #0-0]    ✓ can be used to check an argument type
[chrome 150.0.7871.187 mac #0-0]    ✓ has no false negatives when used to check an argument type
[chrome 150.0.7871.187 mac #0-0]    ✓ can be used to check an argument type for a class
[chrome 150.0.7871.187 mac #0-0]    ✓ has no false negatives when checking a type for a class
[chrome 150.0.7871.187 mac #0-0]    ✓ formats correctly a message on InvalidArgument()
[chrome 150.0.7871.187 mac #0-0]    ✓ formats correctly a message on checkArgument
[chrome 150.0.7871.187 mac #0-0]
[chrome 150.0.7871.187 mac #0-0] buffer utils
[chrome 150.0.7871.187 mac #0-0]     equals
[chrome 150.0.7871.187 mac #0-0]        ✓ recognizes these two equal buffers
[chrome 150.0.7871.187 mac #0-0]        ✓ no false positive: returns false with two different buffers
[chrome 150.0.7871.187 mac #0-0]        ✓ coverage: quickly realizes a difference in size and returns false
[chrome 150.0.7871.187 mac #0-0]        ✓ "equals" is an an alias for "equal"
[chrome 150.0.7871.187 mac #0-0]
[chrome 150.0.7871.187 mac #0-0]     fill
[chrome 150.0.7871.187 mac #0-0]        ✓ checks arguments
[chrome 150.0.7871.187 mac #0-0]        ✓ works correctly for a small buffer
[chrome 150.0.7871.187 mac #0-0]
[chrome 150.0.7871.187 mac #0-0]     isBuffer
[chrome 150.0.7871.187 mac #0-0]        ✓ has no false positive
[chrome 150.0.7871.187 mac #0-0]        ✓ has no false negative
[chrome 150.0.7871.187 mac #0-0]
[chrome 150.0.7871.187 mac #0-0]     emptyBuffer
[chrome 150.0.7871.187 mac #0-0]        ✓ creates a buffer filled with zeros
[chrome 150.0.7871.187 mac #0-0]        ✓ checks arguments
[chrome 150.0.7871.187 mac #0-0]
[chrome 150.0.7871.187 mac #0-0]     single byte buffer <=> integer
[chrome 150.0.7871.187 mac #0-0]        ✓ integerAsSingleByteBuffer should return a buffer of length 1
[chrome 150.0.7871.187 mac #0-0]        ✓ should check the type
[chrome 150.0.7871.187 mac #0-0]        ✓ works correctly for edge cases
[chrome 150.0.7871.187 mac #0-0]        ✓ does a round trip
[chrome 150.0.7871.187 mac #0-0]
[chrome 150.0.7871.187 mac #0-0]     4byte buffer integer <=> integer
[chrome 150.0.7871.187 mac #0-0]        ✓ integerAsBuffer should return a buffer of length 4
[chrome 150.0.7871.187 mac #0-0]        ✓ is little endian
[chrome 150.0.7871.187 mac #0-0]        ✓ should check the type
[chrome 150.0.7871.187 mac #0-0]        ✓ works correctly for edge cases
[chrome 150.0.7871.187 mac #0-0]        ✓ does a round trip
[chrome 150.0.7871.187 mac #0-0]
[chrome 150.0.7871.187 mac #0-0]     buffer to hex
[chrome 150.0.7871.187 mac #0-0]        ✓ returns an expected value in hexa
[chrome 150.0.7871.187 mac #0-0]        ✓ checks the argument type
[chrome 150.0.7871.187 mac #0-0]        ✓ round trips
[chrome 150.0.7871.187 mac #0-0]
[chrome 150.0.7871.187 mac #0-0]     reverse
[chrome 150.0.7871.187 mac #0-0]        ✓ reverses a buffer
[chrome 150.0.7871.187 mac #0-0]
[chrome 150.0.7871.187 mac #0-0] Address
[chrome 150.0.7871.187 mac #0-0]    ✓ can't build without data
[chrome 150.0.7871.187 mac #0-0]    ✓ should throw an error because of bad network param
[chrome 150.0.7871.187 mac #0-0]    ✓ should throw an error because of bad type param
[chrome 150.0.7871.187 mac #0-0]    ✓ throws an error if it couldn't instantiate
[chrome 150.0.7871.187 mac #0-0]    ✓ can roundtrip from/to a object
[chrome 150.0.7871.187 mac #0-0]    ✓ will use the default network for an object
[chrome 150.0.7871.187 mac #0-0]
[chrome 150.0.7871.187 mac #0-0]     bitcoind compliance
[chrome 150.0.7871.187 mac #0-0]        ✓ should describe address DD4KSSuBJqcjuTcvUg1CgUKeurPUFeEZkE as valid
[chrome 150.0.7871.187 mac #0-0]        ✓ should describe address A7HRQk3GFCW2QasvdZxXuYj8kkQK5QrYLs as valid
[chrome 150.0.7871.187 mac #0-0]        ✓ should describe address nhRsrUaxZou6sewjqaS37cJrMRJRgwVXdk as valid
[chrome 150.0.7871.187 mac #0-0]        ✓ should describe address 2MsvyG12kxxipe276Au4zKqvd2xdrBuHWb3 as valid
[chrome 150.0.7871.187 mac #0-0]        ✓ should describe address DBjW6kna7rUPE4Mj9j4B3oK3xVA1SDHrdt as valid
[chrome 150.0.7871.187 mac #0-0]        ✓ should describe address A3RHoAQLPDSuBewbuvt5NMqEKasqs9ty3C as valid
[chrome 150.0.7871.187 mac #0-0]        ✓ should describe address ngbSgr1dhCqsLg6Z5tpsaCspwrH72x2Zk3 as valid
[chrome 150.0.7871.187 mac #0-0]        ✓ should describe address 2MvY1BBau2C6jRC1hNX5LmviLrpvVG386TM as valid
[chrome 150.0.7871.187 mac #0-0]        ✓ should describe address D77Z1nmgSZxJTmtN65n2MVF9yvLSB4MpiC as valid
[chrome 150.0.7871.187 mac #0-0]        ✓ should describe address 9zYnVRaekPtdKBYuPw5QiBtv3NNrzD2LLW as valid
[chrome 150.0.7871.187 mac #0-0]        ✓ should describe address ngao4q8auS6YuDKYPkzjt7zKYYT8LzkGZS as valid
[chrome 150.0.7871.187 mac #0-0]        ✓ should describe address 2N22vuiMGhfqD77vPqsXPiALBfn6oUTtFtH as valid
[chrome 150.0.7871.187 mac #0-0]        ✓ should describe address DGYdw7jC17b9SappjsrAsaghhDTS8sV5Mx as valid
[chrome 150.0.7871.187 mac #0-0]        ✓ should describe address A3YUuiZjn3FzW2i6KqFVgHaN5r5fjvwEJ1 as valid
[chrome 150.0.7871.187 mac #0-0]        ✓ should describe address nbo7vyCuiMxiYW4thwwuaTHQdCoqinmzJz as valid
[chrome 150.0.7871.187 mac #0-0]        ✓ should describe address 2N1Gz97rN7P6VCj9xf64wWFqQZgpUng1mM3 as valid
[chrome 150.0.7871.187 mac #0-0]        ✓ should describe address DExWunrSkF2P9NAzW4JpEeC38uC3z36cCk as valid
[chrome 150.0.7871.187 mac #0-0]        ✓ should describe address AFVkW8WgPP2rsTdAeyogFK9k8gXJ1LZwrb as valid
[chrome 150.0.7871.187 mac #0-0]        ✓ should describe address nagGnGDKWYpvnphf9rgo3xtQhAxiEM1QGD as valid
[chrome 150.0.7871.187 mac #0-0]        ✓ should describe address 2N2f7vA5j92GCGuNt868zihqDBexEdDmJ8V as valid
[chrome 150.0.7871.187 mac #0-0]        ✓ should describe address DMYFDsuFamS4kogsiqxQRXK9diCfmJzNLh as valid
[chrome 150.0.7871.187 mac #0-0]        ✓ should describe address A2CUbyEtqGUjngAjxpGmM5Nwhrz72gh23v as valid
[chrome 150.0.7871.187 mac #0-0]        ✓ should describe address nics7FiGssSKTuDrfNbHXa913W4LrLLK2w as valid
[chrome 150.0.7871.187 mac #0-0]        ✓ should describe address 2MtHzsXQHKJCW6s6MikTVM14kk8aqF3WmZv as valid
[chrome 150.0.7871.187 mac #0-0]        ✓ should describe address DQJXChtyuN3aiU3W6pG4mgnykisHH5hqst as valid
[chrome 150.0.7871.187 mac #0-0]        ✓ should describe address AD21pKoCWcrqrUW4oRv5xUaGwCfXhiyx6y as valid
[chrome 150.0.7871.187 mac #0-0]        ✓ should describe input ... as invalid
[chrome 150.0.7871.187 mac #0-0]        ✓ should describe input x... as invalid
[chrome 150.0.7871.187 mac #0-0]        ✓ should describe input 37qgekLpCC... as invalid
[chrome 150.0.7871.187 mac #0-0]        ✓ should describe input dzb7VV1Ui5... as invalid
[chrome 150.0.7871.187 mac #0-0]        ✓ should describe input MuNu7ZAEDF... as invalid
[chrome 150.0.7871.187 mac #0-0]        ✓ should describe input rPpQpYknyN... as invalid
[chrome 150.0.7871.187 mac #0-0]        ✓ should describe input 4Uc3FmN6NQ... as invalid
[chrome 150.0.7871.187 mac #0-0]        ✓ should describe input 7aQgR5DFQ2... as invalid
[chrome 150.0.7871.187 mac #0-0]        ✓ should describe input 17QpPprjeg... as invalid
[chrome 150.0.7871.187 mac #0-0]        ✓ should describe input KxuACDviz8... as invalid
[chrome 150.0.7871.187 mac #0-0]        ✓ should describe input 7nK3GSmqdX... as invalid
[chrome 150.0.7871.187 mac #0-0]        ✓ should describe input cTivdBmq7b... as invalid
[chrome 150.0.7871.187 mac #0-0]        ✓ should describe input gjMV4vjNjy... as invalid
[chrome 150.0.7871.187 mac #0-0]        ✓ should describe input emXm1naBMo... as invalid
[chrome 150.0.7871.187 mac #0-0]        ✓ should describe input 7VThQnNRj1... as invalid
[chrome 150.0.7871.187 mac #0-0]        ✓ should describe input 1G9u6oCVCP... as invalid
[chrome 150.0.7871.187 mac #0-0]        ✓ should describe input 31QQ7ZMLkS... as invalid
[chrome 150.0.7871.187 mac #0-0]        ✓ should describe input DHqKSnpxa8... as invalid
[chrome 150.0.7871.187 mac #0-0]        ✓ should describe input 2LUHcJPbwL... as invalid
[chrome 150.0.7871.187 mac #0-0]        ✓ should describe input 7USRzBXAnm... as invalid
[chrome 150.0.7871.187 mac #0-0]        ✓ should describe input 1DGezo7BfV... as invalid
[chrome 150.0.7871.187 mac #0-0]        ✓ should describe input 2D12DqDZKw... as invalid
[chrome 150.0.7871.187 mac #0-0]        ✓ should describe input 8AFJzuTujX... as invalid
[chrome 150.0.7871.187 mac #0-0]        ✓ should describe input 163Q17qLbT... as invalid
[chrome 150.0.7871.187 mac #0-0]        ✓ should describe input 2MnmgiRH4e... as invalid
[chrome 150.0.7871.187 mac #0-0]        ✓ should describe input 461QQ2sYWx... as invalid
[chrome 150.0.7871.187 mac #0-0]        ✓ should describe input 2UCtv53Vtt... as invalid
[chrome 150.0.7871.187 mac #0-0]        ✓ should describe input cSNjAsnhgt... as invalid
[chrome 150.0.7871.187 mac #0-0]        ✓ should describe input gmsow2Y6EW... as invalid
[chrome 150.0.7871.187 mac #0-0]        ✓ should describe input nksUKSkzS7... as invalid
[chrome 150.0.7871.187 mac #0-0]        ✓ should describe input L3favK1UzF... as invalid
[chrome 150.0.7871.187 mac #0-0]        ✓ should describe input 7VxLxGGtYT... as invalid
[chrome 150.0.7871.187 mac #0-0]        ✓ should describe input 2mbZwFXF6c... as invalid
[chrome 150.0.7871.187 mac #0-0]        ✓ should describe input dB7cwYdcPS... as invalid
[chrome 150.0.7871.187 mac #0-0]        ✓ should describe input HPhFUhUAh8... as invalid
[chrome 150.0.7871.187 mac #0-0]        ✓ should describe input 4ctAH6AkHz... as invalid
[chrome 150.0.7871.187 mac #0-0]        ✓ should describe input Hn1uFi4dNe... as invalid
[chrome 150.0.7871.187 mac #0-0]        ✓ should describe input Sq3fDbvutA... as invalid
[chrome 150.0.7871.187 mac #0-0]        ✓ should describe input 6TqWyrqdgU... as invalid
[chrome 150.0.7871.187 mac #0-0]        ✓ should describe input giqJo7oWqF... as invalid
[chrome 150.0.7871.187 mac #0-0]        ✓ should describe input cNzHY5e8vc... as invalid
[chrome 150.0.7871.187 mac #0-0]        ✓ should describe input 37uTe568EY... as invalid
[chrome 150.0.7871.187 mac #0-0]        ✓ should describe input EsYbG4tWWW... as invalid
[chrome 150.0.7871.187 mac #0-0]        ✓ should describe input nbuzhfwMoN... as invalid
[chrome 150.0.7871.187 mac #0-0]        ✓ should describe input cQN9PoxZeC... as invalid
[chrome 150.0.7871.187 mac #0-0]        ✓ should describe input 1Gm3N3rkef... as invalid
[chrome 150.0.7871.187 mac #0-0]        ✓ should describe input 2TAq2tuN6x... as invalid
[chrome 150.0.7871.187 mac #0-0]        ✓ should describe input ntEtnnGhqP... as invalid
[chrome 150.0.7871.187 mac #0-0]        ✓ should describe input Ky1YjoZNgQ... as invalid
[chrome 150.0.7871.187 mac #0-0]        ✓ should describe input 2A1q1YsMZo... as invalid
[chrome 150.0.7871.187 mac #0-0]
[chrome 150.0.7871.187 mac #0-0]     validation
[chrome 150.0.7871.187 mac #0-0]        ✓ getValidationError detects network mismatchs
[chrome 150.0.7871.187 mac #0-0]        ✓ isValid returns true on a valid address
[chrome 150.0.7871.187 mac #0-0]        ✓ isValid returns false on network mismatch
[chrome 150.0.7871.187 mac #0-0]        ✓ validates correctly the P2PKH test vector
[chrome 150.0.7871.187 mac #0-0]        ✓ validates correctly the P2SH test vector
[chrome 150.0.7871.187 mac #0-0]        ✓ validates correctly the P2SH testnet test vector
[chrome 150.0.7871.187 mac #0-0]        ✓ rejects correctly the P2PKH livenet test vector with "testnet" parameter
[chrome 150.0.7871.187 mac #0-0]        ✓ validates correctly the P2PKH livenet test vector with "livenet" parameter
[chrome 150.0.7871.187 mac #0-0]        ✓ should not validate if checksum is invalid
[chrome 150.0.7871.187 mac #0-0]        ✓ should not validate on a network mismatch
[chrome 150.0.7871.187 mac #0-0]        ✓ should not validate on a type mismatch
[chrome 150.0.7871.187 mac #0-0]        ✓ should not validate on non-base58 characters
[chrome 150.0.7871.187 mac #0-0]        ✓ testnet addresses are validated correctly
[chrome 150.0.7871.187 mac #0-0]        ✓ addresses with whitespace are validated correctly
[chrome 150.0.7871.187 mac #0-0]
[chrome 150.0.7871.187 mac #0-0]     instantiation
[chrome 150.0.7871.187 mac #0-0]        ✓ can be instantiated from another address
[chrome 150.0.7871.187 mac #0-0]
[chrome 150.0.7871.187 mac #0-0]     encodings
[chrome 150.0.7871.187 mac #0-0]        ✓ should make an address from a buffer
[chrome 150.0.7871.187 mac #0-0]        ✓ should make an address from a string
[chrome 150.0.7871.187 mac #0-0]        ✓ should make an address using a non-string network
[chrome 150.0.7871.187 mac #0-0]        ✓ should error because of unrecognized data format
[chrome 150.0.7871.187 mac #0-0]        ✓ should error because of incorrect format for pubkey hash
[chrome 150.0.7871.187 mac #0-0]        ✓ should error because of incorrect format for script hash
[chrome 150.0.7871.187 mac #0-0]        ✓ should error because of incorrect type for transform buffer
[chrome 150.0.7871.187 mac #0-0]        ✓ should error because of incorrect length buffer for transform buffer
[chrome 150.0.7871.187 mac #0-0]        ✓ should error because of incorrect type for pubkey transform
[chrome 150.0.7871.187 mac #0-0]        ✓ should error because of incorrect type for script transform
[chrome 150.0.7871.187 mac #0-0]        ✓ should error because of incorrect type for string transform
[chrome 150.0.7871.187 mac #0-0]        ✓ should make an address from a pubkey hash buffer
[chrome 150.0.7871.187 mac #0-0]        ✓ should make an address using the default network
[chrome 150.0.7871.187 mac #0-0]        ✓ should throw an error for invalid length hashBuffer
[chrome 150.0.7871.187 mac #0-0]        ✓ should make this address from a compressed pubkey
[chrome 150.0.7871.187 mac #0-0]        ✓ should use the default network for pubkey
[chrome 150.0.7871.187 mac #0-0]        ✓ should make this address from an uncompressed pubkey
[chrome 150.0.7871.187 mac #0-0]        ✓ should classify from a custom network
[chrome 150.0.7871.187 mac #0-0]        ✓ should derive from this known address string livenet
[chrome 150.0.7871.187 mac #0-0]        ✓ should derive from this known address string testnet
[chrome 150.0.7871.187 mac #0-0]        ✓ should derive from this known address string livenet scripthash
[chrome 150.0.7871.187 mac #0-0]        ✓ should derive from this known address string testnet scripthash
[chrome 150.0.7871.187 mac #0-0]
[chrome 150.0.7871.187 mac #0-0]         from a script
[chrome 150.0.7871.187 mac #0-0]            ✓ should fail to build address from a non p2sh,p2pkh script
[chrome 150.0.7871.187 mac #0-0]            ✓ should make this address from a p2pkh output script
[chrome 150.0.7871.187 mac #0-0]            ✓ should make this address from a p2sh input script
[chrome 150.0.7871.187 mac #0-0]            ✓ returns the same address if the script is a pay to public key hash out
[chrome 150.0.7871.187 mac #0-0]            ✓ returns the same address if the script is a pay to script hash out
[chrome 150.0.7871.187 mac #0-0]
[chrome 150.0.7871.187 mac #0-0]     #toBuffer
[chrome 150.0.7871.187 mac #0-0]        ✓ 3c3fa3d4adcaf8f52d5b1843975e122548269937 corresponds to hash LQiX3WFFnc6JDULSRRG3Dsjza3VmhJ5pCP
[chrome 150.0.7871.187 mac #0-0]
[chrome 150.0.7871.187 mac #0-0]     #object
[chrome 150.0.7871.187 mac #0-0]        ✓ roundtrip to-from-to
[chrome 150.0.7871.187 mac #0-0]        ✓ will fail with invalid state
[chrome 150.0.7871.187 mac #0-0]
[chrome 150.0.7871.187 mac #0-0]     #toString
[chrome 150.0.7871.187 mac #0-0]        ✓ livenet pubkeyhash address
[chrome 150.0.7871.187 mac #0-0]        ✓ scripthash address
[chrome 150.0.7871.187 mac #0-0]        ✓ testnet scripthash address
[chrome 150.0.7871.187 mac #0-0]        ✓ testnet pubkeyhash address
[chrome 150.0.7871.187 mac #0-0]
[chrome 150.0.7871.187 mac #0-0]     #inspect
[chrome 150.0.7871.187 mac #0-0]        ✓ should output formatted output correctly
[chrome 150.0.7871.187 mac #0-0]
[chrome 150.0.7871.187 mac #0-0]     questions about the address
[chrome 150.0.7871.187 mac #0-0]        ✓ should detect a P2SH address
[chrome 150.0.7871.187 mac #0-0]        ✓ should detect a Pay To PubkeyHash address
[chrome 150.0.7871.187 mac #0-0]
[chrome 150.0.7871.187 mac #0-0]     creating a P2SH address from public keys
[chrome 150.0.7871.187 mac #0-0]        ✓ can create an address from a set of public keys
[chrome 150.0.7871.187 mac #0-0]        ✓ works on testnet also
[chrome 150.0.7871.187 mac #0-0]        ✓ can also be created by Address.createMultisig
[chrome 150.0.7871.187 mac #0-0]        ✓ fails if invalid array is provided
[chrome 150.0.7871.187 mac #0-0]
[chrome 150.0.7871.187 mac #0-0] Opcode
[chrome 150.0.7871.187 mac #0-0]    ✓ should create a new Opcode
[chrome 150.0.7871.187 mac #0-0]    ✓ should convert to a string with this handy syntax
[chrome 150.0.7871.187 mac #0-0]    ✓ should convert to a number with this handy syntax
[chrome 150.0.7871.187 mac #0-0]
[chrome 150.0.7871.187 mac #0-0]     #fromNumber
[chrome 150.0.7871.187 mac #0-0]        ✓ should work for 0
[chrome 150.0.7871.187 mac #0-0]        ✓ should fail for non-number
[chrome 150.0.7871.187 mac #0-0]
[chrome 150.0.7871.187 mac #0-0]     #set
[chrome 150.0.7871.187 mac #0-0]        ✓ should work for object
[chrome 150.0.7871.187 mac #0-0]        ✓ should fail for empty-object
[chrome 150.0.7871.187 mac #0-0]
[chrome 150.0.7871.187 mac #0-0]     #toNumber
[chrome 150.0.7871.187 mac #0-0]        ✓ should work for 0
[chrome 150.0.7871.187 mac #0-0]
[chrome 150.0.7871.187 mac #0-0]     #buffer
[chrome 150.0.7871.187 mac #0-0]        ✓ should correctly input/output a buffer
[chrome 150.0.7871.187 mac #0-0]
[chrome 150.0.7871.187 mac #0-0]     #fromString
[chrome 150.0.7871.187 mac #0-0]        ✓ should work for OP_0
[chrome 150.0.7871.187 mac #0-0]        ✓ should fail for invalid string
[chrome 150.0.7871.187 mac #0-0]        ✓ should fail for non-string
[chrome 150.0.7871.187 mac #0-0]
[chrome 150.0.7871.187 mac #0-0]     #toString
[chrome 150.0.7871.187 mac #0-0]        ✓ should work for OP_0
[chrome 150.0.7871.187 mac #0-0]        ✓ should not work for non-opcode
[chrome 150.0.7871.187 mac #0-0]
[chrome 150.0.7871.187 mac #0-0]     @map
[chrome 150.0.7871.187 mac #0-0]        ✓ should have a map containing 117 elements
[chrome 150.0.7871.187 mac #0-0]
[chrome 150.0.7871.187 mac #0-0]     @reverseMap
[chrome 150.0.7871.187 mac #0-0]        ✓ should exist and have op 185
[chrome 150.0.7871.187 mac #0-0]
[chrome 150.0.7871.187 mac #0-0]     @smallInt
[chrome 150.0.7871.187 mac #0-0]        ✓ should work for small int OP_0
[chrome 150.0.7871.187 mac #0-0]        ✓ should work for small int OP_1
[chrome 150.0.7871.187 mac #0-0]        ✓ should work for small int OP_2
[chrome 150.0.7871.187 mac #0-0]        ✓ should work for small int OP_3
[chrome 150.0.7871.187 mac #0-0]        ✓ should work for small int OP_4
[chrome 150.0.7871.187 mac #0-0]        ✓ should work for small int OP_5
[chrome 150.0.7871.187 mac #0-0]        ✓ should work for small int OP_6
[chrome 150.0.7871.187 mac #0-0]        ✓ should work for small int OP_7
[chrome 150.0.7871.187 mac #0-0]        ✓ should work for small int OP_8
[chrome 150.0.7871.187 mac #0-0]        ✓ should work for small int OP_9
[chrome 150.0.7871.187 mac #0-0]        ✓ should work for small int OP_10
[chrome 150.0.7871.187 mac #0-0]        ✓ should work for small int OP_11
[chrome 150.0.7871.187 mac #0-0]        ✓ should work for small int OP_12
[chrome 150.0.7871.187 mac #0-0]        ✓ should work for small int OP_13
[chrome 150.0.7871.187 mac #0-0]        ✓ should work for small int OP_14
[chrome 150.0.7871.187 mac #0-0]        ✓ should work for small int OP_15
[chrome 150.0.7871.187 mac #0-0]        ✓ should work for small int OP_16
[chrome 150.0.7871.187 mac #0-0]        ✓ with not number
[chrome 150.0.7871.187 mac #0-0]        ✓ with n equal -1
[chrome 150.0.7871.187 mac #0-0]        ✓ with n equal 17
[chrome 150.0.7871.187 mac #0-0]
[chrome 150.0.7871.187 mac #0-0]     @isSmallIntOp
[chrome 150.0.7871.187 mac #0-0]        ✓ should work for small int OP_0
[chrome 150.0.7871.187 mac #0-0]        ✓ should work for small int OP_1
[chrome 150.0.7871.187 mac #0-0]        ✓ should work for small int OP_2
[chrome 150.0.7871.187 mac #0-0]        ✓ should work for small int OP_3
[chrome 150.0.7871.187 mac #0-0]        ✓ should work for small int OP_4
[chrome 150.0.7871.187 mac #0-0]        ✓ should work for small int OP_5
[chrome 150.0.7871.187 mac #0-0]        ✓ should work for small int OP_6
[chrome 150.0.7871.187 mac #0-0]        ✓ should work for small int OP_7
[chrome 150.0.7871.187 mac #0-0]        ✓ should work for small int OP_8
[chrome 150.0.7871.187 mac #0-0]        ✓ should work for small int OP_9
[chrome 150.0.7871.187 mac #0-0]        ✓ should work for small int OP_10
[chrome 150.0.7871.187 mac #0-0]        ✓ should work for small int OP_11
[chrome 150.0.7871.187 mac #0-0]        ✓ should work for small int OP_12
[chrome 150.0.7871.187 mac #0-0]        ✓ should work for small int OP_13
[chrome 150.0.7871.187 mac #0-0]        ✓ should work for small int OP_14
[chrome 150.0.7871.187 mac #0-0]        ✓ should work for small int OP_15
[chrome 150.0.7871.187 mac #0-0]        ✓ should work for small int OP_16
[chrome 150.0.7871.187 mac #0-0]        ✓ should work for non-small ints
[chrome 150.0.7871.187 mac #0-0]
[chrome 150.0.7871.187 mac #0-0]     #inspect
[chrome 150.0.7871.187 mac #0-0]        ✓ should output opcode by name, hex, and decimal
[chrome 150.0.7871.187 mac #0-0]
[chrome 150.0.7871.187 mac #0-0] #versionGuard
[chrome 150.0.7871.187 mac #0-0]    ✓ global._dogecore should be defined
[chrome 150.0.7871.187 mac #0-0]    ✓ throw an error if version is already defined
[chrome 150.0.7871.187 mac #0-0]
[chrome 150.0.7871.187 mac #0-0] BufferReader
[chrome 150.0.7871.187 mac #0-0]    ✓ should make a new BufferReader
[chrome 150.0.7871.187 mac #0-0]    ✓ should create a new bufferreader with a buffer
[chrome 150.0.7871.187 mac #0-0]    ✓ should fail for invalid object
[chrome 150.0.7871.187 mac #0-0]
[chrome 150.0.7871.187 mac #0-0]     #set
[chrome 150.0.7871.187 mac #0-0]        ✓ should set pos
[chrome 150.0.7871.187 mac #0-0]
[chrome 150.0.7871.187 mac #0-0]     #eof
[chrome 150.0.7871.187 mac #0-0]        ✓ should return true for a blank br
[chrome 150.0.7871.187 mac #0-0]
[chrome 150.0.7871.187 mac #0-0]     read
[chrome 150.0.7871.187 mac #0-0]        ✓ should return the same buffer
[chrome 150.0.7871.187 mac #0-0]        ✓ should return a buffer of this length
[chrome 150.0.7871.187 mac #0-0]        ✓ should work with 0 length
[chrome 150.0.7871.187 mac #0-0]
[chrome 150.0.7871.187 mac #0-0]     readVarLengthBuffer
[chrome 150.0.7871.187 mac #0-0]        ✓ returns correct buffer
[chrome 150.0.7871.187 mac #0-0]        ✓ fails on length too big
[chrome 150.0.7871.187 mac #0-0]
[chrome 150.0.7871.187 mac #0-0]     #readUInt8
[chrome 150.0.7871.187 mac #0-0]        ✓ should return 1
[chrome 150.0.7871.187 mac #0-0]
[chrome 150.0.7871.187 mac #0-0]     #readUInt16BE
[chrome 150.0.7871.187 mac #0-0]        ✓ should return 1
[chrome 150.0.7871.187 mac #0-0]
[chrome 150.0.7871.187 mac #0-0]     #readUInt16LE
[chrome 150.0.7871.187 mac #0-0]        ✓ should return 1
[chrome 150.0.7871.187 mac #0-0]
[chrome 150.0.7871.187 mac #0-0]     #readUInt32BE
[chrome 150.0.7871.187 mac #0-0]        ✓ should return 1
[chrome 150.0.7871.187 mac #0-0]
[chrome 150.0.7871.187 mac #0-0]     #readUInt32LE
[chrome 150.0.7871.187 mac #0-0]        ✓ should return 1
[chrome 150.0.7871.187 mac #0-0]
[chrome 150.0.7871.187 mac #0-0]     #readUInt64BEBN
[chrome 150.0.7871.187 mac #0-0]        ✓ should return 1
[chrome 150.0.7871.187 mac #0-0]        ✓ should return 2^64
[chrome 150.0.7871.187 mac #0-0]
[chrome 150.0.7871.187 mac #0-0]     #readUInt64LEBN
[chrome 150.0.7871.187 mac #0-0]        ✓ should return 1
[chrome 150.0.7871.187 mac #0-0]        ✓ should return 10BTC
[chrome 150.0.7871.187 mac #0-0]        ✓ should return 2^30
[chrome 150.0.7871.187 mac #0-0]        ✓ should return 2^32 + 1
[chrome 150.0.7871.187 mac #0-0]        ✓ should return max number of satoshis
[chrome 150.0.7871.187 mac #0-0]        ✓ should return 2^53 - 1
[chrome 150.0.7871.187 mac #0-0]        ✓ should return 2^53
[chrome 150.0.7871.187 mac #0-0]        ✓ should return 0
[chrome 150.0.7871.187 mac #0-0]        ✓ should return 2^64
[chrome 150.0.7871.187 mac #0-0]
[chrome 150.0.7871.187 mac #0-0]     #readVarintBuf
[chrome 150.0.7871.187 mac #0-0]        ✓ should read a 1 byte varint
[chrome 150.0.7871.187 mac #0-0]        ✓ should read a 3 byte varint
[chrome 150.0.7871.187 mac #0-0]        ✓ should read a 5 byte varint
[chrome 150.0.7871.187 mac #0-0]        ✓ should read a 9 byte varint
[chrome 150.0.7871.187 mac #0-0]
[chrome 150.0.7871.187 mac #0-0]     #readVarintNum
[chrome 150.0.7871.187 mac #0-0]        ✓ should read a 1 byte varint
[chrome 150.0.7871.187 mac #0-0]        ✓ should read a 3 byte varint
[chrome 150.0.7871.187 mac #0-0]        ✓ should read a 5 byte varint
[chrome 150.0.7871.187 mac #0-0]        ✓ should throw an error on a 9 byte varint over the javascript uint precision limit
[chrome 150.0.7871.187 mac #0-0]        ✓ should not throw an error on a 9 byte varint not over the javascript uint precision limit
[chrome 150.0.7871.187 mac #0-0]
[chrome 150.0.7871.187 mac #0-0]     #readVarintBN
[chrome 150.0.7871.187 mac #0-0]        ✓ should read a 1 byte varint
[chrome 150.0.7871.187 mac #0-0]        ✓ should read a 3 byte varint
[chrome 150.0.7871.187 mac #0-0]        ✓ should read a 5 byte varint
[chrome 150.0.7871.187 mac #0-0]        ✓ should read a 9 byte varint
[chrome 150.0.7871.187 mac #0-0]
[chrome 150.0.7871.187 mac #0-0]     #reverse
[chrome 150.0.7871.187 mac #0-0]        ✓ should reverse this [0, 1]
[chrome 150.0.7871.187 mac #0-0]
[chrome 150.0.7871.187 mac #0-0] BufferWriter
[chrome 150.0.7871.187 mac #0-0]    ✓ should create a new buffer writer
[chrome 150.0.7871.187 mac #0-0]
[chrome 150.0.7871.187 mac #0-0]     #set
[chrome 150.0.7871.187 mac #0-0]        ✓ set bufs
[chrome 150.0.7871.187 mac #0-0]
[chrome 150.0.7871.187 mac #0-0]     #toBuffer
[chrome 150.0.7871.187 mac #0-0]        ✓ should concat these two bufs
[chrome 150.0.7871.187 mac #0-0]
[chrome 150.0.7871.187 mac #0-0]     #concat
[chrome 150.0.7871.187 mac #0-0]        ✓ should concat these two bufs
[chrome 150.0.7871.187 mac #0-0]
[chrome 150.0.7871.187 mac #0-0]     #write
[chrome 150.0.7871.187 mac #0-0]        ✓ should write a buffer
[chrome 150.0.7871.187 mac #0-0]
[chrome 150.0.7871.187 mac #0-0]     #writeUInt8
[chrome 150.0.7871.187 mac #0-0]        ✓ should write 1
[chrome 150.0.7871.187 mac #0-0]
[chrome 150.0.7871.187 mac #0-0]     #writeUInt16BE
[chrome 150.0.7871.187 mac #0-0]        ✓ should write 1
[chrome 150.0.7871.187 mac #0-0]
[chrome 150.0.7871.187 mac #0-0]     #writeUInt16LE
[chrome 150.0.7871.187 mac #0-0]        ✓ should write 1
[chrome 150.0.7871.187 mac #0-0]
[chrome 150.0.7871.187 mac #0-0]     #writeUInt32BE
[chrome 150.0.7871.187 mac #0-0]        ✓ should write 1
[chrome 150.0.7871.187 mac #0-0]
[chrome 150.0.7871.187 mac #0-0]     #writeUInt32LE
[chrome 150.0.7871.187 mac #0-0]        ✓ should write 1
[chrome 150.0.7871.187 mac #0-0]
[chrome 150.0.7871.187 mac #0-0]     #writeUInt64BEBN
[chrome 150.0.7871.187 mac #0-0]        ✓ should write 1
[chrome 150.0.7871.187 mac #0-0]
[chrome 150.0.7871.187 mac #0-0]     #writeUInt64LEBN
[chrome 150.0.7871.187 mac #0-0]        ✓ should write 1
[chrome 150.0.7871.187 mac #0-0]
[chrome 150.0.7871.187 mac #0-0]     #writeVarint
[chrome 150.0.7871.187 mac #0-0]        ✓ should write a 1 byte varint
[chrome 150.0.7871.187 mac #0-0]        ✓ should write a 3 byte varint
[chrome 150.0.7871.187 mac #0-0]        ✓ should write a 5 byte varint
[chrome 150.0.7871.187 mac #0-0]        ✓ should write a 9 byte varint
[chrome 150.0.7871.187 mac #0-0]        ✓ should read back the same value it wrote for a 9 byte varint
[chrome 150.0.7871.187 mac #0-0]
[chrome 150.0.7871.187 mac #0-0]     #writeVarintBN
[chrome 150.0.7871.187 mac #0-0]        ✓ should write a 1 byte varint
[chrome 150.0.7871.187 mac #0-0]        ✓ should write a 3 byte varint
[chrome 150.0.7871.187 mac #0-0]        ✓ should write a 5 byte varint
[chrome 150.0.7871.187 mac #0-0]        ✓ should write a 9 byte varint
[chrome 150.0.7871.187 mac #0-0]
[chrome 150.0.7871.187 mac #0-0] Varint
[chrome 150.0.7871.187 mac #0-0]    ✓ should make a new varint
[chrome 150.0.7871.187 mac #0-0]
[chrome 150.0.7871.187 mac #0-0]     #set
[chrome 150.0.7871.187 mac #0-0]        ✓ should set a buffer
[chrome 150.0.7871.187 mac #0-0]
[chrome 150.0.7871.187 mac #0-0]     #fromString
[chrome 150.0.7871.187 mac #0-0]        ✓ should set a buffer
[chrome 150.0.7871.187 mac #0-0]
[chrome 150.0.7871.187 mac #0-0]     #toString
[chrome 150.0.7871.187 mac #0-0]        ✓ should return a buffer
[chrome 150.0.7871.187 mac #0-0]
[chrome 150.0.7871.187 mac #0-0]     #fromBuffer
[chrome 150.0.7871.187 mac #0-0]        ✓ should set a buffer
[chrome 150.0.7871.187 mac #0-0]
[chrome 150.0.7871.187 mac #0-0]     #fromBufferReader
[chrome 150.0.7871.187 mac #0-0]        ✓ should set a buffer reader
[chrome 150.0.7871.187 mac #0-0]
[chrome 150.0.7871.187 mac #0-0]     #fromBN
[chrome 150.0.7871.187 mac #0-0]        ✓ should set a number
[chrome 150.0.7871.187 mac #0-0]
[chrome 150.0.7871.187 mac #0-0]     #fromNumber
[chrome 150.0.7871.187 mac #0-0]        ✓ should set a number
[chrome 150.0.7871.187 mac #0-0]
[chrome 150.0.7871.187 mac #0-0]     #toBuffer
[chrome 150.0.7871.187 mac #0-0]        ✓ should return a buffer
[chrome 150.0.7871.187 mac #0-0]
[chrome 150.0.7871.187 mac #0-0]     #toBN
[chrome 150.0.7871.187 mac #0-0]        ✓ should return a buffer
[chrome 150.0.7871.187 mac #0-0]
[chrome 150.0.7871.187 mac #0-0]     #toNumber
[chrome 150.0.7871.187 mac #0-0]        ✓ should return a buffer
[chrome 150.0.7871.187 mac #0-0]
[chrome 150.0.7871.187 mac #0-0] Base58
[chrome 150.0.7871.187 mac #0-0]    ✓ should make an instance with "new"
[chrome 150.0.7871.187 mac #0-0]    ✓ validates characters with no false negatives
[chrome 150.0.7871.187 mac #0-0]    ✓ validates characters from buffer
[chrome 150.0.7871.187 mac #0-0]    ✓ some characters are invalid (no false positives)
[chrome 150.0.7871.187 mac #0-0]    ✓ should make an instance without "new"
[chrome 150.0.7871.187 mac #0-0]    ✓ should allow this handy syntax
[chrome 150.0.7871.187 mac #0-0]
[chrome 150.0.7871.187 mac #0-0]     #set
[chrome 150.0.7871.187 mac #0-0]        ✓ should set a blank buffer
[chrome 150.0.7871.187 mac #0-0]
[chrome 150.0.7871.187 mac #0-0]     @encode
[chrome 150.0.7871.187 mac #0-0]        ✓ should encode the buffer accurately
[chrome 150.0.7871.187 mac #0-0]        ✓ should throw an error when the Input is not a buffer
[chrome 150.0.7871.187 mac #0-0]
[chrome 150.0.7871.187 mac #0-0]     @decode
[chrome 150.0.7871.187 mac #0-0]        ✓ should decode this encoded value correctly
[chrome 150.0.7871.187 mac #0-0]        ✓ should throw an error when Input is not a string
[chrome 150.0.7871.187 mac #0-0]
[chrome 150.0.7871.187 mac #0-0]     #fromBuffer
[chrome 150.0.7871.187 mac #0-0]        ✓ should not fail
[chrome 150.0.7871.187 mac #0-0]        ✓ should set buffer
[chrome 150.0.7871.187 mac #0-0]
[chrome 150.0.7871.187 mac #0-0]     #fromString
[chrome 150.0.7871.187 mac #0-0]        ✓ should convert this known string to a buffer
[chrome 150.0.7871.187 mac #0-0]
[chrome 150.0.7871.187 mac #0-0]     #toBuffer
[chrome 150.0.7871.187 mac #0-0]        ✓ should return the buffer
[chrome 150.0.7871.187 mac #0-0]
[chrome 150.0.7871.187 mac #0-0]     #toString
[chrome 150.0.7871.187 mac #0-0]        ✓ should return the buffer
[chrome 150.0.7871.187 mac #0-0]
[chrome 150.0.7871.187 mac #0-0] Base58Check
[chrome 150.0.7871.187 mac #0-0]    ✓ should make an instance with "new"
[chrome 150.0.7871.187 mac #0-0]    ✓ can validate a serialized string
[chrome 150.0.7871.187 mac #0-0]    ✓ should make an instance without "new"
[chrome 150.0.7871.187 mac #0-0]    ✓ should allow this handy syntax
[chrome 150.0.7871.187 mac #0-0]
[chrome 150.0.7871.187 mac #0-0]     #set
[chrome 150.0.7871.187 mac #0-0]        ✓ should set a buf
[chrome 150.0.7871.187 mac #0-0]
[chrome 150.0.7871.187 mac #0-0]     @encode
[chrome 150.0.7871.187 mac #0-0]        ✓ should encode the buffer accurately
[chrome 150.0.7871.187 mac #0-0]        ✓ should throw an error when the input is not a buffer
[chrome 150.0.7871.187 mac #0-0]
[chrome 150.0.7871.187 mac #0-0]     @decode
[chrome 150.0.7871.187 mac #0-0]        ✓ should decode this encoded value correctly
[chrome 150.0.7871.187 mac #0-0]        ✓ should throw an error when input is not a string
[chrome 150.0.7871.187 mac #0-0]        ✓ should throw an error when input is too short
[chrome 150.0.7871.187 mac #0-0]        ✓ should throw an error when there is a checksum mismatch
[chrome 150.0.7871.187 mac #0-0]
[chrome 150.0.7871.187 mac #0-0]     #fromBuffer
[chrome 150.0.7871.187 mac #0-0]        ✓ should not fail
[chrome 150.0.7871.187 mac #0-0]        ✓ should set buffer
[chrome 150.0.7871.187 mac #0-0]
[chrome 150.0.7871.187 mac #0-0]     #fromString
[chrome 150.0.7871.187 mac #0-0]        ✓ should convert this known string to a buffer
[chrome 150.0.7871.187 mac #0-0]
[chrome 150.0.7871.187 mac #0-0]     #toBuffer
[chrome 150.0.7871.187 mac #0-0]        ✓ should return the buffer
[chrome 150.0.7871.187 mac #0-0]
[chrome 150.0.7871.187 mac #0-0]     #toString
[chrome 150.0.7871.187 mac #0-0]        ✓ should return the buffer
[chrome 150.0.7871.187 mac #0-0]
[chrome 150.0.7871.187 mac #0-0] Script
[chrome 150.0.7871.187 mac #0-0]    ✓ should make a new script
[chrome 150.0.7871.187 mac #0-0]
[chrome 150.0.7871.187 mac #0-0]     #fromBuffer
[chrome 150.0.7871.187 mac #0-0]        ✓ should parse this buffer containing an OP code
[chrome 150.0.7871.187 mac #0-0]        ✓ should parse this buffer containing another OP code
[chrome 150.0.7871.187 mac #0-0]        ✓ should parse this buffer containing three bytes of data
[chrome 150.0.7871.187 mac #0-0]        ✓ should parse this buffer containing OP_PUSHDATA1 and three bytes of data
[chrome 150.0.7871.187 mac #0-0]        ✓ should parse this buffer containing OP_PUSHDATA2 and three bytes of data
[chrome 150.0.7871.187 mac #0-0]        ✓ should parse this buffer containing OP_PUSHDATA4 and three bytes of data
[chrome 150.0.7871.187 mac #0-0]        ✓ should parse this buffer an OP code, data, and another OP code
[chrome 150.0.7871.187 mac #0-0]
[chrome 150.0.7871.187 mac #0-0]     #toBuffer
[chrome 150.0.7871.187 mac #0-0]        ✓ should output this buffer containing an OP code
[chrome 150.0.7871.187 mac #0-0]        ✓ should output this buffer containing another OP code
[chrome 150.0.7871.187 mac #0-0]        ✓ should output this buffer containing three bytes of data
[chrome 150.0.7871.187 mac #0-0]        ✓ should output this buffer containing OP_PUSHDATA1 and three bytes of data
[chrome 150.0.7871.187 mac #0-0]        ✓ should output this buffer containing OP_PUSHDATA2 and three bytes of data
[chrome 150.0.7871.187 mac #0-0]        ✓ should output this buffer containing OP_PUSHDATA4 and three bytes of data
[chrome 150.0.7871.187 mac #0-0]        ✓ should output this buffer an OP code, data, and another OP code
[chrome 150.0.7871.187 mac #0-0]
[chrome 150.0.7871.187 mac #0-0]     #fromASM
[chrome 150.0.7871.187 mac #0-0]        ✓ should parse this known script in ASM
[chrome 150.0.7871.187 mac #0-0]
[chrome 150.0.7871.187 mac #0-0]     #fromString
[chrome 150.0.7871.187 mac #0-0]        ✓ should parse these known scripts
[chrome 150.0.7871.187 mac #0-0]
[chrome 150.0.7871.187 mac #0-0]     #toString
[chrome 150.0.7871.187 mac #0-0]        ✓ should work with an empty script
[chrome 150.0.7871.187 mac #0-0]        ✓ should output this buffer an OP code, data, and another OP code
[chrome 150.0.7871.187 mac #0-0]        ✓ should output this known script as ASM
[chrome 150.0.7871.187 mac #0-0]
[chrome 150.0.7871.187 mac #0-0]     toHex
[chrome 150.0.7871.187 mac #0-0]        ✓ should return an hexa string "03010203" as expected from [3, 1, 2, 3]
[chrome 150.0.7871.187 mac #0-0]
[chrome 150.0.7871.187 mac #0-0]     #isDataOut
[chrome 150.0.7871.187 mac #0-0]        ✓ should know this is a (blank) OP_RETURN script
[chrome 150.0.7871.187 mac #0-0]        ✓ validates that this 40-byte OP_RETURN is standard
[chrome 150.0.7871.187 mac #0-0]        ✓ validates that this 80-byte OP_RETURN is standard
[chrome 150.0.7871.187 mac #0-0]        ✓ validates that this 40-byte long OP_CHECKMULTISIG is not standard op_return
[chrome 150.0.7871.187 mac #0-0]        ✓ validates that this 81-byte OP_RETURN is not a valid standard OP_RETURN
[chrome 150.0.7871.187 mac #0-0]
[chrome 150.0.7871.187 mac #0-0]     #isPublicKeyIn
[chrome 150.0.7871.187 mac #0-0]        ✓ correctly identify scriptSig as a public key in
[chrome 150.0.7871.187 mac #0-0]
[chrome 150.0.7871.187 mac #0-0]     #isPublicKeyHashIn
[chrome 150.0.7871.187 mac #0-0]        ✓ should identify this known pubkeyhashin (uncompressed pubkey version)
[chrome 150.0.7871.187 mac #0-0]        ✓ should identify this known pubkeyhashin (hybrid pubkey version w/06)
[chrome 150.0.7871.187 mac #0-0]        ✓ should identify this known pubkeyhashin (hybrid pubkey version w/07)
[chrome 150.0.7871.187 mac #0-0]        ✓ should identify this known pubkeyhashin (compressed pubkey w/ 0x02)
[chrome 150.0.7871.187 mac #0-0]        ✓ should identify this known pubkeyhashin (compressed pubkey w/ 0x03)
[chrome 150.0.7871.187 mac #0-0]        ✓ should identify this known non-pubkeyhashin (bad ops length)
[chrome 150.0.7871.187 mac #0-0]        ✓ should identify this known pubkey
[chrome 150.0.7871.187 mac #0-0]        ✓ should identify this known non-pubkeyhashin (bad version)
[chrome 150.0.7871.187 mac #0-0]        ✓ should identify this known non-pubkeyhashin (bad signature version)
[chrome 150.0.7871.187 mac #0-0]        ✓ should identify this known non-pubkeyhashin (no public key)
[chrome 150.0.7871.187 mac #0-0]        ✓ should identify this known non-pubkeyhashin (no signature)
[chrome 150.0.7871.187 mac #0-0]
[chrome 150.0.7871.187 mac #0-0]     #isPublicKeyHashOut
[chrome 150.0.7871.187 mac #0-0]        ✓ should identify this known pubkeyhashout as pubkeyhashout
[chrome 150.0.7871.187 mac #0-0]        ✓ should identify this known non-pubkeyhashout as not pubkeyhashout 1
[chrome 150.0.7871.187 mac #0-0]        ✓ should identify this known non-pubkeyhashout as not pubkeyhashout 2
[chrome 150.0.7871.187 mac #0-0]
[chrome 150.0.7871.187 mac #0-0]     #isMultisigOut
[chrome 150.0.7871.187 mac #0-0]        ✓ should identify known multisig out 1
[chrome 150.0.7871.187 mac #0-0]        ✓ should identify known multisig out 2
[chrome 150.0.7871.187 mac #0-0]        ✓ should identify known multisig out 3
[chrome 150.0.7871.187 mac #0-0]        ✓ should identify non-multisig out 1
[chrome 150.0.7871.187 mac #0-0]        ✓ should identify non-multisig out 2
[chrome 150.0.7871.187 mac #0-0]
[chrome 150.0.7871.187 mac #0-0]     #isMultisigIn
[chrome 150.0.7871.187 mac #0-0]        ✓ should identify multisig in 1
[chrome 150.0.7871.187 mac #0-0]        ✓ should identify multisig in 2
[chrome 150.0.7871.187 mac #0-0]        ✓ should identify non-multisig in 1
[chrome 150.0.7871.187 mac #0-0]        ✓ should identify non-multisig in 2
[chrome 150.0.7871.187 mac #0-0]
[chrome 150.0.7871.187 mac #0-0]     #isScriptHashIn
[chrome 150.0.7871.187 mac #0-0]        ✓ should identify this known scripthashin
[chrome 150.0.7871.187 mac #0-0]        ✓ should identify this known non-scripthashin
[chrome 150.0.7871.187 mac #0-0]        ✓ should identify this problematic non-scripthashin scripts
[chrome 150.0.7871.187 mac #0-0]        ✓ identifies this other problematic non-p2sh in
[chrome 150.0.7871.187 mac #0-0]
[chrome 150.0.7871.187 mac #0-0]     #isScripthashOut
[chrome 150.0.7871.187 mac #0-0]        ✓ should identify this known p2shout as p2shout
[chrome 150.0.7871.187 mac #0-0]        ✓ should identify result of .isScriptHashOut() as p2sh
[chrome 150.0.7871.187 mac #0-0]        ✓ should identify these known non-p2shout as not p2shout
[chrome 150.0.7871.187 mac #0-0]
[chrome 150.0.7871.187 mac #0-0]     #isPushOnly
[chrome 150.0.7871.187 mac #0-0]        ✓ should know these scripts are or aren't push only
[chrome 150.0.7871.187 mac #0-0]
[chrome 150.0.7871.187 mac #0-0]     #classifyInput
[chrome 150.0.7871.187 mac #0-0]        ✓ shouldn't classify public key hash out
[chrome 150.0.7871.187 mac #0-0]        ✓ should classify public key hash in
[chrome 150.0.7871.187 mac #0-0]        ✓ shouldn't classify script hash out
[chrome 150.0.7871.187 mac #0-0]        ✓ should classify script hash in
[chrome 150.0.7871.187 mac #0-0]        ✓ shouldn't classify MULTISIG out
[chrome 150.0.7871.187 mac #0-0]        ✓ should classify MULTISIG in
[chrome 150.0.7871.187 mac #0-0]        ✓ shouldn't classify OP_RETURN data out
[chrome 150.0.7871.187 mac #0-0]        ✓ shouldn't classify public key out
[chrome 150.0.7871.187 mac #0-0]        ✓ should classify public key in
[chrome 150.0.7871.187 mac #0-0]        ✓ should classify unknown
[chrome 150.0.7871.187 mac #0-0]        ✓ should classify scriptHashIn, eventhough it's opreturn
[chrome 150.0.7871.187 mac #0-0]
[chrome 150.0.7871.187 mac #0-0]     #classifyOutput
[chrome 150.0.7871.187 mac #0-0]        ✓ should classify public key hash out
[chrome 150.0.7871.187 mac #0-0]        ✓ shouldn't classify public key hash in
[chrome 150.0.7871.187 mac #0-0]        ✓ should classify script hash out
[chrome 150.0.7871.187 mac #0-0]        ✓ shouldn't classify script hash in
[chrome 150.0.7871.187 mac #0-0]        ✓ should classify MULTISIG out
[chrome 150.0.7871.187 mac #0-0]        ✓ shouldn't classify MULTISIG in
[chrome 150.0.7871.187 mac #0-0]        ✓ should classify OP_RETURN data out
[chrome 150.0.7871.187 mac #0-0]        ✓ should classify public key out
[chrome 150.0.7871.187 mac #0-0]        ✓ shouldn't classify public key in
[chrome 150.0.7871.187 mac #0-0]        ✓ should classify unknown
[chrome 150.0.7871.187 mac #0-0]        ✓ should classify opreturn eventhough it also looks like a scriptHashIn
[chrome 150.0.7871.187 mac #0-0]
[chrome 150.0.7871.187 mac #0-0]     #classify
[chrome 150.0.7871.187 mac #0-0]        ✓ should classify public key hash out
[chrome 150.0.7871.187 mac #0-0]        ✓ should classify public key hash in
[chrome 150.0.7871.187 mac #0-0]        ✓ should classify script hash out
[chrome 150.0.7871.187 mac #0-0]        ✓ should classify script hash in
[chrome 150.0.7871.187 mac #0-0]        ✓ should classify MULTISIG out
[chrome 150.0.7871.187 mac #0-0]        ✓ should classify MULTISIG in
[chrome 150.0.7871.187 mac #0-0]        ✓ should classify OP_RETURN data out
[chrome 150.0.7871.187 mac #0-0]        ✓ should classify public key out
[chrome 150.0.7871.187 mac #0-0]        ✓ should classify public key in
[chrome 150.0.7871.187 mac #0-0]        ✓ should classify unknown
[chrome 150.0.7871.187 mac #0-0]        ✓ should classify opreturn eventhough it also looks like a scriptHashIn
[chrome 150.0.7871.187 mac #0-0]        ✓ should classify scriptHashIn eventhough it is opreturn when script is marked is input
[chrome 150.0.7871.187 mac #0-0]        ✓ should classify unknown eventhough it is public key hash when marked as input
[chrome 150.0.7871.187 mac #0-0]        ✓ should classify unknown eventhough it is public key hash in when marked as output
[chrome 150.0.7871.187 mac #0-0]
[chrome 150.0.7871.187 mac #0-0]     #add and #prepend
[chrome 150.0.7871.187 mac #0-0]        ✓ should add these ops
[chrome 150.0.7871.187 mac #0-0]        ✓ should prepend these ops
[chrome 150.0.7871.187 mac #0-0]        ✓ should add and prepend correctly
[chrome 150.0.7871.187 mac #0-0]        ✓ should add these push data
[chrome 150.0.7871.187 mac #0-0]        ✓ should add both pushdata and non-pushdata chunks
[chrome 150.0.7871.187 mac #0-0]        ✓ should work for no data OP_RETURN
[chrome 150.0.7871.187 mac #0-0]        ✓ works with objects
[chrome 150.0.7871.187 mac #0-0]        ✓ works with another script
[chrome 150.0.7871.187 mac #0-0]        ✓ fails with wrong type
[chrome 150.0.7871.187 mac #0-0]
[chrome 150.0.7871.187 mac #0-0]     #isStandard
[chrome 150.0.7871.187 mac #0-0]        ✓ should classify correctly standard script
[chrome 150.0.7871.187 mac #0-0]        ✓ should classify correctly non standard script
[chrome 150.0.7871.187 mac #0-0]
[chrome 150.0.7871.187 mac #0-0]     #buildMultisigOut
[chrome 150.0.7871.187 mac #0-0]        ✓ should create sorted script by default
[chrome 150.0.7871.187 mac #0-0]        ✓ should fail when number of required signatures is greater than number of pubkeys
[chrome 150.0.7871.187 mac #0-0]        ✓ should create unsorted script if specified
[chrome 150.0.7871.187 mac #0-0]        ✓ should create 1-of-1
[chrome 150.0.7871.187 mac #0-0]        ✓ should create 1-of-2
[chrome 150.0.7871.187 mac #0-0]        ✓ should create 2-of-2
[chrome 150.0.7871.187 mac #0-0]        ✓ should create 1-of-3
[chrome 150.0.7871.187 mac #0-0]        ✓ should create 2-of-3
[chrome 150.0.7871.187 mac #0-0]        ✓ should create 3-of-3
[chrome 150.0.7871.187 mac #0-0]        ✓ should create 1-of-4
[chrome 150.0.7871.187 mac #0-0]        ✓ should create 2-of-4
[chrome 150.0.7871.187 mac #0-0]        ✓ should create 3-of-4
[chrome 150.0.7871.187 mac #0-0]        ✓ should create 4-of-4
[chrome 150.0.7871.187 mac #0-0]        ✓ should create 1-of-5
[chrome 150.0.7871.187 mac #0-0]        ✓ should create 2-of-5
[chrome 150.0.7871.187 mac #0-0]        ✓ should create 3-of-5
[chrome 150.0.7871.187 mac #0-0]        ✓ should create 4-of-5
[chrome 150.0.7871.187 mac #0-0]        ✓ should create 5-of-5
[chrome 150.0.7871.187 mac #0-0]
[chrome 150.0.7871.187 mac #0-0]     #buildPublicKeyHashOut
[chrome 150.0.7871.187 mac #0-0]        ✓ should create script from livenet address
[chrome 150.0.7871.187 mac #0-0]        ✓ should create script from testnet address
[chrome 150.0.7871.187 mac #0-0]        ✓ should create script from public key
[chrome 150.0.7871.187 mac #0-0]
[chrome 150.0.7871.187 mac #0-0]     #buildPublicKeyOut
[chrome 150.0.7871.187 mac #0-0]        ✓ should create script from public key
[chrome 150.0.7871.187 mac #0-0]
[chrome 150.0.7871.187 mac #0-0]     #buildDataOut
[chrome 150.0.7871.187 mac #0-0]        ✓ should create script from no data
[chrome 150.0.7871.187 mac #0-0]        ✓ should create script from empty data
[chrome 150.0.7871.187 mac #0-0]        ✓ should create script from some data
[chrome 150.0.7871.187 mac #0-0]        ✓ should create script from string
[chrome 150.0.7871.187 mac #0-0]        ✓ should create script from a hex string
[chrome 150.0.7871.187 mac #0-0]
[chrome 150.0.7871.187 mac #0-0]     #buildScriptHashOut
[chrome 150.0.7871.187 mac #0-0]        ✓ should create script from another script
[chrome 150.0.7871.187 mac #0-0]        ✓ inherits network property from other script
[chrome 150.0.7871.187 mac #0-0]        ✓ inherits network property form an address
[chrome 150.0.7871.187 mac #0-0]
[chrome 150.0.7871.187 mac #0-0]     #toScriptHashOut
[chrome 150.0.7871.187 mac #0-0]        ✓ should create script from another script
[chrome 150.0.7871.187 mac #0-0]
[chrome 150.0.7871.187 mac #0-0]     #removeCodeseparators
[chrome 150.0.7871.187 mac #0-0]        ✓ should remove any OP_CODESEPARATORs
[chrome 150.0.7871.187 mac #0-0]
[chrome 150.0.7871.187 mac #0-0]     #findAndDelete
[chrome 150.0.7871.187 mac #0-0]        ✓ should find and delete this buffer
[chrome 150.0.7871.187 mac #0-0]        ✓ should do nothing
[chrome 150.0.7871.187 mac #0-0]
[chrome 150.0.7871.187 mac #0-0]     #checkMinimalPush
[chrome 150.0.7871.187 mac #0-0]        ✓ should check these minimal pushes
[chrome 150.0.7871.187 mac #0-0]
[chrome 150.0.7871.187 mac #0-0]     getData returns associated data
[chrome 150.0.7871.187 mac #0-0]        ✓ works with this testnet transaction
[chrome 150.0.7871.187 mac #0-0]        ✓ for a P2PKH address
[chrome 150.0.7871.187 mac #0-0]        ✓ for a P2SH address
[chrome 150.0.7871.187 mac #0-0]        ✓ for a standard opreturn output
[chrome 150.0.7871.187 mac #0-0]        ✓ fails if content is not recognized
[chrome 150.0.7871.187 mac #0-0]
[chrome 150.0.7871.187 mac #0-0]     toAddress
[chrome 150.0.7871.187 mac #0-0]        ✓ priorize the network argument
[chrome 150.0.7871.187 mac #0-0]        ✓ use the inherited network
[chrome 150.0.7871.187 mac #0-0]        ✓ uses default network
[chrome 150.0.7871.187 mac #0-0]        ✓ for a P2PKH address
[chrome 150.0.7871.187 mac #0-0]        ✓ for a P2SH address
[chrome 150.0.7871.187 mac #0-0]        ✓ fails if content is not recognized
[chrome 150.0.7871.187 mac #0-0]        ✓ works for p2pkh output
[chrome 150.0.7871.187 mac #0-0]        ✓ works for p2pkh input
[chrome 150.0.7871.187 mac #0-0]        ✓ works for p2sh output
[chrome 150.0.7871.187 mac #0-0]        ✓ works for p2sh input
[chrome 150.0.7871.187 mac #0-0]        ✓ works for OP_RETURN script
[chrome 150.0.7871.187 mac #0-0]
[chrome 150.0.7871.187 mac #0-0]     equals
[chrome 150.0.7871.187 mac #0-0]        ✓ returns true for same script
[chrome 150.0.7871.187 mac #0-0]        ✓ returns false for different chunks sizes
[chrome 150.0.7871.187 mac #0-0]        ✓ returns false for different opcodes
[chrome 150.0.7871.187 mac #0-0]        ✓ returns false for different data
[chrome 150.0.7871.187 mac #0-0]        ✓ returns false for different data
[chrome 150.0.7871.187 mac #0-0]
[chrome 150.0.7871.187 mac #0-0]     #getSignatureOperationsCount
[chrome 150.0.7871.187 mac #0-0]        ✓ should return zero for empty scripts
[chrome 150.0.7871.187 mac #0-0]        ✓ should handle multi-sig multisig scripts from string
[chrome 150.0.7871.187 mac #0-0]        ✓ should handle multi-sig-out scripts from utility function
[chrome 150.0.7871.187 mac #0-0]        ✓ should handle P2SH-multisig-in scripts from utility
[chrome 150.0.7871.187 mac #0-0]        ✓ should default the one and only argument to true
[chrome 150.0.7871.187 mac #0-0]
[chrome 150.0.7871.187 mac #0-0] Interpreter
[chrome 150.0.7871.187 mac #0-0]    ✓ should make a new interp
[chrome 150.0.7871.187 mac #0-0]
[chrome 150.0.7871.187 mac #0-0]     @castToBool
[chrome 150.0.7871.187 mac #0-0]        ✓ should cast these bufs to bool correctly
[chrome 150.0.7871.187 mac #0-0]
[chrome 150.0.7871.187 mac #0-0]     #verify
[chrome 150.0.7871.187 mac #0-0]        ✓ should verify these trivial scripts
[chrome 150.0.7871.187 mac #0-0]        ✓ should verify these simple transaction
[chrome 150.0.7871.187 mac #0-0]
[chrome 150.0.7871.187 mac #0-0]     bitcoind script evaluation fixtures
[chrome 150.0.7871.187 mac #0-0]        ✓ should EVAL_FALSE script_tests vector #970:  0 0x206e340b9cffb37a989ca544e6bb780a2c78901d3fb33738768511a30617afa01d (Invalid witness script)
[chrome 150.0.7871.187 mac #0-0]        ✓ should WITNESS_PROGRAM_MISMATCH script_tests vector #971:  0 0x206e340b9cffb37a989ca544e6bb780a2c78901d3fb33738768511a30617afa01d (Witness script hash mismatch)
[chrome 150.0.7871.187 mac #0-0]        ✓ should OK script_tests vector #972:  0 0x206e340b9cffb37a989ca544e6bb780a2c78901d3fb33738768511a30617afa01d (Invalid witness script without WITNESS)
[chrome 150.0.7871.187 mac #0-0]        ✓ should OK script_tests vector #973:  0 0x206e340b9cffb37a989ca544e6bb780a2c78901d3fb33738768511a30617afa01d (Witness script hash mismatch without WITNESS)
[chrome 150.0.7871.187 mac #0-0]        ✓ should OK script_tests vector #1059:  0 0x20 0xb95237b48faaa69eb078e1170be3b5cbb3fddf16d0a991e14ad274f7b33a4f64 (Basic P2WSH)
[chrome 150.0.7871.187 mac #0-0]        ✓ should OK script_tests vector #1060:  0 0x14 0x91b24bf9f5288532960ac687abb035127b1d28a5 (Basic P2WPKH)
[chrome 150.0.7871.187 mac #0-0]        ✓ should OK script_tests vector #1061: 0x22 0x0020b95237b48faaa69eb078e1170be3b5cbb3fddf16d0a991e14ad274f7b33a4f64 HASH160 0x14 0xf386c2ba255cc56d20cfa6ea8b062f8b59945518 EQUAL (Basic P2SH(P2WSH))
[chrome 150.0.7871.187 mac #0-0]        ✓ should OK script_tests vector #1062: 0x16 0x001491b24bf9f5288532960ac687abb035127b1d28a5 HASH160 0x14 0x17743beb429c55c942d2ec703b98c4d57c2df5c6 EQUAL (Basic P2SH(P2WPKH))
[chrome 150.0.7871.187 mac #0-0]        ✓ should EVAL_FALSE script_tests vector #1063:  0 0x20 0xac8ebd9e52c17619a381fa4f71aebb696087c6ef17c960fd0587addad99c0610 (Basic P2WSH with the wrong key)
[chrome 150.0.7871.187 mac #0-0]        ✓ should EVAL_FALSE script_tests vector #1064:  0 0x14 0x7cf9c846cd4882efec4bf07e44ebdad495c94f4b (Basic P2WPKH with the wrong key)
[chrome 150.0.7871.187 mac #0-0]        ✓ should EVAL_FALSE script_tests vector #1065: 0x22 0x0020ac8ebd9e52c17619a381fa4f71aebb696087c6ef17c960fd0587addad99c0610 HASH160 0x14 0x61039a003883787c0d6ebc66d97fdabe8e31449d EQUAL (Basic P2SH(P2WSH) with the wrong key)
[chrome 150.0.7871.187 mac #0-0]        ✓ should EVAL_FALSE script_tests vector #1066: 0x16 0x00147cf9c846cd4882efec4bf07e44ebdad495c94f4b HASH160 0x14 0x4e0c2aed91315303fc6a1dc4c7bc21c88f75402e EQUAL (Basic P2SH(P2WPKH) with the wrong key)
[chrome 150.0.7871.187 mac #0-0]        ✓ should OK script_tests vector #1067:  0 0x20 0xac8ebd9e52c17619a381fa4f71aebb696087c6ef17c960fd0587addad99c0610 (Basic P2WSH with the wrong key but no WITNESS)
[chrome 150.0.7871.187 mac #0-0]        ✓ should OK script_tests vector #1068:  0 0x14 0x7cf9c846cd4882efec4bf07e44ebdad495c94f4b (Basic P2WPKH with the wrong key but no WITNESS)
[chrome 150.0.7871.187 mac #0-0]        ✓ should OK script_tests vector #1069: 0x22 0x0020ac8ebd9e52c17619a381fa4f71aebb696087c6ef17c960fd0587addad99c0610 HASH160 0x14 0x61039a003883787c0d6ebc66d97fdabe8e31449d EQUAL (Basic P2SH(P2WSH) with the wrong key but no WITNESS)
[chrome 150.0.7871.187 mac #0-0]        ✓ should OK script_tests vector #1070: 0x16 0x00147cf9c846cd4882efec4bf07e44ebdad495c94f4b HASH160 0x14 0x4e0c2aed91315303fc6a1dc4c7bc21c88f75402e EQUAL (Basic P2SH(P2WPKH) with the wrong key but no WITNESS)
[chrome 150.0.7871.187 mac #0-0]        ✓ should EVAL_FALSE script_tests vector #1071:  0 0x20 0xb95237b48faaa69eb078e1170be3b5cbb3fddf16d0a991e14ad274f7b33a4f64 (Basic P2WSH with wrong value)
[chrome 150.0.7871.187 mac #0-0]        ✓ should EVAL_FALSE script_tests vector #1072:  0 0x14 0x91b24bf9f5288532960ac687abb035127b1d28a5 (Basic P2WPKH with wrong value)
[chrome 150.0.7871.187 mac #0-0]        ✓ should EVAL_FALSE script_tests vector #1073: 0x22 0x0020b95237b48faaa69eb078e1170be3b5cbb3fddf16d0a991e14ad274f7b33a4f64 HASH160 0x14 0xf386c2ba255cc56d20cfa6ea8b062f8b59945518 EQUAL (Basic P2SH(P2WSH) with wrong value)
[chrome 150.0.7871.187 mac #0-0]        ✓ should EVAL_FALSE script_tests vector #1074: 0x16 0x001491b24bf9f5288532960ac687abb035127b1d28a5 HASH160 0x14 0x17743beb429c55c942d2ec703b98c4d57c2df5c6 EQUAL (Basic P2SH(P2WPKH) with wrong value)
[chrome 150.0.7871.187 mac #0-0]        ✓ should DISCOURAGE_UPGRADABLE_WITNESS_PROGRAM script_tests vector #1075:  1 0x14 0x91b24bf9f5288532960ac687abb035127b1d28a5 (P2WPKH with future witness version)
[chrome 150.0.7871.187 mac #0-0]        ✓ should WITNESS_PROGRAM_WRONG_LENGTH script_tests vector #1076:  0 0x1f 0xb34b78da162751647974d5cb7410aa428ad339dbf7d1e16e833f68a0cbf1c3 (P2WPKH with wrong witness program length)
[chrome 150.0.7871.187 mac #0-0]        ✓ should WITNESS_PROGRAM_MISMATCH script_tests vector #1078:  0 0x20 0xb95237b48faaa69eb078e1170be3b5cbb3fddf16d0a991e14ad274f7b33a4f64 (P2WSH with witness program mismatch)
[chrome 150.0.7871.187 mac #0-0]        ✓ should WITNESS_PROGRAM_MISMATCH script_tests vector #1079:  0 0x14 0x91b24bf9f5288532960ac687abb035127b1d28a5 (P2WPKH with witness program mismatch)
[chrome 150.0.7871.187 mac #0-0]        ✓ should WITNESS_MALLEATED script_tests vector #1080: 11 0 0x14 0x91b24bf9f5288532960ac687abb035127b1d28a5 (P2WPKH with non-empty scriptSig)
[chrome 150.0.7871.187 mac #0-0]        ✓ should WITNESS_MALLEATED_P2SH script_tests vector #1081: 11 0x16 0x00147cf9c846cd4882efec4bf07e44ebdad495c94f4b HASH160 0x14 0x4e0c2aed91315303fc6a1dc4c7bc21c88f75402e EQUAL (P2SH(P2WPKH) with superfluous push in scriptSig)
[chrome 150.0.7871.187 mac #0-0]        ✓ should WITNESS_UNEXPECTED script_tests vector #1082: 0x47 0x304402200a5c6163f07b8d3b013c4d1d6dba25e780b39658d79ba37af7057a3b7f15ffa102201fd9b4eaa9943f734928b99a83592c2e7bf342ea2680f6a2bb705167966b742001 0x41 0x0479be667ef9dcbbac55a06295ce870b07029bfcdb2dce28d959f2815b16f81798483ada7726a3c4655da4fbfc0e1108a8fd17b448a68554199c47d08ffb10d4b8 CHECKSIG (P2PK with witness)
[chrome 150.0.7871.187 mac #0-0]        ✓ should OK script_tests vector #1083:  0 0x20 0x1863143c14c5166804bd19203356da136c985678cd4d27a1b8c6329604903262 (Basic P2WSH with compressed key)
[chrome 150.0.7871.187 mac #0-0]        ✓ should OK script_tests vector #1084:  0 0x14 0x751e76e8199196d454941c45d1b3a323f1433bd6 (Basic P2WPKH with compressed key)
[chrome 150.0.7871.187 mac #0-0]        ✓ should OK script_tests vector #1085: 0x22 0x00201863143c14c5166804bd19203356da136c985678cd4d27a1b8c6329604903262 HASH160 0x14 0xe4300531190587e3880d4c3004f5355d88ff928d EQUAL (Basic P2SH(P2WSH) with compressed key)
[chrome 150.0.7871.187 mac #0-0]        ✓ should OK script_tests vector #1086: 0x16 0x0014751e76e8199196d454941c45d1b3a323f1433bd6 HASH160 0x14 0xbcfeb728b584253d5f3f70bcb780e9ef218a68f4 EQUAL (Basic P2SH(P2WPKH) with compressed key)
[chrome 150.0.7871.187 mac #0-0]        ✓ should WITNESS_PUBKEYTYPE script_tests vector #1087:  0 0x20 0xb95237b48faaa69eb078e1170be3b5cbb3fddf16d0a991e14ad274f7b33a4f64 (Basic P2WSH)
[chrome 150.0.7871.187 mac #0-0]        ✓ should WITNESS_PUBKEYTYPE script_tests vector #1088:  0 0x14 0x91b24bf9f5288532960ac687abb035127b1d28a5 (Basic P2WPKH)
[chrome 150.0.7871.187 mac #0-0]        ✓ should WITNESS_PUBKEYTYPE script_tests vector #1089: 0x22 0x0020b95237b48faaa69eb078e1170be3b5cbb3fddf16d0a991e14ad274f7b33a4f64 HASH160 0x14 0xf386c2ba255cc56d20cfa6ea8b062f8b59945518 EQUAL (Basic P2SH(P2WSH))
[chrome 150.0.7871.187 mac #0-0]        ✓ should WITNESS_PUBKEYTYPE script_tests vector #1090: 0x16 0x001491b24bf9f5288532960ac687abb035127b1d28a5 HASH160 0x14 0x17743beb429c55c942d2ec703b98c4d57c2df5c6 EQUAL (Basic P2SH(P2WPKH))
[chrome 150.0.7871.187 mac #0-0]        ✓ should OK script_tests vector #1091:  0 0x20 0x06c24420938f0fa3c1cb2707d867154220dca365cdbfa0dd2a83854730221460 (P2WSH CHECKMULTISIG with compressed keys)
[chrome 150.0.7871.187 mac #0-0]        ✓ should OK script_tests vector #1092: 0x22 0x002006c24420938f0fa3c1cb2707d867154220dca365cdbfa0dd2a83854730221460 HASH160 0x14 0x26282aad7c29369d15fed062a778b6100d31a340 EQUAL (P2SH(P2WSH) CHECKMULTISIG with compressed keys)
[chrome 150.0.7871.187 mac #0-0]        ✓ should OK script_tests vector #1093:  0 0x20 0x06c24420938f0fa3c1cb2707d867154220dca365cdbfa0dd2a83854730221460 (P2WSH CHECKMULTISIG with compressed keys)
[chrome 150.0.7871.187 mac #0-0]        ✓ should OK script_tests vector #1094: 0x22 0x002006c24420938f0fa3c1cb2707d867154220dca365cdbfa0dd2a83854730221460 HASH160 0x14 0x26282aad7c29369d15fed062a778b6100d31a340 EQUAL (P2SH(P2WSH) CHECKMULTISIG with compressed keys)
[chrome 150.0.7871.187 mac #0-0]        ✓ should OK script_tests vector #1095:  0 0x20 0x08a6665ebfd43b02323423e764e185d98d1587f903b81507dbb69bfc41005efa (P2WSH CHECKMULTISIG with first key uncompressed and signing with the first key)
[chrome 150.0.7871.187 mac #0-0]        ✓ should OK script_tests vector #1096: 0x22 0x002008a6665ebfd43b02323423e764e185d98d1587f903b81507dbb69bfc41005efa HASH160 0x14 0x6f5ecd4b83b77f3c438f5214eff96454934fc5d1 EQUAL (P2SH(P2WSH) CHECKMULTISIG first key uncompressed and signing with the first key)
[chrome 150.0.7871.187 mac #0-0]        ✓ should WITNESS_PUBKEYTYPE script_tests vector #1097:  0 0x20 0x08a6665ebfd43b02323423e764e185d98d1587f903b81507dbb69bfc41005efa (P2WSH CHECKMULTISIG with first key uncompressed and signing with the first key)
[chrome 150.0.7871.187 mac #0-0]        ✓ should WITNESS_PUBKEYTYPE script_tests vector #1098: 0x22 0x002008a6665ebfd43b02323423e764e185d98d1587f903b81507dbb69bfc41005efa HASH160 0x14 0x6f5ecd4b83b77f3c438f5214eff96454934fc5d1 EQUAL (P2SH(P2WSH) CHECKMULTISIG with first key uncompressed and signing with the first key)
[chrome 150.0.7871.187 mac #0-0]        ✓ should OK script_tests vector #1099:  0 0x20 0x08a6665ebfd43b02323423e764e185d98d1587f903b81507dbb69bfc41005efa (P2WSH CHECKMULTISIG with first key uncompressed and signing with the second key)
[chrome 150.0.7871.187 mac #0-0]        ✓ should OK script_tests vector #1100: 0x22 0x002008a6665ebfd43b02323423e764e185d98d1587f903b81507dbb69bfc41005efa HASH160 0x14 0x6f5ecd4b83b77f3c438f5214eff96454934fc5d1 EQUAL (P2SH(P2WSH) CHECKMULTISIG with first key uncompressed and signing with the second key)
[chrome 150.0.7871.187 mac #0-0]        ✓ should WITNESS_PUBKEYTYPE script_tests vector #1101:  0 0x20 0x08a6665ebfd43b02323423e764e185d98d1587f903b81507dbb69bfc41005efa (P2WSH CHECKMULTISIG with first key uncompressed and signing with the second key)
[chrome 150.0.7871.187 mac #0-0]        ✓ should WITNESS_PUBKEYTYPE script_tests vector #1102: 0x22 0x002008a6665ebfd43b02323423e764e185d98d1587f903b81507dbb69bfc41005efa HASH160 0x14 0x6f5ecd4b83b77f3c438f5214eff96454934fc5d1 EQUAL (P2SH(P2WSH) CHECKMULTISIG with first key uncompressed and signing with the second key)
[chrome 150.0.7871.187 mac #0-0]        ✓ should OK script_tests vector #1103:  0 0x20 0x230828ed48871f0f362ce9432aa52f620f442cc8d9ce7a8b5e798365595a38bb (P2WSH CHECKMULTISIG with second key uncompressed and signing with the first key)
[chrome 150.0.7871.187 mac #0-0]        ✓ should OK script_tests vector #1104: 0x22 0x0020230828ed48871f0f362ce9432aa52f620f442cc8d9ce7a8b5e798365595a38bb HASH160 0x14 0x3478e7019ce61a68148f87549579b704cbe4c393 EQUAL (P2SH(P2WSH) CHECKMULTISIG second key uncompressed and signing with the first key)
[chrome 150.0.7871.187 mac #0-0]        ✓ should OK script_tests vector #1105:  0 0x20 0x230828ed48871f0f362ce9432aa52f620f442cc8d9ce7a8b5e798365595a38bb (P2WSH CHECKMULTISIG with second key uncompressed and signing with the first key should pass as the uncompressed key is not used)
[chrome 150.0.7871.187 mac #0-0]        ✓ should OK script_tests vector #1106: 0x22 0x0020230828ed48871f0f362ce9432aa52f620f442cc8d9ce7a8b5e798365595a38bb HASH160 0x14 0x3478e7019ce61a68148f87549579b704cbe4c393 EQUAL (P2SH(P2WSH) CHECKMULTISIG with second key uncompressed and signing with the first key should pass as the uncompressed key is not used)
[chrome 150.0.7871.187 mac #0-0]        ✓ should OK script_tests vector #1107:  0 0x20 0x230828ed48871f0f362ce9432aa52f620f442cc8d9ce7a8b5e798365595a38bb (P2WSH CHECKMULTISIG with second key uncompressed and signing with the second key)
[chrome 150.0.7871.187 mac #0-0]        ✓ should OK script_tests vector #1108: 0x22 0x0020230828ed48871f0f362ce9432aa52f620f442cc8d9ce7a8b5e798365595a38bb HASH160 0x14 0x3478e7019ce61a68148f87549579b704cbe4c393 EQUAL (P2SH(P2WSH) CHECKMULTISIG with second key uncompressed and signing with the second key)
[chrome 150.0.7871.187 mac #0-0]        ✓ should WITNESS_PUBKEYTYPE script_tests vector #1109:  0 0x20 0x230828ed48871f0f362ce9432aa52f620f442cc8d9ce7a8b5e798365595a38bb (P2WSH CHECKMULTISIG with second key uncompressed and signing with the second key)
[chrome 150.0.7871.187 mac #0-0]        ✓ should WITNESS_PUBKEYTYPE script_tests vector #1110: 0x22 0x0020230828ed48871f0f362ce9432aa52f620f442cc8d9ce7a8b5e798365595a38bb HASH160 0x14 0x3478e7019ce61a68148f87549579b704cbe4c393 EQUAL (P2SH(P2WSH) CHECKMULTISIG with second key uncompressed and signing with the second key)
[chrome 150.0.7871.187 mac #0-0]        ✓ should OK script_tests vector #1138:  0 0x20 0xc7eaf06d5ae01a58e376e126eb1e6fab2036076922b96b2711ffbec1e590665d
[chrome 150.0.7871.187 mac #0-0]        ✓ should OK script_tests vector #1139:  0 0x20 0xc7eaf06d5ae01a58e376e126eb1e6fab2036076922b96b2711ffbec1e590665d
[chrome 150.0.7871.187 mac #0-0]        ✓ should OK script_tests vector #1140:  0 0x20 0xc7eaf06d5ae01a58e376e126eb1e6fab2036076922b96b2711ffbec1e590665d
[chrome 150.0.7871.187 mac #0-0]        ✓ should EVAL_FALSE script_tests vector #1141:  0 0x20 0xc7eaf06d5ae01a58e376e126eb1e6fab2036076922b96b2711ffbec1e590665d
[chrome 150.0.7871.187 mac #0-0]        ✓ should EVAL_FALSE script_tests vector #1142:  0 0x20 0xc7eaf06d5ae01a58e376e126eb1e6fab2036076922b96b2711ffbec1e590665d
[chrome 150.0.7871.187 mac #0-0]        ✓ should OK script_tests vector #1143:  0 0x20 0xc7eaf06d5ae01a58e376e126eb1e6fab2036076922b96b2711ffbec1e590665d
[chrome 150.0.7871.187 mac #0-0]        ✓ should MINIMALIF script_tests vector #1144:  0 0x20 0xc7eaf06d5ae01a58e376e126eb1e6fab2036076922b96b2711ffbec1e590665d
[chrome 150.0.7871.187 mac #0-0]        ✓ should MINIMALIF script_tests vector #1145:  0 0x20 0xc7eaf06d5ae01a58e376e126eb1e6fab2036076922b96b2711ffbec1e590665d
[chrome 150.0.7871.187 mac #0-0]        ✓ should EVAL_FALSE script_tests vector #1146:  0 0x20 0xc7eaf06d5ae01a58e376e126eb1e6fab2036076922b96b2711ffbec1e590665d
[chrome 150.0.7871.187 mac #0-0]        ✓ should MINIMALIF script_tests vector #1147:  0 0x20 0xc7eaf06d5ae01a58e376e126eb1e6fab2036076922b96b2711ffbec1e590665d
[chrome 150.0.7871.187 mac #0-0]        ✓ should UNBALANCED_CONDITIONAL script_tests vector #1148:  0 0x20 0xc7eaf06d5ae01a58e376e126eb1e6fab2036076922b96b2711ffbec1e590665d
[chrome 150.0.7871.187 mac #0-0]        ✓ should UNBALANCED_CONDITIONAL script_tests vector #1149:  0 0x20 0xc7eaf06d5ae01a58e376e126eb1e6fab2036076922b96b2711ffbec1e590665d
[chrome 150.0.7871.187 mac #0-0]        ✓ should EVAL_FALSE script_tests vector #1150:  0 0x20 0xf913eacf2e38a5d6fc3a8311d72ae704cb83866350a984dd3e5eb76d2a8c28e8
[chrome 150.0.7871.187 mac #0-0]        ✓ should EVAL_FALSE script_tests vector #1151:  0 0x20 0xf913eacf2e38a5d6fc3a8311d72ae704cb83866350a984dd3e5eb76d2a8c28e8
[chrome 150.0.7871.187 mac #0-0]        ✓ should EVAL_FALSE script_tests vector #1152:  0 0x20 0xf913eacf2e38a5d6fc3a8311d72ae704cb83866350a984dd3e5eb76d2a8c28e8
[chrome 150.0.7871.187 mac #0-0]        ✓ should OK script_tests vector #1153:  0 0x20 0xf913eacf2e38a5d6fc3a8311d72ae704cb83866350a984dd3e5eb76d2a8c28e8
[chrome 150.0.7871.187 mac #0-0]        ✓ should OK script_tests vector #1154:  0 0x20 0xf913eacf2e38a5d6fc3a8311d72ae704cb83866350a984dd3e5eb76d2a8c28e8
[chrome 150.0.7871.187 mac #0-0]        ✓ should EVAL_FALSE script_tests vector #1155:  0 0x20 0xf913eacf2e38a5d6fc3a8311d72ae704cb83866350a984dd3e5eb76d2a8c28e8
[chrome 150.0.7871.187 mac #0-0]        ✓ should MINIMALIF script_tests vector #1156:  0 0x20 0xf913eacf2e38a5d6fc3a8311d72ae704cb83866350a984dd3e5eb76d2a8c28e8
[chrome 150.0.7871.187 mac #0-0]        ✓ should MINIMALIF script_tests vector #1157:  0 0x20 0xf913eacf2e38a5d6fc3a8311d72ae704cb83866350a984dd3e5eb76d2a8c28e8
[chrome 150.0.7871.187 mac #0-0]        ✓ should OK script_tests vector #1158:  0 0x20 0xf913eacf2e38a5d6fc3a8311d72ae704cb83866350a984dd3e5eb76d2a8c28e8
[chrome 150.0.7871.187 mac #0-0]        ✓ should MINIMALIF script_tests vector #1159:  0 0x20 0xf913eacf2e38a5d6fc3a8311d72ae704cb83866350a984dd3e5eb76d2a8c28e8
[chrome 150.0.7871.187 mac #0-0]        ✓ should UNBALANCED_CONDITIONAL script_tests vector #1160:  0 0x20 0xf913eacf2e38a5d6fc3a8311d72ae704cb83866350a984dd3e5eb76d2a8c28e8
[chrome 150.0.7871.187 mac #0-0]        ✓ should UNBALANCED_CONDITIONAL script_tests vector #1161:  0 0x20 0xf913eacf2e38a5d6fc3a8311d72ae704cb83866350a984dd3e5eb76d2a8c28e8
[chrome 150.0.7871.187 mac #0-0]        ✓ should OK script_tests vector #1162: 0x22 0x0020c7eaf06d5ae01a58e376e126eb1e6fab2036076922b96b2711ffbec1e590665d HASH160 0x14 0x9b27ee6d9010c21bf837b334d043be5d150e7ba7 EQUAL
[chrome 150.0.7871.187 mac #0-0]        ✓ should OK script_tests vector #1163: 0x22 0x0020c7eaf06d5ae01a58e376e126eb1e6fab2036076922b96b2711ffbec1e590665d HASH160 0x14 0x9b27ee6d9010c21bf837b334d043be5d150e7ba7 EQUAL
[chrome 150.0.7871.187 mac #0-0]        ✓ should OK script_tests vector #1164: 0x22 0x0020c7eaf06d5ae01a58e376e126eb1e6fab2036076922b96b2711ffbec1e590665d HASH160 0x14 0x9b27ee6d9010c21bf837b334d043be5d150e7ba7 EQUAL
[chrome 150.0.7871.187 mac #0-0]        ✓ should EVAL_FALSE script_tests vector #1165: 0x22 0x0020c7eaf06d5ae01a58e376e126eb1e6fab2036076922b96b2711ffbec1e590665d HASH160 0x14 0x9b27ee6d9010c21bf837b334d043be5d150e7ba7 EQUAL
[chrome 150.0.7871.187 mac #0-0]        ✓ should EVAL_FALSE script_tests vector #1166: 0x22 0x0020c7eaf06d5ae01a58e376e126eb1e6fab2036076922b96b2711ffbec1e590665d HASH160 0x14 0x9b27ee6d9010c21bf837b334d043be5d150e7ba7 EQUAL
[chrome 150.0.7871.187 mac #0-0]        ✓ should OK script_tests vector #1167: 0x22 0x0020c7eaf06d5ae01a58e376e126eb1e6fab2036076922b96b2711ffbec1e590665d HASH160 0x14 0x9b27ee6d9010c21bf837b334d043be5d150e7ba7 EQUAL
[chrome 150.0.7871.187 mac #0-0]        ✓ should MINIMALIF script_tests vector #1168: 0x22 0x0020c7eaf06d5ae01a58e376e126eb1e6fab2036076922b96b2711ffbec1e590665d HASH160 0x14 0x9b27ee6d9010c21bf837b334d043be5d150e7ba7 EQUAL
[chrome 150.0.7871.187 mac #0-0]        ✓ should MINIMALIF script_tests vector #1169: 0x22 0x0020c7eaf06d5ae01a58e376e126eb1e6fab2036076922b96b2711ffbec1e590665d HASH160 0x14 0x9b27ee6d9010c21bf837b334d043be5d150e7ba7 EQUAL
[chrome 150.0.7871.187 mac #0-0]        ✓ should EVAL_FALSE script_tests vector #1170: 0x22 0x0020c7eaf06d5ae01a58e376e126eb1e6fab2036076922b96b2711ffbec1e590665d HASH160 0x14 0x9b27ee6d9010c21bf837b334d043be5d150e7ba7 EQUAL
[chrome 150.0.7871.187 mac #0-0]        ✓ should MINIMALIF script_tests vector #1171: 0x22 0x0020c7eaf06d5ae01a58e376e126eb1e6fab2036076922b96b2711ffbec1e590665d HASH160 0x14 0x9b27ee6d9010c21bf837b334d043be5d150e7ba7 EQUAL
[chrome 150.0.7871.187 mac #0-0]        ✓ should UNBALANCED_CONDITIONAL script_tests vector #1172: 0x22 0x0020c7eaf06d5ae01a58e376e126eb1e6fab2036076922b96b2711ffbec1e590665d HASH160 0x14 0x9b27ee6d9010c21bf837b334d043be5d150e7ba7 EQUAL
[chrome 150.0.7871.187 mac #0-0]        ✓ should UNBALANCED_CONDITIONAL script_tests vector #1173: 0x22 0x0020c7eaf06d5ae01a58e376e126eb1e6fab2036076922b96b2711ffbec1e590665d HASH160 0x14 0x9b27ee6d9010c21bf837b334d043be5d150e7ba7 EQUAL
[chrome 150.0.7871.187 mac #0-0]        ✓ should EVAL_FALSE script_tests vector #1174: 0x22 0x0020f913eacf2e38a5d6fc3a8311d72ae704cb83866350a984dd3e5eb76d2a8c28e8 HASH160 0x14 0xdbb7d1c0a56b7a9c423300c8cca6e6e065baf1dc EQUAL
[chrome 150.0.7871.187 mac #0-0]        ✓ should EVAL_FALSE script_tests vector #1175: 0x22 0x0020f913eacf2e38a5d6fc3a8311d72ae704cb83866350a984dd3e5eb76d2a8c28e8 HASH160 0x14 0xdbb7d1c0a56b7a9c423300c8cca6e6e065baf1dc EQUAL
[chrome 150.0.7871.187 mac #0-0]        ✓ should EVAL_FALSE script_tests vector #1176: 0x22 0x0020f913eacf2e38a5d6fc3a8311d72ae704cb83866350a984dd3e5eb76d2a8c28e8 HASH160 0x14 0xdbb7d1c0a56b7a9c423300c8cca6e6e065baf1dc EQUAL
[chrome 150.0.7871.187 mac #0-0]        ✓ should OK script_tests vector #1177: 0x22 0x0020f913eacf2e38a5d6fc3a8311d72ae704cb83866350a984dd3e5eb76d2a8c28e8 HASH160 0x14 0xdbb7d1c0a56b7a9c423300c8cca6e6e065baf1dc EQUAL
[chrome 150.0.7871.187 mac #0-0]        ✓ should OK script_tests vector #1178: 0x22 0x0020f913eacf2e38a5d6fc3a8311d72ae704cb83866350a984dd3e5eb76d2a8c28e8 HASH160 0x14 0xdbb7d1c0a56b7a9c423300c8cca6e6e065baf1dc EQUAL
[chrome 150.0.7871.187 mac #0-0]        ✓ should EVAL_FALSE script_tests vector #1179: 0x22 0x0020f913eacf2e38a5d6fc3a8311d72ae704cb83866350a984dd3e5eb76d2a8c28e8 HASH160 0x14 0xdbb7d1c0a56b7a9c423300c8cca6e6e065baf1dc EQUAL
[chrome 150.0.7871.187 mac #0-0]        ✓ should MINIMALIF script_tests vector #1180: 0x22 0x0020f913eacf2e38a5d6fc3a8311d72ae704cb83866350a984dd3e5eb76d2a8c28e8 HASH160 0x14 0xdbb7d1c0a56b7a9c423300c8cca6e6e065baf1dc EQUAL
[chrome 150.0.7871.187 mac #0-0]        ✓ should MINIMALIF script_tests vector #1181: 0x22 0x0020f913eacf2e38a5d6fc3a8311d72ae704cb83866350a984dd3e5eb76d2a8c28e8 HASH160 0x14 0xdbb7d1c0a56b7a9c423300c8cca6e6e065baf1dc EQUAL
[chrome 150.0.7871.187 mac #0-0]        ✓ should OK script_tests vector #1182: 0x22 0x0020f913eacf2e38a5d6fc3a8311d72ae704cb83866350a984dd3e5eb76d2a8c28e8 HASH160 0x14 0xdbb7d1c0a56b7a9c423300c8cca6e6e065baf1dc EQUAL
[chrome 150.0.7871.187 mac #0-0]        ✓ should MINIMALIF script_tests vector #1183: 0x22 0x0020f913eacf2e38a5d6fc3a8311d72ae704cb83866350a984dd3e5eb76d2a8c28e8 HASH160 0x14 0xdbb7d1c0a56b7a9c423300c8cca6e6e065baf1dc EQUAL
[chrome 150.0.7871.187 mac #0-0]        ✓ should UNBALANCED_CONDITIONAL script_tests vector #1184: 0x22 0x0020f913eacf2e38a5d6fc3a8311d72ae704cb83866350a984dd3e5eb76d2a8c28e8 HASH160 0x14 0xdbb7d1c0a56b7a9c423300c8cca6e6e065baf1dc EQUAL
[chrome 150.0.7871.187 mac #0-0]        ✓ should UNBALANCED_CONDITIONAL script_tests vector #1185: 0x22 0x0020f913eacf2e38a5d6fc3a8311d72ae704cb83866350a984dd3e5eb76d2a8c28e8 HASH160 0x14 0xdbb7d1c0a56b7a9c423300c8cca6e6e065baf1dc EQUAL
[chrome 150.0.7871.187 mac #0-0]
[chrome 150.0.7871.187 mac #0-0]     bitcoind transaction evaluation fixtures
[chrome 150.0.7871.187 mac #0-0]        ✓ should pass tx_valid vector 1 -- It is also the first OP_CHECKMULTISIG transaction in standard form
[chrome 150.0.7871.187 mac #0-0]        ✓ should pass tx_valid vector 2 -- The dummy byte is fine however, so the NULLDUMMY flag should be happy
[chrome 150.0.7871.187 mac #0-0]        ✓ should pass tx_valid vector 3 -- It is an OP_CHECKMULTISIG with the dummy value set to something other than an empty string
[chrome 150.0.7871.187 mac #0-0]        ✓ should pass tx_valid vector 4 -- As above, but using a OP_1
[chrome 150.0.7871.187 mac #0-0]        ✓ should pass tx_valid vector 5 -- As above, but using a OP_1NEGATE
[chrome 150.0.7871.187 mac #0-0]        ✓ should pass tx_valid vector 6 -- It is of interest because it contains a 0-sequence as well as a signature of SIGHASH type 0 (which is not a real type)
[chrome 150.0.7871.187 mac #0-0]        ✓ should pass tx_valid vector 7 -- A nearly-standard transaction with CHECKSIGVERIFY 1 instead of CHECKSIG
[chrome 150.0.7871.187 mac #0-0]        ✓ should pass tx_valid vector 8 -- Same as above, but with the signature duplicated in the scriptPubKey with the proper pushdata prefix
[chrome 150.0.7871.187 mac #0-0]        ✓ should pass tx_valid vector 9 -- It caught a bug in the workaround for 23b397edccd3740a74adb603c9756370fafcde9bcc4483eb271ecad09a94dd63 in an overly simple implementation
[chrome 150.0.7871.187 mac #0-0]        ✓ should pass tx_valid vector 10 -- when the input doing the signing has an index greater than the maximum output index
[chrome 150.0.7871.187 mac #0-0]        ✓ should pass tx_valid vector 11 -- An invalid P2SH Transaction
[chrome 150.0.7871.187 mac #0-0]        ✓ should pass tx_valid vector 12 -- A valid P2SH Transaction using the standard transaction type put forth in BIP 16
[chrome 150.0.7871.187 mac #0-0]        ✓ should pass tx_valid vector 13 -- MAX_MONEY output
[chrome 150.0.7871.187 mac #0-0]        ✓ should pass tx_valid vector 14 -- MAX_MONEY output + 0 output
[chrome 150.0.7871.187 mac #0-0]        ✓ should pass tx_valid vector 15 -- Note the input is just required to make the tester happy
[chrome 150.0.7871.187 mac #0-0]        ✓ should pass tx_valid vector 16 -- Note the input is just required to make the tester happy
[chrome 150.0.7871.187 mac #0-0]        ✓ should pass tx_valid vector 17 -- Simple transaction with first input is signed with SIGHASH_ALL, second with SIGHASH_ANYONECANPAY
[chrome 150.0.7871.187 mac #0-0]        ✓ should pass tx_valid vector 18 -- Same as above, but we change the sequence number of the first input to check that SIGHASH_ANYONECANPAY is being followed
[chrome 150.0.7871.187 mac #0-0]        ✓ should pass tx_valid vector 19 -- afd9c17f8913577ec3509520bd6e5d63e9c0fd2a5f70c787993b097ba6ca9fae which has several SIGHASH_SINGLE signatures
[chrome 150.0.7871.187 mac #0-0]        ✓ should pass tx_valid vector 20 -- ddc454a1c0c35c188c98976b17670f69e586d9c0f3593ea879928332f0a069e7, which spends an input that pushes using a PUSHDATA1 that is negative when read as signed
[chrome 150.0.7871.187 mac #0-0]        ✓ should pass tx_valid vector 21 -- Note the input is just required to make the tester happy
[chrome 150.0.7871.187 mac #0-0]        ✓ should pass tx_valid vector 22 -- cc60b1f899ec0a69b7c3f25ddf32c4524096a9c5b01cbd84c6d0312a0c478984, which is a fairly strange transaction which relies on OP_CHECKSIG returning 0 when checking a completely invalid sig of length 0
[chrome 150.0.7871.187 mac #0-0]        ✓ should pass tx_valid vector 23 -- Empty pubkey
[chrome 150.0.7871.187 mac #0-0]        ✓ should pass tx_valid vector 24 -- Empty signature
[chrome 150.0.7871.187 mac #0-0]        ✓ should pass tx_valid vector 25 -- Empty signature
[chrome 150.0.7871.187 mac #0-0]        ✓ should pass tx_valid vector 26 -- Empty signature
[chrome 150.0.7871.187 mac #0-0]        ✓ should pass tx_valid vector 27 -- Empty signature
[chrome 150.0.7871.187 mac #0-0]        ✓ should pass tx_valid vector 28 -- Empty signature
[chrome 150.0.7871.187 mac #0-0]        ✓ should pass tx_valid vector 29 -- Test that SignatureHash() removes OP_CODESEPARATOR with FindAndDelete()
[chrome 150.0.7871.187 mac #0-0]        ✓ should pass tx_valid vector 30 -- Test that SignatureHash() removes OP_CODESEPARATOR with FindAndDelete()
[chrome 150.0.7871.187 mac #0-0]        ✓ should pass tx_valid vector 31 -- Hashed data starts at the CODESEPARATOR
[chrome 150.0.7871.187 mac #0-0]        ✓ should pass tx_valid vector 32 -- But only if execution has reached it
[chrome 150.0.7871.187 mac #0-0]        ✓ should pass tx_valid vector 33 -- CODESEPARATOR in an unexecuted IF block does not change what is hashed
[chrome 150.0.7871.187 mac #0-0]        ✓ should pass tx_valid vector 34 -- As above, with the IF block executed
[chrome 150.0.7871.187 mac #0-0]        ✓ should pass tx_valid vector 35 -- CHECKSIG is legal in scriptSigs
[chrome 150.0.7871.187 mac #0-0]        ✓ should pass tx_valid vector 36 -- Same semantics for OP_CODESEPARATOR
[chrome 150.0.7871.187 mac #0-0]        ✓ should pass tx_valid vector 37 -- Signatures are removed from the script they are in by FindAndDelete() in the CHECKSIG code; even multiple instances of one signature can be removed.
[chrome 150.0.7871.187 mac #0-0]        ✓ should pass tx_valid vector 38 -- That also includes ahead of the opcode being executed.
[chrome 150.0.7871.187 mac #0-0]        ✓ should pass tx_valid vector 39 -- Here's an example on mainnet within a P2SH redeemScript. Remarkably it's a standard transaction in <0.9
[chrome 150.0.7871.187 mac #0-0]        ✓ should pass tx_valid vector 40 -- Same idea, but with bare CHECKMULTISIG
[chrome 150.0.7871.187 mac #0-0]        ✓ should pass tx_valid vector 41 -- By-height locks, with argument == 0 and == tx nLockTime
[chrome 150.0.7871.187 mac #0-0]        ✓ should pass tx_valid vector 42 -- By-height locks, with argument == 0 and == tx nLockTime
[chrome 150.0.7871.187 mac #0-0]        ✓ should pass tx_valid vector 43 -- By-height locks, with argument == 0 and == tx nLockTime
[chrome 150.0.7871.187 mac #0-0]        ✓ should pass tx_valid vector 44 -- By-time locks, with argument just beyond tx nLockTime (but within numerical boundaries)
[chrome 150.0.7871.187 mac #0-0]        ✓ should pass tx_valid vector 45 -- By-time locks, with argument just beyond tx nLockTime (but within numerical boundaries)
[chrome 150.0.7871.187 mac #0-0]        ✓ should pass tx_valid vector 46 -- By-time locks, with argument just beyond tx nLockTime (but within numerical boundaries)
[chrome 150.0.7871.187 mac #0-0]        ✓ should pass tx_valid vector 47 -- Any non-maxint nSequence is fine
[chrome 150.0.7871.187 mac #0-0]        ✓ should pass tx_valid vector 48 -- The argument can be calculated rather than created directly by a PUSHDATA
[chrome 150.0.7871.187 mac #0-0]        ✓ should pass tx_valid vector 49 -- Perhaps even by an ADD producing a 5-byte result that is out of bounds for other opcodes
[chrome 150.0.7871.187 mac #0-0]        ✓ should pass tx_valid vector 50 -- 5 byte non-minimally-encoded arguments are valid
[chrome 150.0.7871.187 mac #0-0]        ✓ should pass tx_valid vector 51 -- Valid CHECKLOCKTIMEVERIFY in scriptSig
[chrome 150.0.7871.187 mac #0-0]        ✓ should pass tx_valid vector 52 -- Valid CHECKLOCKTIMEVERIFY in redeemScript
[chrome 150.0.7871.187 mac #0-0]        ✓ should pass tx_valid vector 53 -- A transaction with a non-standard DER signature.
[chrome 150.0.7871.187 mac #0-0]        ✓ should pass tx_valid vector 54 -- By-height locks, with argument == 0 and == txin.nSequence
[chrome 150.0.7871.187 mac #0-0]        ✓ should pass tx_valid vector 55 -- By-height locks, with argument == 0 and == txin.nSequence
[chrome 150.0.7871.187 mac #0-0]        ✓ should pass tx_valid vector 56 -- By-height locks, with argument == 0 and == txin.nSequence
[chrome 150.0.7871.187 mac #0-0]        ✓ should pass tx_valid vector 57 -- By-height locks, with argument == 0 and == txin.nSequence
[chrome 150.0.7871.187 mac #0-0]        ✓ should pass tx_valid vector 58 -- By-time locks, with argument == 0 and == txin.nSequence
[chrome 150.0.7871.187 mac #0-0]        ✓ should pass tx_valid vector 59 -- By-time locks, with argument == 0 and == txin.nSequence
[chrome 150.0.7871.187 mac #0-0]        ✓ should pass tx_valid vector 60 -- By-time locks, with argument == 0 and == txin.nSequence
[chrome 150.0.7871.187 mac #0-0]        ✓ should pass tx_valid vector 61 -- By-time locks, with argument == 0 and == txin.nSequence
[chrome 150.0.7871.187 mac #0-0]        ✓ should pass tx_valid vector 62 -- Upper sequence with upper sequence is fine
[chrome 150.0.7871.187 mac #0-0]        ✓ should pass tx_valid vector 63 -- Upper sequence with upper sequence is fine
[chrome 150.0.7871.187 mac #0-0]        ✓ should pass tx_valid vector 64 -- Upper sequence with upper sequence is fine
[chrome 150.0.7871.187 mac #0-0]        ✓ should pass tx_valid vector 65 -- Upper sequence with upper sequence is fine
[chrome 150.0.7871.187 mac #0-0]        ✓ should pass tx_valid vector 66 -- Upper sequence with upper sequence is fine
[chrome 150.0.7871.187 mac #0-0]        ✓ should pass tx_valid vector 67 -- Upper sequence with upper sequence is fine
[chrome 150.0.7871.187 mac #0-0]        ✓ should pass tx_valid vector 68 -- Argument 2^31 with various nSequence
[chrome 150.0.7871.187 mac #0-0]        ✓ should pass tx_valid vector 69 -- Argument 2^31 with various nSequence
[chrome 150.0.7871.187 mac #0-0]        ✓ should pass tx_valid vector 70 -- Argument 2^31 with various nSequence
[chrome 150.0.7871.187 mac #0-0]        ✓ should pass tx_valid vector 71 -- Argument 2^32-1 with various nSequence
[chrome 150.0.7871.187 mac #0-0]        ✓ should pass tx_valid vector 72 -- Argument 2^32-1 with various nSequence
[chrome 150.0.7871.187 mac #0-0]        ✓ should pass tx_valid vector 73 -- Argument 2^32-1 with various nSequence
[chrome 150.0.7871.187 mac #0-0]        ✓ should pass tx_valid vector 74 -- Argument 3<<31 with various nSequence
[chrome 150.0.7871.187 mac #0-0]        ✓ should pass tx_valid vector 75 -- Argument 3<<31 with various nSequence
[chrome 150.0.7871.187 mac #0-0]        ✓ should pass tx_valid vector 76 -- Argument 3<<31 with various nSequence
[chrome 150.0.7871.187 mac #0-0]        ✓ should pass tx_valid vector 77 -- 5 byte non-minimally-encoded operandss are valid
[chrome 150.0.7871.187 mac #0-0]        ✓ should pass tx_valid vector 78 -- The argument can be calculated rather than created directly by a PUSHDATA
[chrome 150.0.7871.187 mac #0-0]        ✓ should pass tx_valid vector 79 -- The argument can be calculated rather than created directly by a PUSHDATA
[chrome 150.0.7871.187 mac #0-0]        ✓ should pass tx_valid vector 80 -- An ADD producing a 5-byte result that sets CTxIn::SEQUENCE_LOCKTIME_DISABLE_FLAG
[chrome 150.0.7871.187 mac #0-0]        ✓ should pass tx_valid vector 81 -- An ADD producing a 5-byte result that sets CTxIn::SEQUENCE_LOCKTIME_DISABLE_FLAG
[chrome 150.0.7871.187 mac #0-0]        ✓ should pass tx_valid vector 82 -- Valid CHECKSEQUENCEVERIFY in scriptSig
[chrome 150.0.7871.187 mac #0-0]        ✓ should pass tx_valid vector 83 -- Valid CHECKSEQUENCEVERIFY in redeemScript
[chrome 150.0.7871.187 mac #0-0]        ✓ should pass tx_valid vector 84 -- Valid P2WPKH (Private key of segwit tests is L5AQtV2HDm4xGsseLokK2VAT2EtYKcTm3c7HwqnJBFt9LdaQULsM)
[chrome 150.0.7871.187 mac #0-0]        ✓ should pass tx_valid vector 85 -- Valid P2WSH
[chrome 150.0.7871.187 mac #0-0]        ✓ should pass tx_valid vector 86 -- Valid P2SH(P2WPKH)
[chrome 150.0.7871.187 mac #0-0]        ✓ should pass tx_valid vector 87 -- Valid P2SH(P2WSH)
[chrome 150.0.7871.187 mac #0-0]        ✓ should pass tx_valid vector 88 -- Witness with SigHash Single|AnyoneCanPay
[chrome 150.0.7871.187 mac #0-0]        ✓ should pass tx_valid vector 89 -- Witness with SigHash Single|AnyoneCanPay (same signature as previous)
[chrome 150.0.7871.187 mac #0-0]        ✓ should pass tx_valid vector 90 -- Witness with SigHash Single
[chrome 150.0.7871.187 mac #0-0]        ✓ should pass tx_valid vector 91 -- Witness with SigHash Single (same signature as previous)
[chrome 150.0.7871.187 mac #0-0]        ✓ should pass tx_valid vector 92 -- Witness with SigHash None|AnyoneCanPay
[chrome 150.0.7871.187 mac #0-0]        ✓ should pass tx_valid vector 93 -- Witness with SigHash None|AnyoneCanPay (same signature as previous)
[chrome 150.0.7871.187 mac #0-0]        ✓ should pass tx_valid vector 94 -- Witness with SigHash None
[chrome 150.0.7871.187 mac #0-0]        ✓ should pass tx_valid vector 95 -- Witness with SigHash None (same signature as previous)
[chrome 150.0.7871.187 mac #0-0]        ✓ should pass tx_valid vector 96 -- Witness with SigHash None (same signature, only sequences changed)
[chrome 150.0.7871.187 mac #0-0]        ✓ should pass tx_valid vector 97 -- Witness with SigHash All|AnyoneCanPay
[chrome 150.0.7871.187 mac #0-0]        ✓ should pass tx_valid vector 98 -- Witness with SigHash All|AnyoneCanPay (same signature as previous)
[chrome 150.0.7871.187 mac #0-0]        ✓ should pass tx_valid vector 99 -- Unknown witness program version  (without DISCOURAGE_UPGRADABLE_WITNESS_PROGRAM)
[chrome 150.0.7871.187 mac #0-0]        ✓ should pass tx_valid vector 100 -- Witness with a push of 520 bytes
[chrome 150.0.7871.187 mac #0-0]        ✓ should pass tx_valid vector 101 -- Transaction mixing all SigHash, segwit and normal inputs
[chrome 150.0.7871.187 mac #0-0]        ✓ should pass tx_valid vector 102 -- Unknown version witness program with empty witness
[chrome 150.0.7871.187 mac #0-0]        ✓ should pass tx_valid vector 103 -- Witness SIGHASH_SINGLE with output out of bound
[chrome 150.0.7871.187 mac #0-0]        ✓ should pass tx_valid vector 104 -- 1 byte push should not be considered a witness scriptPubKey
[chrome 150.0.7871.187 mac #0-0]        ✓ should pass tx_valid vector 105 -- 41 bytes push should not be considered a witness scriptPubKey
[chrome 150.0.7871.187 mac #0-0]        ✓ should pass tx_valid vector 106 -- The witness version must use OP_1 to OP_16 only
[chrome 150.0.7871.187 mac #0-0]        ✓ should pass tx_valid vector 107 -- The witness program push must be canonical
[chrome 150.0.7871.187 mac #0-0]        ✓ should pass tx_valid vector 108 -- Witness Single|AnyoneCanPay does not hash input's position
[chrome 150.0.7871.187 mac #0-0]        ✓ should pass tx_valid vector 109 -- Witness Single|AnyoneCanPay does not hash input's position (permutation)
[chrome 150.0.7871.187 mac #0-0]        ✓ should pass tx_valid vector 110 -- Non witness Single|AnyoneCanPay hash input's position
[chrome 150.0.7871.187 mac #0-0]        ✓ should pass tx_valid vector 111 -- BIP143 example: P2WSH with OP_CODESEPARATOR and out-of-range SIGHASH_SINGLE.
[chrome 150.0.7871.187 mac #0-0]        ✓ should pass tx_valid vector 112 -- BIP143 example: P2WSH with unexecuted OP_CODESEPARATOR and SINGLE|ANYONECANPAY
[chrome 150.0.7871.187 mac #0-0]        ✓ should pass tx_valid vector 113 -- BIP143 example: Same as the previous example with input-output pairs swapped
[chrome 150.0.7871.187 mac #0-0]        ✓ should pass tx_valid vector 114 -- BIP143 example: P2SH-P2WSH 6-of-6 multisig signed with 6 different SIGHASH types
[chrome 150.0.7871.187 mac #0-0]        ✓ should pass tx_valid vector 115 -- Non-segwit: correct sighash (with FindAndDelete) = 1ba1fe3bc90c5d1265460e684ce6774e324f0fabdf67619eda729e64e8b6bc08
[chrome 150.0.7871.187 mac #0-0]        ✓ should pass tx_valid vector 116 -- BIP143: correct sighash (without FindAndDelete) = 71c9cd9b2869b9c70b01b1f0360c148f42dee72297db312638df136f43311f23
[chrome 150.0.7871.187 mac #0-0]        ✓ should pass tx_valid vector 117 -- Non-segwit: correct sighash (with FindAndDelete) = 1d50f00ba4db2917b903b0ec5002e017343bb38876398c9510570f5dce099295
[chrome 150.0.7871.187 mac #0-0]        ✓ should pass tx_valid vector 118 -- BIP143: correct sighash (without FindAndDelete) = c1628a1e7c67f14ca0c27c06e4fdeec2e6d1a73c7a91d7c046ff83e835aebb72
[chrome 150.0.7871.187 mac #0-0]        ✓ should pass tx_invalid vector 1 -- 0e1b5688cf179cd9f7cbda1fac0090f6e684bbf8cd946660120197c3f3681809 but with extra junk appended to the end of the scriptPubKey
[chrome 150.0.7871.187 mac #0-0]        ✓ should pass tx_invalid vector 2 -- See FindAndDelete, which will only remove if it uses the same pushdata prefix as is standard
[chrome 150.0.7871.187 mac #0-0]        ✓ should pass tx_invalid vector 3 -- Same as above, but with the sig in the scriptSig also pushed with the same non-standard OP_PUSHDATA
[chrome 150.0.7871.187 mac #0-0]        ✓ should pass tx_invalid vector 4 -- See FindAndDelete, which will only remove if the signature, including the hash type, matches
[chrome 150.0.7871.187 mac #0-0]        ✓ should pass tx_invalid vector 5 -- An invalid P2SH Transaction
[chrome 150.0.7871.187 mac #0-0]        ✓ should pass tx_invalid vector 6 -- No outputs
[chrome 150.0.7871.187 mac #0-0]        ✓ should pass tx_invalid vector 7 -- Negative output
[chrome 150.0.7871.187 mac #0-0]        ✓ should pass tx_invalid vector 8 -- MAX_MONEY + 1 output
[chrome 150.0.7871.187 mac #0-0]        ✓ should pass tx_invalid vector 9 -- MAX_MONEY output + 1 output
[chrome 150.0.7871.187 mac #0-0]        ✓ should pass tx_invalid vector 10 -- Duplicate inputs
[chrome 150.0.7871.187 mac #0-0]        ✓ should pass tx_invalid vector 11 -- Note the input is just required to make the tester happy
[chrome 150.0.7871.187 mac #0-0]        ✓ should pass tx_invalid vector 12 -- Note the input is just required to make the tester happy
[chrome 150.0.7871.187 mac #0-0]        ✓ should pass tx_invalid vector 13 -- Null txin, but without being a coinbase (because there are two inputs)
[chrome 150.0.7871.187 mac #0-0]        ✓ should pass tx_invalid vector 14 -- Null txin, but without being a coinbase (because there are two inputs)
[chrome 150.0.7871.187 mac #0-0]        ✓ should pass tx_invalid vector 15 -- Same as the transactions in valid with one input SIGHASH_ALL and one SIGHASH_ANYONECANPAY, but we set the _ANYONECANPAY sequence number, invalidating the SIGHASH_ALL signature
[chrome 150.0.7871.187 mac #0-0]        ✓ should pass tx_invalid vector 16 -- Note the input is just required to make the tester happy
[chrome 150.0.7871.187 mac #0-0]        ✓ should pass tx_invalid vector 17 -- It is an OP_CHECKMULTISIG with the dummy value missing
[chrome 150.0.7871.187 mac #0-0]        ✓ should pass tx_invalid vector 18 -- It is an OP_CHECKMULTISIG with the dummy value set to something other than an empty string
[chrome 150.0.7871.187 mac #0-0]        ✓ should pass tx_invalid vector 19 -- As above, but using a OP_1
[chrome 150.0.7871.187 mac #0-0]        ✓ should pass tx_invalid vector 20 -- As above, but using a OP_1NEGATE
[chrome 150.0.7871.187 mac #0-0]        ✓ should pass tx_invalid vector 21 -- As above, but with the dummy byte missing
[chrome 150.0.7871.187 mac #0-0]        ✓ should pass tx_invalid vector 22 -- Empty stack when we try to run CHECKSIG
[chrome 150.0.7871.187 mac #0-0]        ✓ should pass tx_invalid vector 23 -- CODESEPARATOR in an unexecuted IF block does not change what is hashed
[chrome 150.0.7871.187 mac #0-0]        ✓ should pass tx_invalid vector 24 -- As above, with the IF block executed
[chrome 150.0.7871.187 mac #0-0]        ✓ should pass tx_invalid vector 25 -- By-height locks, with argument just beyond tx nLockTime
[chrome 150.0.7871.187 mac #0-0]        ✓ should pass tx_invalid vector 26 -- By-height locks, with argument just beyond tx nLockTime
[chrome 150.0.7871.187 mac #0-0]        ✓ should pass tx_invalid vector 27 -- By-time locks, with argument just beyond tx nLockTime (but within numerical boundaries)
[chrome 150.0.7871.187 mac #0-0]        ✓ should pass tx_invalid vector 28 -- By-time locks, with argument just beyond tx nLockTime (but within numerical boundaries)
[chrome 150.0.7871.187 mac #0-0]        ✓ should pass tx_invalid vector 29 -- Argument missing
[chrome 150.0.7871.187 mac #0-0]        ✓ should pass tx_invalid vector 30 -- Argument missing
[chrome 150.0.7871.187 mac #0-0]        ✓ should pass tx_invalid vector 31 -- Argument negative with by-blockheight nLockTime=0
[chrome 150.0.7871.187 mac #0-0]        ✓ should pass tx_invalid vector 32 -- Argument negative with by-blocktime nLockTime=500,000,000
[chrome 150.0.7871.187 mac #0-0]        ✓ should pass tx_invalid vector 33 -- Argument negative with by-blocktime nLockTime=500,000,000
[chrome 150.0.7871.187 mac #0-0]        ✓ should pass tx_invalid vector 34 -- Input locked
[chrome 150.0.7871.187 mac #0-0]        ✓ should pass tx_invalid vector 35 -- Input locked
[chrome 150.0.7871.187 mac #0-0]        ✓ should pass tx_invalid vector 36 -- Another input being unlocked isn't sufficient; the CHECKLOCKTIMEVERIFY-using input must be unlocked
[chrome 150.0.7871.187 mac #0-0]        ✓ should pass tx_invalid vector 37 -- Argument/tx height/time mismatch, both versions
[chrome 150.0.7871.187 mac #0-0]        ✓ should pass tx_invalid vector 38 -- Argument/tx height/time mismatch, both versions
[chrome 150.0.7871.187 mac #0-0]        ✓ should pass tx_invalid vector 39 -- Argument/tx height/time mismatch, both versions
[chrome 150.0.7871.187 mac #0-0]        ✓ should pass tx_invalid vector 40 -- Argument/tx height/time mismatch, both versions
[chrome 150.0.7871.187 mac #0-0]        ✓ should pass tx_invalid vector 41 -- Argument/tx height/time mismatch, both versions
[chrome 150.0.7871.187 mac #0-0]        ✓ should pass tx_invalid vector 42 -- Argument 2^32 with nLockTime=2^32-1
[chrome 150.0.7871.187 mac #0-0]        ✓ should pass tx_invalid vector 43 -- Same, but with nLockTime=2^31-1
[chrome 150.0.7871.187 mac #0-0]        ✓ should pass tx_invalid vector 44 -- 6 byte non-minimally-encoded arguments are invalid even if their contents are valid
[chrome 150.0.7871.187 mac #0-0]        ✓ should pass tx_invalid vector 45 -- Failure due to failing CHECKLOCKTIMEVERIFY in scriptSig
[chrome 150.0.7871.187 mac #0-0]        ✓ should pass tx_invalid vector 46 -- Failure due to failing CHECKLOCKTIMEVERIFY in redeemScript
[chrome 150.0.7871.187 mac #0-0]        ✓ should pass tx_invalid vector 47 -- A transaction with a non-standard DER signature.
[chrome 150.0.7871.187 mac #0-0]        ✓ should pass tx_invalid vector 48 -- By-height locks, with argument just beyond txin.nSequence
[chrome 150.0.7871.187 mac #0-0]        ✓ should pass tx_invalid vector 49 -- By-height locks, with argument just beyond txin.nSequence
[chrome 150.0.7871.187 mac #0-0]        ✓ should pass tx_invalid vector 50 -- By-time locks, with argument just beyond txin.nSequence (but within numerical boundries)
[chrome 150.0.7871.187 mac #0-0]        ✓ should pass tx_invalid vector 51 -- By-time locks, with argument just beyond txin.nSequence (but within numerical boundries)
[chrome 150.0.7871.187 mac #0-0]        ✓ should pass tx_invalid vector 52 -- Argument missing
[chrome 150.0.7871.187 mac #0-0]        ✓ should pass tx_invalid vector 53 -- Argument negative with by-blockheight txin.nSequence=0
[chrome 150.0.7871.187 mac #0-0]        ✓ should pass tx_invalid vector 54 -- Argument negative with by-blocktime txin.nSequence=CTxIn::SEQUENCE_LOCKTIME_TYPE_FLAG
[chrome 150.0.7871.187 mac #0-0]        ✓ should pass tx_invalid vector 55 -- Argument/tx height/time mismatch, both versions
[chrome 150.0.7871.187 mac #0-0]        ✓ should pass tx_invalid vector 56 -- Argument/tx height/time mismatch, both versions
[chrome 150.0.7871.187 mac #0-0]        ✓ should pass tx_invalid vector 57 -- Argument/tx height/time mismatch, both versions
[chrome 150.0.7871.187 mac #0-0]        ✓ should pass tx_invalid vector 58 -- Argument/tx height/time mismatch, both versions
[chrome 150.0.7871.187 mac #0-0]        ✓ should pass tx_invalid vector 59 -- 6 byte non-minimally-encoded arguments are invalid even if their contents are valid
[chrome 150.0.7871.187 mac #0-0]        ✓ should pass tx_invalid vector 60 -- Failure due to failing CHECKSEQUENCEVERIFY in scriptSig
[chrome 150.0.7871.187 mac #0-0]        ✓ should pass tx_invalid vector 61 -- Failure due to failing CHECKSEQUENCEVERIFY in redeemScript
[chrome 150.0.7871.187 mac #0-0]        ✓ should pass tx_invalid vector 62 -- Failure due to insufficient tx.nVersion (<2)
[chrome 150.0.7871.187 mac #0-0]        ✓ should pass tx_invalid vector 63 -- Failure due to insufficient tx.nVersion (<2)
[chrome 150.0.7871.187 mac #0-0]        ✓ should pass tx_invalid vector 64 -- Unknown witness program version (with DISCOURAGE_UPGRADABLE_WITNESS_PROGRAM)
[chrome 150.0.7871.187 mac #0-0]        ✓ should pass tx_invalid vector 65 -- Unknown length for witness program v0
[chrome 150.0.7871.187 mac #0-0]        ✓ should pass tx_invalid vector 66 -- Witness with SigHash Single|AnyoneCanPay (same index output value changed)
[chrome 150.0.7871.187 mac #0-0]        ✓ should pass tx_invalid vector 67 -- Witness with SigHash None|AnyoneCanPay (input sequence changed)
[chrome 150.0.7871.187 mac #0-0]        ✓ should pass tx_invalid vector 68 -- Witness with SigHash All|AnyoneCanPay (third output value changed)
[chrome 150.0.7871.187 mac #0-0]        ✓ should pass tx_invalid vector 69 -- Witness with a push of 521 bytes
[chrome 150.0.7871.187 mac #0-0]        ✓ should pass tx_invalid vector 70 -- Witness with unknown version which push false on the stack should be invalid (even without DISCOURAGE_UPGRADABLE_WITNESS_PROGRAM)
[chrome 150.0.7871.187 mac #0-0]        ✓ should pass tx_invalid vector 71 -- Witness program should leave clean stack
[chrome 150.0.7871.187 mac #0-0]        ✓ should pass tx_invalid vector 72 -- Witness v0 with a push of 2 bytes
[chrome 150.0.7871.187 mac #0-0]        ✓ should pass tx_invalid vector 73 -- Unknown witness version with non empty scriptSig
[chrome 150.0.7871.187 mac #0-0]        ✓ should pass tx_invalid vector 74 -- Non witness Single|AnyoneCanPay hash input's position (permutation)
[chrome 150.0.7871.187 mac #0-0]        ✓ should pass tx_invalid vector 75 -- P2WSH with a redeem representing a witness scriptPubKey should fail
[chrome 150.0.7871.187 mac #0-0]        ✓ should pass tx_invalid vector 76 -- 33 bytes push should be considered a witness scriptPubKey
[chrome 150.0.7871.187 mac #0-0]        ✓ should pass tx_invalid vector 77 -- Non-segwit: wrong sighash (without FindAndDelete) = 1ba1fe3bc90c5d1265460e684ce6774e324f0fabdf67619eda729e64e8b6bc08
[chrome 150.0.7871.187 mac #0-0]        ✓ should pass tx_invalid vector 78 -- BIP143: wrong sighash (with FindAndDelete) = 71c9cd9b2869b9c70b01b1f0360c148f42dee72297db312638df136f43311f23
[chrome 150.0.7871.187 mac #0-0]        ✓ should pass tx_invalid vector 79 -- Non-segwit: wrong sighash (without FindAndDelete) = 4bc6a53e8e16ef508c19e38bba08831daba85228b0211f323d4cb0999cf2a5e8
[chrome 150.0.7871.187 mac #0-0]        ✓ should pass tx_invalid vector 80 -- BIP143: wrong sighash (with FindAndDelete) = 17c50ec2181ecdfdc85ca081174b248199ba81fff730794d4f69b8ec031f2dce
[chrome 150.0.7871.187 mac #0-0]
[chrome 150.0.7871.187 mac #0-0] PublicKey
[chrome 150.0.7871.187 mac #0-0]     validating errors on creation
[chrome 150.0.7871.187 mac #0-0]        ✓ errors if data is missing
[chrome 150.0.7871.187 mac #0-0]        ✓ errors if an invalid point is provided
[chrome 150.0.7871.187 mac #0-0]        ✓ errors if a point not on the secp256k1 curve is provided
[chrome 150.0.7871.187 mac #0-0]        ✓ errors if the argument is of an unrecognized type
[chrome 150.0.7871.187 mac #0-0]
[chrome 150.0.7871.187 mac #0-0]     instantiation
[chrome 150.0.7871.187 mac #0-0]        ✓ from a private key
[chrome 150.0.7871.187 mac #0-0]        ✓ problematic secp256k1 public keys
[chrome 150.0.7871.187 mac #0-0]        ✓ from a compressed public key
[chrome 150.0.7871.187 mac #0-0]        ✓ from another publicKey
[chrome 150.0.7871.187 mac #0-0]        ✓ sets the network to defaultNetwork if none provided
[chrome 150.0.7871.187 mac #0-0]        ✓ from a hex encoded DER string
[chrome 150.0.7871.187 mac #0-0]        ✓ from a hex encoded DER buffer
[chrome 150.0.7871.187 mac #0-0]        ✓ from a point
[chrome 150.0.7871.187 mac #0-0]
[chrome 150.0.7871.187 mac #0-0]     #getValidationError
[chrome 150.0.7871.187 mac #0-0]        ✓ should recieve an invalid point error
[chrome 150.0.7871.187 mac #0-0]        ✓ should recieve a boolean as false
[chrome 150.0.7871.187 mac #0-0]        ✓ should recieve a boolean as true for uncompressed
[chrome 150.0.7871.187 mac #0-0]        ✓ should recieve a boolean as true for compressed
[chrome 150.0.7871.187 mac #0-0]
[chrome 150.0.7871.187 mac #0-0]     #fromPoint
[chrome 150.0.7871.187 mac #0-0]        ✓ should instantiate from a point
[chrome 150.0.7871.187 mac #0-0]        ✓ should error because paramater is not a point
[chrome 150.0.7871.187 mac #0-0]
[chrome 150.0.7871.187 mac #0-0]     #json/object
[chrome 150.0.7871.187 mac #0-0]        ✓ should input/ouput json
[chrome 150.0.7871.187 mac #0-0]        ✓ fails if "y" is not provided
[chrome 150.0.7871.187 mac #0-0]        ✓ fails if invalid JSON is provided
[chrome 150.0.7871.187 mac #0-0]        ✓ works for X starting with 0x00
[chrome 150.0.7871.187 mac #0-0]
[chrome 150.0.7871.187 mac #0-0]     #fromPrivateKey
[chrome 150.0.7871.187 mac #0-0]        ✓ should make a public key from a privkey
[chrome 150.0.7871.187 mac #0-0]        ✓ should error because not an instance of privkey
[chrome 150.0.7871.187 mac #0-0]
[chrome 150.0.7871.187 mac #0-0]     #fromBuffer
[chrome 150.0.7871.187 mac #0-0]        ✓ should parse this uncompressed public key
[chrome 150.0.7871.187 mac #0-0]        ✓ should parse this compressed public key
[chrome 150.0.7871.187 mac #0-0]        ✓ should throw an error on this invalid public key
[chrome 150.0.7871.187 mac #0-0]        ✓ should throw error because not a buffer
[chrome 150.0.7871.187 mac #0-0]        ✓ should throw error because buffer is the incorrect length
[chrome 150.0.7871.187 mac #0-0]
[chrome 150.0.7871.187 mac #0-0]     #fromDER
[chrome 150.0.7871.187 mac #0-0]        ✓ should parse this uncompressed public key
[chrome 150.0.7871.187 mac #0-0]        ✓ should parse this compressed public key
[chrome 150.0.7871.187 mac #0-0]        ✓ should throw an error on this invalid public key
[chrome 150.0.7871.187 mac #0-0]
[chrome 150.0.7871.187 mac #0-0]     #fromString
[chrome 150.0.7871.187 mac #0-0]        ✓ should parse this known valid public key
[chrome 150.0.7871.187 mac #0-0]
[chrome 150.0.7871.187 mac #0-0]     #fromX
[chrome 150.0.7871.187 mac #0-0]        ✓ should create this known public key
[chrome 150.0.7871.187 mac #0-0]        ✓ should error because odd was not included as a param
[chrome 150.0.7871.187 mac #0-0]
[chrome 150.0.7871.187 mac #0-0]     #toBuffer
[chrome 150.0.7871.187 mac #0-0]        ✓ should return this compressed DER format
[chrome 150.0.7871.187 mac #0-0]        ✓ should return this uncompressed DER format
[chrome 150.0.7871.187 mac #0-0]
[chrome 150.0.7871.187 mac #0-0]     #toDER
[chrome 150.0.7871.187 mac #0-0]        ✓ should return this compressed DER format
[chrome 150.0.7871.187 mac #0-0]        ✓ should return this uncompressed DER format
[chrome 150.0.7871.187 mac #0-0]
[chrome 150.0.7871.187 mac #0-0]     #toAddress
[chrome 150.0.7871.187 mac #0-0]        ✓ should output this known mainnet address correctly
[chrome 150.0.7871.187 mac #0-0]        ✓ should output this known testnet address correctly
[chrome 150.0.7871.187 mac #0-0]
[chrome 150.0.7871.187 mac #0-0]     #toString
[chrome 150.0.7871.187 mac #0-0]        ✓ should print this known public key
[chrome 150.0.7871.187 mac #0-0]
[chrome 150.0.7871.187 mac #0-0]     #inspect
[chrome 150.0.7871.187 mac #0-0]        ✓ should output known uncompressed pubkey for console
[chrome 150.0.7871.187 mac #0-0]        ✓ should output known compressed pubkey for console
[chrome 150.0.7871.187 mac #0-0]        ✓ should output known compressed pubkey with network for console
[chrome 150.0.7871.187 mac #0-0]
[chrome 150.0.7871.187 mac #0-0]     #validate
[chrome 150.0.7871.187 mac #0-0]        ✓ should not have an error if pubkey is valid
[chrome 150.0.7871.187 mac #0-0]        ✓ should throw an error if pubkey is invalid
[chrome 150.0.7871.187 mac #0-0]        ✓ should throw an error if pubkey is invalid
[chrome 150.0.7871.187 mac #0-0]        ✓ should throw an error if pubkey is infinity
[chrome 150.0.7871.187 mac #0-0]
[chrome 150.0.7871.187 mac #0-0] HDPublicKey interface
[chrome 150.0.7871.187 mac #0-0]    ✓ toString() returns the same value as .xpubkey
[chrome 150.0.7871.187 mac #0-0]    ✓ publicKey property matches network
[chrome 150.0.7871.187 mac #0-0]    ✓ inspect() displays correctly
[chrome 150.0.7871.187 mac #0-0]
[chrome 150.0.7871.187 mac #0-0]     creation formats
[chrome 150.0.7871.187 mac #0-0]        ✓ returns same argument if already an instance of HDPublicKey
[chrome 150.0.7871.187 mac #0-0]        ✓ returns the correct xpubkey for a xprivkey
[chrome 150.0.7871.187 mac #0-0]        ✓ allows to call the argument with no "new" keyword
[chrome 150.0.7871.187 mac #0-0]        ✓ fails when user doesn't supply an argument
[chrome 150.0.7871.187 mac #0-0]        ✓ should not be able to change read-only properties
[chrome 150.0.7871.187 mac #0-0]        ✓ doesn't recognize an invalid argument
[chrome 150.0.7871.187 mac #0-0]        ✓ can be generated from a json
[chrome 150.0.7871.187 mac #0-0]        ✓ can generate a json that has a particular structure
[chrome 150.0.7871.187 mac #0-0]        ✓ builds from a buffer object
[chrome 150.0.7871.187 mac #0-0]        ✓ checks the checksum
[chrome 150.0.7871.187 mac #0-0]
[chrome 150.0.7871.187 mac #0-0]         xpubkey string serialization errors
[chrome 150.0.7871.187 mac #0-0]            ✓ fails on invalid length
[chrome 150.0.7871.187 mac #0-0]            ✓ fails on invalid base58 encoding
[chrome 150.0.7871.187 mac #0-0]            ✓ user can ask if a string is valid
[chrome 150.0.7871.187 mac #0-0]
[chrome 150.0.7871.187 mac #0-0]     error checking on serialization
[chrome 150.0.7871.187 mac #0-0]        ✓ throws invalid argument when argument is not a string or buffer
[chrome 150.0.7871.187 mac #0-0]        ✓ if a network is provided, validates that data corresponds to it
[chrome 150.0.7871.187 mac #0-0]        ✓ recognizes invalid network arguments
[chrome 150.0.7871.187 mac #0-0]        ✓ recognizes a valid network
[chrome 150.0.7871.187 mac #0-0]
[chrome 150.0.7871.187 mac #0-0]     conversion to/from buffer
[chrome 150.0.7871.187 mac #0-0]        ✓ should roundtrip to an equivalent object
[chrome 150.0.7871.187 mac #0-0]
[chrome 150.0.7871.187 mac #0-0]     conversion to different formats
[chrome 150.0.7871.187 mac #0-0]        ✓ roundtrips to JSON and to Object
[chrome 150.0.7871.187 mac #0-0]        ✓ recovers state from Object
[chrome 150.0.7871.187 mac #0-0]
[chrome 150.0.7871.187 mac #0-0]     derivation
[chrome 150.0.7871.187 mac #0-0]        ✓ derivation is the same whether deriving with number or string
[chrome 150.0.7871.187 mac #0-0]        ✓ allows special parameters m, M
[chrome 150.0.7871.187 mac #0-0]        ✓ doesn't allow object arguments for derivation
[chrome 150.0.7871.187 mac #0-0]        ✓ needs first argument for derivation
[chrome 150.0.7871.187 mac #0-0]        ✓ doesn't allow other parameters like m' or M' or "s"
[chrome 150.0.7871.187 mac #0-0]        ✓ can't derive hardened keys
[chrome 150.0.7871.187 mac #0-0]        ✓ can't derive hardened keys via second argument
[chrome 150.0.7871.187 mac #0-0]        ✓ validates correct paths
[chrome 150.0.7871.187 mac #0-0]        ✓ rejects illegal paths
[chrome 150.0.7871.187 mac #0-0]        ✓ should use the cache
[chrome 150.0.7871.187 mac #0-0]
[chrome 150.0.7871.187 mac #0-0] HDKey cache
[chrome 150.0.7871.187 mac #0-0]    ✓ saves a derived key
[chrome 150.0.7871.187 mac #0-0]    ✓ starts erasing unused keys
[chrome 150.0.7871.187 mac #0-0]    ✓ avoids erasing keys that get cache hits ("hot keys")
[chrome 150.0.7871.187 mac #0-0]    ✓ keeps the size of the cache small
[chrome 150.0.7871.187 mac #0-0]
[chrome 150.0.7871.187 mac #0-0] Networks
[chrome 150.0.7871.187 mac #0-0]    ✓ should contain all Networks
[chrome 150.0.7871.187 mac #0-0]    ✓ should not replace testnet network with regtest
[chrome 150.0.7871.187 mac #0-0]    ✓ will get network based on string "regtest" value
[chrome 150.0.7871.187 mac #0-0]    ✓ should be able to define a custom Network
[chrome 150.0.7871.187 mac #0-0]    ✓ can remove a custom network
[chrome 150.0.7871.187 mac #0-0]    ✓ should not set a network map for an undefined value
[chrome 150.0.7871.187 mac #0-0]    ✓ can remove a custom network by name
[chrome 150.0.7871.187 mac #0-0]    ✓ should have constant name for livenet and testnet
[chrome 150.0.7871.187 mac #0-0]    ✓ should have constant alias for livenet and testnet
[chrome 150.0.7871.187 mac #0-0]    ✓ should have constant pubkeyhash for livenet and testnet
[chrome 150.0.7871.187 mac #0-0]    ✓ should have constant scripthash for livenet and testnet
[chrome 150.0.7871.187 mac #0-0]    ✓ should have constant xpubkey for livenet and testnet
[chrome 150.0.7871.187 mac #0-0]    ✓ should have constant xprivkey for livenet and testnet
[chrome 150.0.7871.187 mac #0-0]    ✓ tests only for the specified key
[chrome 150.0.7871.187 mac #0-0]    ✓ can test for multiple keys
[chrome 150.0.7871.187 mac #0-0]    ✓ converts to string using the "name" property
[chrome 150.0.7871.187 mac #0-0]    ✓ network object should be immutable
[chrome 150.0.7871.187 mac #0-0]    ✓ should have not have network magic or port for testnet
[chrome 150.0.7871.187 mac #0-0]    ✓ should have network magic and port for testnet variant "testnet3"
[chrome 150.0.7871.187 mac #0-0]
[chrome 150.0.7871.187 mac #0-0] HDPrivate key interface
[chrome 150.0.7871.187 mac #0-0]    ✓ should make a new private key from random
[chrome 150.0.7871.187 mac #0-0]    ✓ should make a new private key from random for testnet
[chrome 150.0.7871.187 mac #0-0]    ✓ should not be able to change read-only properties
[chrome 150.0.7871.187 mac #0-0]    ✓ should error with an invalid checksum
[chrome 150.0.7871.187 mac #0-0]    ✓ can be rebuilt from a json generated by itself
[chrome 150.0.7871.187 mac #0-0]    ✓ builds a json keeping the structure and same members
[chrome 150.0.7871.187 mac #0-0]    ✓ should make a new private key from random for testnet
[chrome 150.0.7871.187 mac #0-0]    ✓ should make a new private key from random for testnet when passing specific network "testnet3"
[chrome 150.0.7871.187 mac #0-0]    ✓ inspect() displays correctly
[chrome 150.0.7871.187 mac #0-0]    ✓ fails when trying to derive with an invalid argument
[chrome 150.0.7871.187 mac #0-0]    ✓ catches early invalid paths
[chrome 150.0.7871.187 mac #0-0]    ✓ allows derivation of hardened keys by passing a very big number
[chrome 150.0.7871.187 mac #0-0]    ✓ returns itself with 'm' parameter
[chrome 150.0.7871.187 mac #0-0]    ✓ returns InvalidArgument if invalid data is given to getSerializedError
[chrome 150.0.7871.187 mac #0-0]    ✓ returns InvalidLength if data of invalid length is given to getSerializedError
[chrome 150.0.7871.187 mac #0-0]    ✓ returns InvalidNetworkArgument if an invalid network is provided
[chrome 150.0.7871.187 mac #0-0]    ✓ recognizes that the wrong network was asked for
[chrome 150.0.7871.187 mac #0-0]    ✓ recognizes the correct network
[chrome 150.0.7871.187 mac #0-0]    ✓ correctly errors if an invalid checksum is provided
[chrome 150.0.7871.187 mac #0-0]    ✓ correctly validates the checksum
[chrome 150.0.7871.187 mac #0-0]    ✓ shouldn't matter if derivations are made with strings or numbers
[chrome 150.0.7871.187 mac #0-0]
[chrome 150.0.7871.187 mac #0-0]     instantiation
[chrome 150.0.7871.187 mac #0-0]        ✓ invalid argument: can not instantiate from a number
[chrome 150.0.7871.187 mac #0-0]        ✓ allows no-new calling
[chrome 150.0.7871.187 mac #0-0]        ✓ allows the use of a copy constructor
[chrome 150.0.7871.187 mac #0-0]
[chrome 150.0.7871.187 mac #0-0]     public key
[chrome 150.0.7871.187 mac #0-0]        ✓ matches the network
[chrome 150.0.7871.187 mac #0-0]        ✓ cache for xpubkey works
[chrome 150.0.7871.187 mac #0-0]
[chrome 150.0.7871.187 mac #0-0]     on creation from seed
[chrome 150.0.7871.187 mac #0-0]        ✓ converts correctly from an hexa string
[chrome 150.0.7871.187 mac #0-0]        ✓ fails when argument is not a buffer or string
[chrome 150.0.7871.187 mac #0-0]        ✓ fails when argument doesn't provide enough entropy
[chrome 150.0.7871.187 mac #0-0]        ✓ fails when argument provides too much entropy
[chrome 150.0.7871.187 mac #0-0]
[chrome 150.0.7871.187 mac #0-0]     validates paths
[chrome 150.0.7871.187 mac #0-0]        ✓ validates correct paths
[chrome 150.0.7871.187 mac #0-0]        ✓ rejects illegal path m/-1/12
[chrome 150.0.7871.187 mac #0-0]        ✓ rejects illegal path bad path
[chrome 150.0.7871.187 mac #0-0]        ✓ rejects illegal path K
[chrome 150.0.7871.187 mac #0-0]        ✓ rejects illegal path m/
[chrome 150.0.7871.187 mac #0-0]        ✓ rejects illegal path m/12asd
[chrome 150.0.7871.187 mac #0-0]        ✓ rejects illegal path m/1/2//3
[chrome 150.0.7871.187 mac #0-0]        ✓ generates deriving indexes correctly
[chrome 150.0.7871.187 mac #0-0]
[chrome 150.0.7871.187 mac #0-0]     conversion to/from buffer
[chrome 150.0.7871.187 mac #0-0]        ✓ should roundtrip to/from a buffer
[chrome 150.0.7871.187 mac #0-0]
[chrome 150.0.7871.187 mac #0-0]     conversion to plain object/json
[chrome 150.0.7871.187 mac #0-0]        ✓ toObject leaves no Buffer instances
[chrome 150.0.7871.187 mac #0-0]        ✓ roundtrips toObject
[chrome 150.0.7871.187 mac #0-0]        ✓ roundtrips to JSON and to Object
[chrome 150.0.7871.187 mac #0-0]        ✓ recovers state from JSON
[chrome 150.0.7871.187 mac #0-0]        ✓ recovers state from Object
[chrome 150.0.7871.187 mac #0-0]
[chrome 150.0.7871.187 mac #0-0] PrivateKey
[chrome 150.0.7871.187 mac #0-0]    ✓ should create a new random private key
[chrome 150.0.7871.187 mac #0-0]    ✓ should create a privatekey from hexa string
[chrome 150.0.7871.187 mac #0-0]    ✓ should create a privatekey from a non-standard hex string
[chrome 150.0.7871.187 mac #0-0]    ✓ should create a new random testnet private key with only one argument
[chrome 150.0.7871.187 mac #0-0]    ✓ should create a private key from a custom network WIF string
[chrome 150.0.7871.187 mac #0-0]    ✓ should create a new random testnet private key with empty data
[chrome 150.0.7871.187 mac #0-0]    ✓ should create a private key from WIF string
[chrome 150.0.7871.187 mac #0-0]    ✓ should create a private key from WIF buffer
[chrome 150.0.7871.187 mac #0-0]    ✓ coverage: public key cache
[chrome 150.0.7871.187 mac #0-0]    ✓ creates an address as expected from WIF, livenet
[chrome 150.0.7871.187 mac #0-0]    ✓ creates an address as expected from WIF, testnet
[chrome 150.0.7871.187 mac #0-0]
[chrome 150.0.7871.187 mac #0-0]     bitcoind compliance
[chrome 150.0.7871.187 mac #0-0]        ✓ should instantiate WIF private key 6K7a8wZW8A1oZxNd7wZz8PhgAAaDxybkzNpD1sGVvmSaBmc3Hg2 with correct properties
[chrome 150.0.7871.187 mac #0-0]        ✓ should instantiate WIF private key QP5rQxpaP8HHPEdCEqxTjiHGWRvsyPvzZJeJ9BCxpfT13FN9VesQ with correct properties
[chrome 150.0.7871.187 mac #0-0]        ✓ should instantiate WIF private key 96MAePnF8ppQm8165ABvzSEShnNy3vgxjmMhcqEkQVZ9FtPV2XL with correct properties
[chrome 150.0.7871.187 mac #0-0]        ✓ should instantiate WIF private key ckaDjxhDsVyZTHLUF7uoojCXVYcciUGeEk53VFzKUJsKUKhnbUnZ with correct properties
[chrome 150.0.7871.187 mac #0-0]        ✓ should instantiate WIF private key 6KVnGBP927t1rfowDpRcqYyE7WUX9w814iCNyYwtQEqKxEq8kBa with correct properties
[chrome 150.0.7871.187 mac #0-0]        ✓ should instantiate WIF private key QVi86rdL3APa6TXXwPdRnKfqVfzGv6a993E5LeiHXaGGjE7cpah1 with correct properties
[chrome 150.0.7871.187 mac #0-0]        ✓ should instantiate WIF private key 95zguKdTJ9FznRvT4oUuBdqUxfrXe6qZby53E1GKsc1y5K713pe with correct properties
[chrome 150.0.7871.187 mac #0-0]        ✓ should instantiate WIF private key cmcFP2C5YMhPQpxv3X2i6byHxt21VYyuju7kCiVmUXqihMPshNKe with correct properties
[chrome 150.0.7871.187 mac #0-0]        ✓ should instantiate WIF private key 6Jz9frVjB2g4F7tALvkt6yytWo5vQbLeGdvHPP3TRtZ8NDz7ayS with correct properties
[chrome 150.0.7871.187 mac #0-0]        ✓ should instantiate WIF private key QPyvGzBensKS63stwvzsxrqQafwdFtYYqqmDhuxySpY1jkEKZ6kr with correct properties
[chrome 150.0.7871.187 mac #0-0]        ✓ should instantiate WIF private key 96SJY1FrWHRvDuWtAMCbfZPqUkA6JxQpqjihjpbwrqFYcmLBuMW with correct properties
[chrome 150.0.7871.187 mac #0-0]        ✓ should instantiate WIF private key cjN4SQ4pHBLNnsyDPwjTPRTtoPN4YZoSthpAs2ysuF8kLnUYc12C with correct properties
[chrome 150.0.7871.187 mac #0-0]        ✓ should instantiate WIF private key 6Kr2pQ4e9nGGZH8zYZMGWbeM4bft4L8efsg4jhN3rhMCJfB2Pkx with correct properties
[chrome 150.0.7871.187 mac #0-0]        ✓ should instantiate WIF private key QUsNNw934sS8DjjTNKAkpZbN2RUFW1YaNz6PHYgkFMaj8uWhCuLc with correct properties
[chrome 150.0.7871.187 mac #0-0]        ✓ should instantiate WIF private key 979GQk1egwDTfCWnzeyNVxEiqfoKBudz1FRVooEzcTCb8JA9dau with correct properties
[chrome 150.0.7871.187 mac #0-0]        ✓ should instantiate WIF private key cf2NrvygA68y6ZCAkW2ueCuQ1B8qzyWpjGY38qhjvQgZAFLhRWGB with correct properties
[chrome 150.0.7871.187 mac #0-0]        ✓ should instantiate WIF private key 6KaPu5s64YkVCz5n4oc5FEFVL6qVCh9a8Sdd6BYoE1SN2awEgb5 with correct properties
[chrome 150.0.7871.187 mac #0-0]        ✓ should instantiate WIF private key QRy3VpfeQ9hynFuZe7wJ7aPUNTtFmLrXoWQDtUY7fkoFQsNDLiTu with correct properties
[chrome 150.0.7871.187 mac #0-0]        ✓ should instantiate WIF private key 96fTvLn3vYVp3ztgSEJdH4LfUNUvNdGav8SGD1hzpuupXVQuEWm with correct properties
[chrome 150.0.7871.187 mac #0-0]        ✓ should instantiate WIF private key ckoubjh1yr1Hyg8NPtGwDz4tx91b6qztxrJZgTtdR4Ed9CqAV5cn with correct properties
[chrome 150.0.7871.187 mac #0-0]        ✓ should instantiate WIF private key 6KWRvmWB1YXTp54zTKBPS4QUHbag7aP2CKkJ5eN7YqFcfFRjFaM with correct properties
[chrome 150.0.7871.187 mac #0-0]        ✓ should instantiate WIF private key QVDwi7RFwB1hL2upnnEBn1HjaTexNWSYtkYpdE1VhcY3n7faQ32D with correct properties
[chrome 150.0.7871.187 mac #0-0]        ✓ should instantiate WIF private key 95cdHztwpWKgA4dgw8chw9hjR4yjxNFZrPr9otqgPL5mH9PGesJ with correct properties
[chrome 150.0.7871.187 mac #0-0]        ✓ should instantiate WIF private key ckrhHfB5k7NzVEqEsksYGvh2xSjZiT71oVGGSysP97bGMCkm3EgK with correct properties
[chrome 150.0.7871.187 mac #0-0]        ✓ should describe input ... as invalid
[chrome 150.0.7871.187 mac #0-0]        ✓ should describe input x... as invalid
[chrome 150.0.7871.187 mac #0-0]        ✓ should describe input 37qgekLpCC... as invalid
[chrome 150.0.7871.187 mac #0-0]        ✓ should describe input dzb7VV1Ui5... as invalid
[chrome 150.0.7871.187 mac #0-0]        ✓ should describe input MuNu7ZAEDF... as invalid
[chrome 150.0.7871.187 mac #0-0]        ✓ should describe input rPpQpYknyN... as invalid
[chrome 150.0.7871.187 mac #0-0]        ✓ should describe input 4Uc3FmN6NQ... as invalid
[chrome 150.0.7871.187 mac #0-0]        ✓ should describe input 7aQgR5DFQ2... as invalid
[chrome 150.0.7871.187 mac #0-0]        ✓ should describe input 17QpPprjeg... as invalid
[chrome 150.0.7871.187 mac #0-0]        ✓ should describe input KxuACDviz8... as invalid
[chrome 150.0.7871.187 mac #0-0]        ✓ should describe input 7nK3GSmqdX... as invalid
[chrome 150.0.7871.187 mac #0-0]        ✓ should describe input cTivdBmq7b... as invalid
[chrome 150.0.7871.187 mac #0-0]        ✓ should describe input gjMV4vjNjy... as invalid
[chrome 150.0.7871.187 mac #0-0]        ✓ should describe input emXm1naBMo... as invalid
[chrome 150.0.7871.187 mac #0-0]        ✓ should describe input 7VThQnNRj1... as invalid
[chrome 150.0.7871.187 mac #0-0]        ✓ should describe input 1G9u6oCVCP... as invalid
[chrome 150.0.7871.187 mac #0-0]        ✓ should describe input 31QQ7ZMLkS... as invalid
[chrome 150.0.7871.187 mac #0-0]        ✓ should describe input DHqKSnpxa8... as invalid
[chrome 150.0.7871.187 mac #0-0]        ✓ should describe input 2LUHcJPbwL... as invalid
[chrome 150.0.7871.187 mac #0-0]        ✓ should describe input 7USRzBXAnm... as invalid
[chrome 150.0.7871.187 mac #0-0]        ✓ should describe input 1DGezo7BfV... as invalid
[chrome 150.0.7871.187 mac #0-0]        ✓ should describe input 2D12DqDZKw... as invalid
[chrome 150.0.7871.187 mac #0-0]        ✓ should describe input 8AFJzuTujX... as invalid
[chrome 150.0.7871.187 mac #0-0]        ✓ should describe input 163Q17qLbT... as invalid
[chrome 150.0.7871.187 mac #0-0]        ✓ should describe input 2MnmgiRH4e... as invalid
[chrome 150.0.7871.187 mac #0-0]        ✓ should describe input 461QQ2sYWx... as invalid
[chrome 150.0.7871.187 mac #0-0]        ✓ should describe input 2UCtv53Vtt... as invalid
[chrome 150.0.7871.187 mac #0-0]        ✓ should describe input cSNjAsnhgt... as invalid
[chrome 150.0.7871.187 mac #0-0]        ✓ should describe input gmsow2Y6EW... as invalid
[chrome 150.0.7871.187 mac #0-0]        ✓ should describe input nksUKSkzS7... as invalid
[chrome 150.0.7871.187 mac #0-0]        ✓ should describe input L3favK1UzF... as invalid
[chrome 150.0.7871.187 mac #0-0]        ✓ should describe input 7VxLxGGtYT... as invalid
[chrome 150.0.7871.187 mac #0-0]        ✓ should describe input 2mbZwFXF6c... as invalid
[chrome 150.0.7871.187 mac #0-0]        ✓ should describe input dB7cwYdcPS... as invalid
[chrome 150.0.7871.187 mac #0-0]        ✓ should describe input HPhFUhUAh8... as invalid
[chrome 150.0.7871.187 mac #0-0]        ✓ should describe input 4ctAH6AkHz... as invalid
[chrome 150.0.7871.187 mac #0-0]        ✓ should describe input Hn1uFi4dNe... as invalid
[chrome 150.0.7871.187 mac #0-0]        ✓ should describe input Sq3fDbvutA... as invalid
[chrome 150.0.7871.187 mac #0-0]        ✓ should describe input 6TqWyrqdgU... as invalid
[chrome 150.0.7871.187 mac #0-0]        ✓ should describe input giqJo7oWqF... as invalid
[chrome 150.0.7871.187 mac #0-0]        ✓ should describe input cNzHY5e8vc... as invalid
[chrome 150.0.7871.187 mac #0-0]        ✓ should describe input 37uTe568EY... as invalid
[chrome 150.0.7871.187 mac #0-0]        ✓ should describe input EsYbG4tWWW... as invalid
[chrome 150.0.7871.187 mac #0-0]        ✓ should describe input nbuzhfwMoN... as invalid
[chrome 150.0.7871.187 mac #0-0]        ✓ should describe input cQN9PoxZeC... as invalid
[chrome 150.0.7871.187 mac #0-0]        ✓ should describe input 1Gm3N3rkef... as invalid
[chrome 150.0.7871.187 mac #0-0]        ✓ should describe input 2TAq2tuN6x... as invalid
[chrome 150.0.7871.187 mac #0-0]        ✓ should describe input ntEtnnGhqP... as invalid
[chrome 150.0.7871.187 mac #0-0]        ✓ should describe input Ky1YjoZNgQ... as invalid
[chrome 150.0.7871.187 mac #0-0]        ✓ should describe input 2A1q1YsMZo... as invalid
[chrome 150.0.7871.187 mac #0-0]
[chrome 150.0.7871.187 mac #0-0]     instantiation
[chrome 150.0.7871.187 mac #0-0]        ✓ should not be able to instantiate private key greater than N
[chrome 150.0.7871.187 mac #0-0]        ✓ should not be able to instantiate private key because of network mismatch
[chrome 150.0.7871.187 mac #0-0]        ✓ should not be able to instantiate private key WIF is too long
[chrome 150.0.7871.187 mac #0-0]        ✓ should not be able to instantiate private key WIF because of unknown network byte
[chrome 150.0.7871.187 mac #0-0]        ✓ should not be able to instantiate private key WIF because of network mismatch
[chrome 150.0.7871.187 mac #0-0]        ✓ can be instantiated from a hex string
[chrome 150.0.7871.187 mac #0-0]        ✓ should not be able to instantiate because of unrecognized data
[chrome 150.0.7871.187 mac #0-0]        ✓ should not be able to instantiate with unknown network
[chrome 150.0.7871.187 mac #0-0]        ✓ should not create a zero private key
[chrome 150.0.7871.187 mac #0-0]        ✓ should create a livenet private key
[chrome 150.0.7871.187 mac #0-0]        ✓ should create a default network private key
[chrome 150.0.7871.187 mac #0-0]        ✓ returns the same instance if a PrivateKey is provided (immutable)
[chrome 150.0.7871.187 mac #0-0]
[chrome 150.0.7871.187 mac #0-0]     #json/object
[chrome 150.0.7871.187 mac #0-0]        ✓ should input/output json
[chrome 150.0.7871.187 mac #0-0]        ✓ input json should correctly initialize network field
[chrome 150.0.7871.187 mac #0-0]        ✓ fails on invalid argument
[chrome 150.0.7871.187 mac #0-0]        ✓ also accepts an object as argument
[chrome 150.0.7871.187 mac #0-0]
[chrome 150.0.7871.187 mac #0-0]     #toString
[chrome 150.0.7871.187 mac #0-0]        ✓ should parse this uncompressed livenet address correctly
[chrome 150.0.7871.187 mac #0-0]
[chrome 150.0.7871.187 mac #0-0]     #toAddress
[chrome 150.0.7871.187 mac #0-0]        ✓ should output this known livenet address correctly
[chrome 150.0.7871.187 mac #0-0]        ✓ should output this known testnet address correctly
[chrome 150.0.7871.187 mac #0-0]        ✓ creates network specific address
[chrome 150.0.7871.187 mac #0-0]
[chrome 150.0.7871.187 mac #0-0]     #inspect
[chrome 150.0.7871.187 mac #0-0]        ✓ should output known livenet address for console
[chrome 150.0.7871.187 mac #0-0]        ✓ should output known testnet address for console
[chrome 150.0.7871.187 mac #0-0]        ✓ outputs "uncompressed" for uncompressed imported WIFs
[chrome 150.0.7871.187 mac #0-0]
[chrome 150.0.7871.187 mac #0-0]     #getValidationError
[chrome 150.0.7871.187 mac #0-0]        ✓ should get an error because private key greater than N
[chrome 150.0.7871.187 mac #0-0]        ✓ should validate as false because private key greater than N
[chrome 150.0.7871.187 mac #0-0]        ✓ should recognize that undefined is an invalid private key
[chrome 150.0.7871.187 mac #0-0]        ✓ should validate as true
[chrome 150.0.7871.187 mac #0-0]
[chrome 150.0.7871.187 mac #0-0]     buffer serialization
[chrome 150.0.7871.187 mac #0-0]        ✓ returns an expected value when creating a PrivateKey from a buffer
[chrome 150.0.7871.187 mac #0-0]        ✓ roundtrips correctly when using toBuffer/fromBuffer
[chrome 150.0.7871.187 mac #0-0]        ✓ should return buffer with length equal 32
[chrome 150.0.7871.187 mac #0-0]
[chrome 150.0.7871.187 mac #0-0]     #toBigNumber
[chrome 150.0.7871.187 mac #0-0]        ✓ should output known BN
[chrome 150.0.7871.187 mac #0-0]
[chrome 150.0.7871.187 mac #0-0]     #fromRandom
[chrome 150.0.7871.187 mac #0-0]        ✓ should set bn gt 0 and lt n, and should be compressed
[chrome 150.0.7871.187 mac #0-0]
[chrome 150.0.7871.187 mac #0-0]     #fromWIF
[chrome 150.0.7871.187 mac #0-0]        ✓ should parse this compressed testnet address correctly
[chrome 150.0.7871.187 mac #0-0]
[chrome 150.0.7871.187 mac #0-0]     #toWIF
[chrome 150.0.7871.187 mac #0-0]        ✓ should parse this compressed testnet address correctly
[chrome 150.0.7871.187 mac #0-0]
[chrome 150.0.7871.187 mac #0-0]     #fromString
[chrome 150.0.7871.187 mac #0-0]        ✓ should parse this uncompressed testnet address correctly
[chrome 150.0.7871.187 mac #0-0]
[chrome 150.0.7871.187 mac #0-0]     #toPublicKey
[chrome 150.0.7871.187 mac #0-0]        ✓ should convert this known PrivateKey to known PublicKey
[chrome 150.0.7871.187 mac #0-0]        ✓ should have a "publicKey" property
[chrome 150.0.7871.187 mac #0-0]        ✓ should convert this known PrivateKey to known PublicKey and preserve compressed=true
[chrome 150.0.7871.187 mac #0-0]        ✓ should convert this known PrivateKey to known PublicKey and preserve compressed=false
[chrome 150.0.7871.187 mac #0-0]
[chrome 150.0.7871.187 mac #0-0] Unit
[chrome 150.0.7871.187 mac #0-0]    ✓ can be created from a number and unit
[chrome 150.0.7871.187 mac #0-0]    ✓ can be created from a number and exchange rate
[chrome 150.0.7871.187 mac #0-0]    ✓ no "new" is required for creating an instance
[chrome 150.0.7871.187 mac #0-0]    ✓ has property accesors "BTC", "mBTC", "uBTC", "bits", and "satoshis"
[chrome 150.0.7871.187 mac #0-0]    ✓ a string amount is allowed
[chrome 150.0.7871.187 mac #0-0]    ✓ should have constructor helpers
[chrome 150.0.7871.187 mac #0-0]    ✓ converts to satoshis correctly
[chrome 150.0.7871.187 mac #0-0]    ✓ takes into account floating point problems
[chrome 150.0.7871.187 mac #0-0]    ✓ exposes unit codes
[chrome 150.0.7871.187 mac #0-0]    ✓ exposes a method that converts to different units
[chrome 150.0.7871.187 mac #0-0]    ✓ exposes shorthand conversion methods
[chrome 150.0.7871.187 mac #0-0]    ✓ can convert to fiat
[chrome 150.0.7871.187 mac #0-0]    ✓ toString works as expected
[chrome 150.0.7871.187 mac #0-0]    ✓ can be imported and exported from/to JSON
[chrome 150.0.7871.187 mac #0-0]    ✓ importing from invalid JSON fails quickly
[chrome 150.0.7871.187 mac #0-0]    ✓ inspect method displays nicely
[chrome 150.0.7871.187 mac #0-0]    ✓ fails when the unit is not recognized
[chrome 150.0.7871.187 mac #0-0]    ✓ fails when the exchange rate is invalid
[chrome 150.0.7871.187 mac #0-0]
[chrome 150.0.7871.187 mac #0-0] Block
[chrome 150.0.7871.187 mac #0-0]    ✓ should make a new block
[chrome 150.0.7871.187 mac #0-0]    ✓ should not make an empty block
[chrome 150.0.7871.187 mac #0-0]
[chrome 150.0.7871.187 mac #0-0]     #constructor
[chrome 150.0.7871.187 mac #0-0]        ✓ should set these known values
[chrome 150.0.7871.187 mac #0-0]        ✓ should properly deserialize blocks
[chrome 150.0.7871.187 mac #0-0]
[chrome 150.0.7871.187 mac #0-0]     #fromRawBlock
[chrome 150.0.7871.187 mac #0-0]        - should instantiate from a raw block binary
[chrome 150.0.7871.187 mac #0-0]        - should instantiate from raw block buffer
[chrome 150.0.7871.187 mac #0-0]
[chrome 150.0.7871.187 mac #0-0]     #fromJSON
[chrome 150.0.7871.187 mac #0-0]        ✓ should set these known values
[chrome 150.0.7871.187 mac #0-0]        ✓ should set these known values
[chrome 150.0.7871.187 mac #0-0]
[chrome 150.0.7871.187 mac #0-0]     #toJSON
[chrome 150.0.7871.187 mac #0-0]        ✓ should recover these known values
[chrome 150.0.7871.187 mac #0-0]
[chrome 150.0.7871.187 mac #0-0]     #fromString/#toString
[chrome 150.0.7871.187 mac #0-0]        ✓ should output/input a block hex string
[chrome 150.0.7871.187 mac #0-0]
[chrome 150.0.7871.187 mac #0-0]     #fromBuffer
[chrome 150.0.7871.187 mac #0-0]        ✓ should make a block from this known buffer
[chrome 150.0.7871.187 mac #0-0]        ✓ should instantiate from block buffer from the network
[chrome 150.0.7871.187 mac #0-0]
[chrome 150.0.7871.187 mac #0-0]     #fromBufferReader
[chrome 150.0.7871.187 mac #0-0]        ✓ should make a block from this known buffer
[chrome 150.0.7871.187 mac #0-0]
[chrome 150.0.7871.187 mac #0-0]     #toBuffer
[chrome 150.0.7871.187 mac #0-0]        ✓ should recover a block from this known buffer
[chrome 150.0.7871.187 mac #0-0]
[chrome 150.0.7871.187 mac #0-0]     #toBufferWriter
[chrome 150.0.7871.187 mac #0-0]        ✓ should recover a block from this known buffer
[chrome 150.0.7871.187 mac #0-0]        ✓ doesn't create a bufferWriter if one provided
[chrome 150.0.7871.187 mac #0-0]
[chrome 150.0.7871.187 mac #0-0]     #toObject
[chrome 150.0.7871.187 mac #0-0]        ✓ should recover a block from genesis block buffer
[chrome 150.0.7871.187 mac #0-0]        ✓ roundtrips correctly
[chrome 150.0.7871.187 mac #0-0]
[chrome 150.0.7871.187 mac #0-0]     #_getHash
[chrome 150.0.7871.187 mac #0-0]        ✓ should return the correct hash of the genesis block
[chrome 150.0.7871.187 mac #0-0]
[chrome 150.0.7871.187 mac #0-0]     #id
[chrome 150.0.7871.187 mac #0-0]        ✓ should return the correct id of the genesis block
[chrome 150.0.7871.187 mac #0-0]        ✓ "hash" should be the same as "id"
[chrome 150.0.7871.187 mac #0-0]
[chrome 150.0.7871.187 mac #0-0]     #inspect
[chrome 150.0.7871.187 mac #0-0]        ✓ should return the correct inspect of the genesis block
[chrome 150.0.7871.187 mac #0-0]
[chrome 150.0.7871.187 mac #0-0]     #merkleRoot
[chrome 150.0.7871.187 mac #0-0]        - should describe as valid merkle root
[chrome 150.0.7871.187 mac #0-0]        ✓ should describe as invalid merkle root
[chrome 150.0.7871.187 mac #0-0]        ✓ should get a null hash merkle root
[chrome 150.0.7871.187 mac #0-0]
[chrome 150.0.7871.187 mac #0-0] AuxPow
[chrome 150.0.7871.187 mac #0-0]    ✓ should correctly handle a pre-AuxPow header
[chrome 150.0.7871.187 mac #0-0]    ✓ should correctly parse a post-AuxPow but non-AuxPow header
[chrome 150.0.7871.187 mac #0-0]    ✓ should correctly parse an AuxPow header
[chrome 150.0.7871.187 mac #0-0]    ✓ should correctly parse an AuxPow header with witnesses
[chrome 150.0.7871.187 mac #0-0]    ✓ should correctly encode header with no AuxPow
[chrome 150.0.7871.187 mac #0-0]    ✓ should correctly encode header with AuxPow
[chrome 150.0.7871.187 mac #0-0]    ✓ should correctly encode header with AuxPow with witness
[chrome 150.0.7871.187 mac #0-0]
[chrome 150.0.7871.187 mac #0-0] MerkleBlock
[chrome 150.0.7871.187 mac #0-0]     #constructor
[chrome 150.0.7871.187 mac #0-0]        ✓ should make a new merkleblock from buffer
[chrome 150.0.7871.187 mac #0-0]        ✓ should make a new merkleblock from object
[chrome 150.0.7871.187 mac #0-0]        ✓ should make a new merkleblock from JSON
[chrome 150.0.7871.187 mac #0-0]        ✓ should not make an empty block
[chrome 150.0.7871.187 mac #0-0]
[chrome 150.0.7871.187 mac #0-0]     #fromObject
[chrome 150.0.7871.187 mac #0-0]        ✓ should set these known values
[chrome 150.0.7871.187 mac #0-0]        ✓ should set these known values
[chrome 150.0.7871.187 mac #0-0]        ✓ accepts an object as argument
[chrome 150.0.7871.187 mac #0-0]
[chrome 150.0.7871.187 mac #0-0]     #toJSON
[chrome 150.0.7871.187 mac #0-0]        ✓ should recover these known values
[chrome 150.0.7871.187 mac #0-0]
[chrome 150.0.7871.187 mac #0-0]     #fromBuffer
[chrome 150.0.7871.187 mac #0-0]        ✓ should make a block from this known buffer
[chrome 150.0.7871.187 mac #0-0]
[chrome 150.0.7871.187 mac #0-0]     #fromBufferReader
[chrome 150.0.7871.187 mac #0-0]        ✓ should make a block from this known buffer
[chrome 150.0.7871.187 mac #0-0]
[chrome 150.0.7871.187 mac #0-0]     #toBuffer
[chrome 150.0.7871.187 mac #0-0]        ✓ should recover a block from this known buffer
[chrome 150.0.7871.187 mac #0-0]
[chrome 150.0.7871.187 mac #0-0]     #toBufferWriter
[chrome 150.0.7871.187 mac #0-0]        ✓ should recover a block from this known buffer
[chrome 150.0.7871.187 mac #0-0]        ✓ doesn't create a bufferWriter if one provided
[chrome 150.0.7871.187 mac #0-0]
[chrome 150.0.7871.187 mac #0-0]     #validMerkleTree
[chrome 150.0.7871.187 mac #0-0]        ✓ should validate good merkleblocks
[chrome 150.0.7871.187 mac #0-0]        ✓ should not validate merkleblocks with too many hashes
[chrome 150.0.7871.187 mac #0-0]        ✓ should not validate merkleblocks with too few bit flags
[chrome 150.0.7871.187 mac #0-0]
[chrome 150.0.7871.187 mac #0-0]     #hasTransaction
[chrome 150.0.7871.187 mac #0-0]        ✓ should find transactions via hash string
[chrome 150.0.7871.187 mac #0-0]        ✓ should find transactions via Transaction object
[chrome 150.0.7871.187 mac #0-0]        ✓ should not find non-existant Transaction object
[chrome 150.0.7871.187 mac #0-0]        ✓ should not match with merkle nodes
[chrome 150.0.7871.187 mac #0-0]
[chrome 150.0.7871.187 mac #0-0] BlockHeader
[chrome 150.0.7871.187 mac #0-0]    ✓ should make a new blockheader
[chrome 150.0.7871.187 mac #0-0]    ✓ should not make an empty block
[chrome 150.0.7871.187 mac #0-0]    ✓ coverage: caches the "_id" property
[chrome 150.0.7871.187 mac #0-0]
[chrome 150.0.7871.187 mac #0-0]     #constructor
[chrome 150.0.7871.187 mac #0-0]        ✓ should set all the variables
[chrome 150.0.7871.187 mac #0-0]        ✓ will throw an error if the argument object hash property doesn't match
[chrome 150.0.7871.187 mac #0-0]
[chrome 150.0.7871.187 mac #0-0]     #fromObject
[chrome 150.0.7871.187 mac #0-0]        ✓ should set all the variables
[chrome 150.0.7871.187 mac #0-0]
[chrome 150.0.7871.187 mac #0-0]     #toJSON
[chrome 150.0.7871.187 mac #0-0]        ✓ should set all the variables
[chrome 150.0.7871.187 mac #0-0]
[chrome 150.0.7871.187 mac #0-0]     #fromJSON
[chrome 150.0.7871.187 mac #0-0]        ✓ should parse this known json string
[chrome 150.0.7871.187 mac #0-0]
[chrome 150.0.7871.187 mac #0-0]     #fromString/#toString
[chrome 150.0.7871.187 mac #0-0]        ✓ should output/input a block hex string
[chrome 150.0.7871.187 mac #0-0]
[chrome 150.0.7871.187 mac #0-0]     #fromBuffer
[chrome 150.0.7871.187 mac #0-0]        ✓ should parse this known buffer
[chrome 150.0.7871.187 mac #0-0]
[chrome 150.0.7871.187 mac #0-0]     #fromBufferReader
[chrome 150.0.7871.187 mac #0-0]        ✓ should parse this known buffer
[chrome 150.0.7871.187 mac #0-0]
[chrome 150.0.7871.187 mac #0-0]     #toBuffer
[chrome 150.0.7871.187 mac #0-0]        ✓ should output this known buffer
[chrome 150.0.7871.187 mac #0-0]
[chrome 150.0.7871.187 mac #0-0]     #toBufferWriter
[chrome 150.0.7871.187 mac #0-0]        ✓ should output this known buffer
[chrome 150.0.7871.187 mac #0-0]        ✓ doesn't create a bufferWriter if one provided
[chrome 150.0.7871.187 mac #0-0]
[chrome 150.0.7871.187 mac #0-0]     #inspect
[chrome 150.0.7871.187 mac #0-0]        ✓ should return the correct inspect of the genesis block
[chrome 150.0.7871.187 mac #0-0]
[chrome 150.0.7871.187 mac #0-0]     #fromRawBlock
[chrome 150.0.7871.187 mac #0-0]        ✓ should instantiate from a raw block binary
[chrome 150.0.7871.187 mac #0-0]        ✓ should instantiate from raw block buffer
[chrome 150.0.7871.187 mac #0-0]
[chrome 150.0.7871.187 mac #0-0]     #validTimestamp
[chrome 150.0.7871.187 mac #0-0]        ✓ should validate timestamp as true
[chrome 150.0.7871.187 mac #0-0]        ✓ should validate timestamp as false
[chrome 150.0.7871.187 mac #0-0]
[chrome 150.0.7871.187 mac #0-0]     #validProofOfWork
[chrome 150.0.7871.187 mac #0-0]        ✓ should validate proof-of-work as true
[chrome 150.0.7871.187 mac #0-0]        ✓ should validate proof of work as false because incorrect proof of work
[chrome 150.0.7871.187 mac #0-0]
[chrome 150.0.7871.187 mac #0-0]     #getDifficulty
[chrome 150.0.7871.187 mac #0-0]        ✓ should get the correct difficulty for testnet block 160775
[chrome 150.0.7871.187 mac #0-0]        ✓ should get the correct difficulty for testnet block 2402952
[chrome 150.0.7871.187 mac #0-0]        ✓ should get the correct difficulty for livenet block 3637988
[chrome 150.0.7871.187 mac #0-0]        ✓ should get the correct difficulty for livenet block 831920
[chrome 150.0.7871.187 mac #0-0]        ✓ should use exponent notation if difficulty is larger than Javascript number
[chrome 150.0.7871.187 mac #0-0]
[chrome 150.0.7871.187 mac #0-0] HDKeys building with static methods
[chrome 150.0.7871.187 mac #0-0]    ✓ HDPublicKey fromJSON checks that a valid JSON is provided
[chrome 150.0.7871.187 mac #0-0]    ✓ HDPublicKey fromString checks that a string is provided
[chrome 150.0.7871.187 mac #0-0]    ✓ HDPublicKey fromObject checks that an object is provided
[chrome 150.0.7871.187 mac #0-0]    ✓ HDPrivateKey fromJSON checks that a valid JSON is provided
[chrome 150.0.7871.187 mac #0-0]    ✓ HDPrivateKey fromString checks that a string is provided
[chrome 150.0.7871.187 mac #0-0]    ✓ HDPrivateKey fromObject checks that an object is provided
[chrome 150.0.7871.187 mac #0-0]
[chrome 150.0.7871.187 mac #0-0] BIP32 compliance
[chrome 150.0.7871.187 mac #0-0]    ✓ should initialize test vector 1 from the extended public key
[chrome 150.0.7871.187 mac #0-0]    ✓ should initialize test vector 1 from the extended private key
[chrome 150.0.7871.187 mac #0-0]    ✓ can initialize a public key from an extended private key
[chrome 150.0.7871.187 mac #0-0]    ✓ toString should be equal to the `xpubkey` member
[chrome 150.0.7871.187 mac #0-0]    ✓ toString should be equal to the `xpubkey` member
[chrome 150.0.7871.187 mac #0-0]    ✓ should get the extended public key from the extended private key for test vector 1
[chrome 150.0.7871.187 mac #0-0]    ✓ should get m/0' ext. private key from test vector 1
[chrome 150.0.7871.187 mac #0-0]    ✓ should get m/0' ext. public key from test vector 1
[chrome 150.0.7871.187 mac #0-0]    ✓ should get m/0'/1 ext. private key from test vector 1
[chrome 150.0.7871.187 mac #0-0]    ✓ should get m/0'/1 ext. public key from test vector 1
[chrome 150.0.7871.187 mac #0-0]    ✓ should get m/0'/1 ext. public key from m/0' public key from test vector 1
[chrome 150.0.7871.187 mac #0-0]    ✓ should get m/0'/1/2' ext. private key from test vector 1
[chrome 150.0.7871.187 mac #0-0]    ✓ should get m/0'/1/2' ext. public key from test vector 1
[chrome 150.0.7871.187 mac #0-0]    ✓ should get m/0'/1/2'/2 ext. private key from test vector 1
[chrome 150.0.7871.187 mac #0-0]    ✓ should get m/0'/1/2'/2 ext. public key from m/0'/1/2' public key from test vector 1
[chrome 150.0.7871.187 mac #0-0]    ✓ should get m/0'/1/2h/2 ext. public key from test vector 1
[chrome 150.0.7871.187 mac #0-0]    ✓ should get m/0'/1/2h/2/1000000000 ext. private key from test vector 1
[chrome 150.0.7871.187 mac #0-0]    ✓ should get m/0'/1/2h/2/1000000000 ext. public key from test vector 1
[chrome 150.0.7871.187 mac #0-0]    ✓ should get m/0'/1/2'/2/1000000000 ext. public key from m/0'/1/2'/2 public key from test vector 1
[chrome 150.0.7871.187 mac #0-0]    ✓ should initialize test vector 2 from the extended public key
[chrome 150.0.7871.187 mac #0-0]    ✓ should initialize test vector 2 from the extended private key
[chrome 150.0.7871.187 mac #0-0]    ✓ should get the extended public key from the extended private key for test vector 2
[chrome 150.0.7871.187 mac #0-0]    ✓ should get m/0 ext. private key from test vector 2
[chrome 150.0.7871.187 mac #0-0]    ✓ should get m/0 ext. public key from test vector 2
[chrome 150.0.7871.187 mac #0-0]    ✓ should get m/0 ext. public key from m public key from test vector 2
[chrome 150.0.7871.187 mac #0-0]    ✓ should get m/0/2147483647h ext. private key from test vector 2
[chrome 150.0.7871.187 mac #0-0]    ✓ should get m/0/2147483647h ext. public key from test vector 2
[chrome 150.0.7871.187 mac #0-0]    ✓ should get m/0/2147483647h/1 ext. private key from test vector 2
[chrome 150.0.7871.187 mac #0-0]    ✓ should get m/0/2147483647h/1 ext. public key from test vector 2
[chrome 150.0.7871.187 mac #0-0]    ✓ should get m/0/2147483647h/1 ext. public key from m/0/2147483647h public key from test vector 2
[chrome 150.0.7871.187 mac #0-0]    ✓ should get m/0/2147483647h/1/2147483646h ext. private key from test vector 2
[chrome 150.0.7871.187 mac #0-0]    ✓ should get m/0/2147483647h/1/2147483646h ext. public key from test vector 2
[chrome 150.0.7871.187 mac #0-0]    ✓ should get m/0/2147483647h/1/2147483646h/2 ext. private key from test vector 2
[chrome 150.0.7871.187 mac #0-0]    ✓ should get m/0/2147483647h/1/2147483646h/2 ext. public key from test vector 2
[chrome 150.0.7871.187 mac #0-0]    ✓ should get m/0/2147483647h/1/2147483646h/2 ext. public key from m/0/2147483647h/2147483646h public key from test vector 2
[chrome 150.0.7871.187 mac #0-0]    ✓ should use full 32 bytes for private key data that is hashed (as per bip32)
[chrome 150.0.7871.187 mac #0-0]
[chrome 150.0.7871.187 mac #0-0]     edge cases
[chrome 150.0.7871.187 mac #0-0]        ✓ will handle edge case that derived private key is invalid
[chrome 150.0.7871.187 mac #0-0]        ✓ will handle edge case that a derive public key is invalid
[chrome 150.0.7871.187 mac #0-0]
[chrome 150.0.7871.187 mac #0-0]     seed
[chrome 150.0.7871.187 mac #0-0]        ✓ should initialize a new BIP32 correctly from test vector 1 seed
[chrome 150.0.7871.187 mac #0-0]        ✓ should initialize a new BIP32 correctly from test vector 2 seed
[chrome 150.0.7871.187 mac #0-0]
[chrome 150.0.7871.187 mac #0-0] URI
[chrome 150.0.7871.187 mac #0-0]    ✓ parses uri strings correctly (test vector)
[chrome 150.0.7871.187 mac #0-0]    ✓ URIs can be validated statically (test vector)
[chrome 150.0.7871.187 mac #0-0]    ✓ fails on creation with no params
[chrome 150.0.7871.187 mac #0-0]    ✓ do not need new keyword
[chrome 150.0.7871.187 mac #0-0]    ✓ should create instance from object
[chrome 150.0.7871.187 mac #0-0]    ✓ should support double slash scheme
[chrome 150.0.7871.187 mac #0-0]    ✓ should input/output String
[chrome 150.0.7871.187 mac #0-0]    ✓ should input/output JSON
[chrome 150.0.7871.187 mac #0-0]    ✓ should support numeric amounts
[chrome 150.0.7871.187 mac #0-0]    ✓ should support extra arguments
[chrome 150.0.7871.187 mac #0-0]    ✓ should generate a valid URI
[chrome 150.0.7871.187 mac #0-0]    ✓ should be case insensitive to protocol
[chrome 150.0.7871.187 mac #0-0]    ✓ writes correctly the "r" parameter on string serialization
[chrome 150.0.7871.187 mac #0-0]    ✓ displays nicely on the console (#inspect)
[chrome 150.0.7871.187 mac #0-0]    ✓ fails early when fromString isn't provided a string
[chrome 150.0.7871.187 mac #0-0]    ✓ fails early when fromJSON isn't provided a valid JSON string
[chrome 150.0.7871.187 mac #0-0]
[chrome 150.0.7871.187 mac #0-0]     instantiation from dogecoin uri
[chrome 150.0.7871.187 mac #0-0]        ✓ parses address
[chrome 150.0.7871.187 mac #0-0]        ✓ parses amount
[chrome 150.0.7871.187 mac #0-0]        ✓ parses a testnet address
[chrome 150.0.7871.187 mac #0-0]        ✓ stores unknown parameters as "extras"
[chrome 150.0.7871.187 mac #0-0]        ✓ throws error when a required feature is not supported
[chrome 150.0.7871.187 mac #0-0]        ✓ has no false negative when checking supported features
[chrome 150.0.7871.187 mac #0-0]
[chrome 150.0.7871.187 mac #0-0] 2335 passing (16.6s)
[chrome 150.0.7871.187 mac #0-0] 3 skipped


Spec Files:	 1 passed, 1 total (100% completed) in 00:00:19  

[14:56:54] Finished 'test' after 25 s
